User_ID,x,y,h_linear,h_dB,LOS
0,-19.68097468495304,-1695.8705195208518,5.695804901747452e-08,-144.8887454049489,False
1,-1341.8956065681168,3664.14787680031,1.5699500352027688e-08,-156.08173014078085,False
2,-1823.5158207466031,97.79650370309506,3.965009110030399e-08,-148.03489714936313,False
3,33.22192348411411,-2452.2717636782704,1.8359414055790193e-07,-134.72277635995238,False
4,549.1854032751992,2806.57652454159,4.866727195674828e-09,-166.25347538259845,False
5,4190.983187876704,-1978.40774175845,5.827238569307817e-09,-164.6892535882353,False
6,1683.38263623276,-3717.321378019486,1.4915679711363786e-08,-156.52655670550547,False
7,113.59358735667988,3676.431939258027,6.1167981184853174e-09,-164.26809716838812,False
8,-622.7567446043508,580.9644116973099,7.833430255765663e-07,-122.12094929022123,False
9,-3504.9435845318285,-2461.519424310165,3.8445464091554526e-09,-168.30083886174378,False
10,2234.3421236530958,-2209.4039321148407,1.887311168718426e-08,-154.4826695870166,False
11,-905.2235134560864,4385.401732612747,1.3922593684086927e-08,-157.1249731741923,False
12,-1377.4272772050947,2112.6339584765606,4.92162893760231e-08,-146.15764617164533,False
13,703.5708708449527,-962.8662658839335,3.842742756190968e-08,-148.3069477180288,False
14,4642.070134554517,-342.63813033143725,8.02390654295593e-09,-161.91120033264218,False
15,1440.5900498868095,1857.5320199868434,2.2100331339286516e-07,-133.11198500010423,False
16,578.4938095381009,-3128.910531400281,2.0084634827598597e-08,-153.94228874763692,False
17,-2530.912200525681,-1223.4766890650085,1.3002971877909942e-08,-157.71847956740277,False
18,-1361.9720826654407,-248.1925582106437,5.666175430810783e-08,-144.9340463754363,False
19,-3627.7015575488267,2814.320302506528,2.199735108642909e-08,-153.15219742074035,False
20,-3751.8099319643184,2673.462348348193,4.908522863274735e-09,-166.17921426310437,False
21,-610.024199399297,-4890.245163796181,3.0384128528416335e-09,-170.34420608702902,False
22,397.7984517783075,3078.3403404499045,1.1924011168707218e-07,-138.47147967370216,False
23,-2127.642979278126,4397.19666156122,2.4678727159604376e-09,-172.1500259954558,False
24,3190.343070209148,-982.6851557652834,6.404427363043508e-09,-163.86903778608342,False
25,-3987.76083438177,916.9949949787083,5.984237963544791e-09,-164.45837156112492,False
26,1137.665959941404,-876.4801230030771,2.0484463984776284e-07,-133.7714655119526,False
27,4470.969441910354,-1561.3765558129055,2.0818324438874444e-08,-153.63066733822825,False
28,-715.9861728160251,-2633.9041967306493,6.336323456816287e-08,-143.96311613969257,False
29,818.4965086954386,2426.4550336165134,4.566390729035389e-08,-146.8083483945396,False
30,-238.7454405331063,-266.9069898599075,2.405579995568455e-06,-112.37560031764158,False
31,-2099.4243952720203,-3028.6102572874674,1.92161699547107e-08,-154.32621137970625,False
32,3390.8362525909047,626.2097757913072,2.9068368496408073e-09,-170.7285992828654,False
33,-1317.8298432387082,-3764.6602029343244,3.8618894188898024e-08,-148.26377840877137,False
34,-4820.904945825847,-1101.8070862732927,8.512092016923554e-09,-161.3982534469742,False
35,-2547.6043418414843,-4028.1858277899255,5.999105443633939e-09,-164.43682234837382,False
36,2974.4393373662533,-3729.147023493727,1.5646296463530173e-08,-156.1112137788333,False
37,-3371.9655403511065,-1327.1172413782099,2.114421934506896e-07,-133.49612581255346,False
38,-577.002310085703,1505.83600718167,1.8664823022947452e-07,-134.57947593664272,False
39,-684.0595584489313,2013.685030470798,4.7826208333621205e-08,-146.40649936173148,False
40,1356.8603321432463,4688.809610522127,3.422574413676822e-09,-169.310404560268,False
41,-2028.8484609425238,2486.4831604477276,1.991924745556082e-08,-154.01410541873128,False
42,-3872.8075853271653,-2574.2551198768006,1.596179641124321e-08,-155.93782050583496,False
43,3553.2792146559336,-2044.1719129267256,1.1698463451392363e-08,-158.63668109916694,False
44,3864.6252473094337,885.6165055556102,3.569036034843545e-08,-148.94873797865085,False
45,499.0829333157483,2576.7975554739937,5.752301305227554e-09,-164.8016576202335,False
46,2290.244168348346,4144.087763654138,2.365132208947886e-08,-152.5225243110885,False
47,1739.1690267601543,1465.4608080539952,3.172802836440327e-08,-149.97086454124994,False
48,-1585.0866434485783,2756.3801279297654,1.6839226274881387e-08,-155.47304154737802,False
49,-4798.568842564815,1346.4952183423302,4.110134515907116e-09,-167.72076625830962,False
50,-1735.4356516769215,-3921.9179155824663,1.3107192981131163e-08,-157.64914346965128,False
51,-2295.225509254909,2420.428716964747,2.2151452114589044e-09,-173.08803572301355,False
52,-3494.400567887747,-1343.779709341962,2.9168143484669454e-09,-170.69884688765427,False
53,-2942.757478378086,-1273.407103253209,1.1885838412440468e-07,-138.49933048779303,False
54,2177.9226629939826,3664.880990321092,3.3155860350353934e-08,-149.5885319973396,False
55,-2829.568708538079,-1404.8000111275683,1.9214614390789814e-08,-154.3269145011053,False
56,952.503837146978,-3980.7493713847184,1.0467693457373027e-08,-159.6021503390314,False
57,212.4810889585624,4191.985446521555,2.413863706801856e-09,-172.34214750987837,False
58,-3806.026204679206,-867.8486681278849,5.402787917589174e-09,-165.3460340813353,False
59,-2913.337902345556,-2239.0453035385854,1.9731989352416916e-08,-154.09614236903883,False
60,2269.50894325534,-37.08678088718876,1.3484683398466222e-07,-137.40312050162095,False
61,-2229.0202888048207,102.49618365588336,3.052241037878308e-08,-150.3073388862032,False
62,-2481.004300428142,3706.4928546616907,5.261856448408196e-09,-165.57556951591678,False
63,-1776.3371768975064,2025.5729259250857,1.4640691975443956e-07,-136.6887086004403,False
64,-3491.730423019391,2051.070293421747,5.3568866546904165e-08,-145.42158871077888,False
65,2515.2036959093566,1078.9669889572767,8.614468391789269e-08,-141.29532953497463,False
66,-1061.3998226405586,-1576.5119336907376,2.3153026441652912e-08,-152.70746950169956,False
67,-2625.909421082256,1789.8369721243296,3.1418634497445576e-08,-150.05597742771963,False
68,-2250.5596732641325,1640.6460094097033,6.707107610491293e-08,-143.469165011713,False
69,2034.6596586729913,1394.672176675495,4.096302866926452e-07,-127.75213760709649,False
70,-294.6226708904785,3823.0614104741717,7.577994044995531e-08,-142.40880018768877,False
71,-1083.6707144089064,2226.9349130175506,3.901652745489662e-08,-148.1748051071938,False
72,4217.162505749723,-953.8373524455278,2.9241031741268235e-08,-150.67984911624868,False
73,1193.051447966361,4071.8907695149373,3.248872160477924e-08,-149.76508019970925,False
74,-1381.1223570192396,-3933.703434273985,4.391491749702366e-08,-147.1475607896126,False
75,-1327.9250125134522,897.3208041004284,1.172623470289662e-07,-138.61675427952696,False
76,3009.3253225648677,3812.482368166066,2.2983463291151285e-09,-172.76791220144594,False
77,3433.307209215901,892.128034233688,6.832904601002389e-09,-163.30662176198135,False
78,-4742.364436777865,42.661844426628925,1.5142917498646177e-08,-156.39523529992945,False
79,2157.497781160452,-556.5073541253274,1.2684743243870903e-08,-157.9336816571291,False
80,3807.1947256463227,605.3907758395336,1.3036812306609487e-08,-157.69590550777968,False
81,168.01650581460618,4909.886454461593,2.9364463734183275e-09,-170.64060106421584,False
82,2487.359103540279,-4333.647521136493,3.777631213161088e-09,-168.45330984572763,False
83,-713.3371842408093,308.81335154589596,1.202336348655248e-06,-118.39947324060866,False
84,1974.6323436259704,2851.913470617424,9.073356541136111e-08,-140.844544731186,False
85,1346.083909571231,-2339.5780282421933,3.156123477264777e-08,-150.0166450806919,False
86,707.8946020010901,1044.9399219048826,9.407312180435366e-08,-140.53059654382997,False
87,-2123.134100299637,-3119.761459746774,6.300437176980462e-09,-164.0112077828317,False
88,346.50220836026557,83.77551600443995,1.0530664693937733e-06,-119.55087605878362,False
89,2768.503317357243,2759.9509277399275,9.984001093463624e-08,-140.01382060429245,False
90,1216.1700313532106,-4502.828819831269,1.0644857055558893e-07,-139.45712172551163,False
91,-3959.2025337177643,2532.7360544182397,4.6147351684798264e-08,-146.7168761276393,False
92,-4420.752944658866,2077.241074644664,2.434883792879441e-09,-172.26686868297554,False
93,-2947.566024023386,-3131.8445090888245,7.705157985644038e-09,-162.26324183329632,False
94,1303.3096379658066,-1708.5689703118978,5.6621193115530026e-08,-144.9402662672293,False
95,1763.0532830086759,2785.4265648985365,7.37348320831022e-08,-142.64642829051527,False
96,3424.219640984479,-3228.344349506873,1.2653754250180888e-08,-157.9549256846727,False
97,-2381.5671078768355,839.2229257170458,3.16374924571815e-08,-149.99568436766256,False
98,-2544.7252864383477,-2146.4367180948684,1.236938030745611e-07,-138.15297092956035,False
99,2147.6204122337076,3288.03147194176,7.738175743613979e-09,-162.22610582267845,False
100,-316.10108918101145,1576.037078679445,5.449335727047506e-06,-105.27312710423996,True
101,3436.5008023617784,-665.7355046063092,1.241699545134758e-08,-158.1189700714,False
102,-530.3837715628565,-914.4960993664395,1.2962117612135586e-07,-137.74641383609222,False
103,-2454.428792636813,-1329.0846604352062,2.029593616383345e-08,-153.8513902836703,False
104,2646.080131226181,3435.0039444345134,3.2517277782897895e-09,-169.75504562851341,False
105,4064.4324338442166,-1169.558101984162,3.065172291120614e-08,-150.27061881261008,False
106,-4763.671379929737,919.9408013542211,5.263737020042698e-09,-165.57246634938656,False
107,2050.6722860910377,3900.9136548733545,6.942880894464814e-09,-163.1679547408488,False
108,256.2752562742221,2305.436155633297,9.889763985776383e-09,-160.0954032236837,False
109,3894.070644201685,-2731.390366424751,2.6087214182341516e-09,-171.66811700251372,False
110,-1182.4704886191655,3522.5512372185362,1.6558205078000874e-07,-135.61968240047187,False
111,-2975.257160662982,3502.8976601301174,5.748793208241263e-08,-144.80831517514903,False
112,4395.224125122138,-1935.004388695373,6.268175750680751e-10,-184.04333061731182,False
113,4452.222631774693,-949.6028699365711,6.713915165964519e-09,-163.4591893938926,False
114,-1044.1285465401759,-2960.5312913889393,1.0096403240061563e-07,-139.91658022036844,False
115,1531.5097044296801,-3550.940923162603,1.662965863265959e-08,-155.58181101697403,False
116,-1682.6237894251622,2825.9917148410955,1.589942735638046e-08,-155.97182405947316,False
117,-653.978309531117,-4114.120898118648,4.31995257088247e-09,-167.2884100142849,False
118,-911.9121265699472,-3359.4015112078127,9.617610296170541e-09,-160.3377534122635,False
119,-1641.983150293313,714.4227554849292,5.208278786453244e-07,-125.66609886481126,False
120,-578.321092763658,-3971.7511413745433,1.0408403986427582e-08,-159.65148272547782,False
121,191.13875295640483,-2254.1342864578082,3.1503716430460513e-08,-150.03248850110117,False
122,-2118.630997299334,3759.6982373041806,7.062895539653638e-09,-163.01911463393094,False
123,-1530.9886187272352,-544.5218171866387,2.391428156698775e-07,-132.42681691262263,False
124,-266.2182964064797,334.4624967863371,5.514231066097425e-06,-105.1702992118129,False
125,-2376.830259951349,-1647.08916097548,1.4060708304243862e-08,-157.03923830604091,False
126,-1902.6044907295275,-4539.987196857744,1.498219348950422e-08,-156.4879122413332,False
127,3274.0010485986795,2608.698788593148,4.616691039334207e-09,-166.71150256480402,False
128,2941.403761743278,1300.1085642114288,7.363543560123344e-09,-162.65708329404424,False
129,-674.0504090001756,-1601.3932399699277,1.5762816587884886e-08,-156.04677253592683,False
130,-121.68385142476018,-1222.4081352360506,6.29674257737248e-08,-144.01754328064146,False
131,4025.539807336551,1396.5389731647954,2.2202102436402262e-09,-173.06820664684764,False
132,4740.360224837937,406.52127448789537,1.1395663643067578e-09,-178.8575888011056,False
133,-488.7797528688905,402.171979989158,3.6856100775503376e-06,-108.66980990857533,True
134,911.9078052046153,-3711.057116597179,6.551797630684395e-09,-163.67146488209247,False
135,2051.997405734657,-3742.246371108137,1.8077791474852915e-08,-154.85661208932032,False
136,2529.3620790828304,-952.5051599849661,1.0848175986478576e-07,-139.29278549262273,False
137,-1948.1218938485324,-3045.449309197101,2.6001746421058084e-09,-171.69660976841118,False
138,2807.6606046235943,-3533.8844188102858,1.1688367601823013e-08,-158.6441796732007,False
139,1653.8204339732308,-3488.9901800656066,1.4546174974379448e-07,-136.74496414069947,False
140,-1926.8942213354762,2398.116374589272,1.0043571429754857e-07,-139.9621500660928,False
141,1325.6562046405263,-426.12294525447544,9.545198274833001e-08,-140.4042099214354,False
142,2556.1638881056565,-2374.590613757818,6.720849019413837e-08,-143.45138797703493,False
143,-3282.5591198167353,964.1852916613645,8.618819220856019e-09,-161.29003684640125,False
144,506.90433555666294,2069.158503553467,6.611818320306846e-08,-143.59345040164618,False
145,-700.7858547627915,1123.520158851328,1.6341900002567247e-08,-155.73341753212785,False
146,799.4945563750993,-3474.310256437491,1.56596750317896e-08,-156.10379044420384,False
147,1335.3867306604247,-2552.0649776912055,1.1132084440394605e-08,-159.06768993906877,False
148,-2281.602475195744,-395.8985398476674,4.543757992144409e-09,-166.84978475917939,False
149,1038.2790519048688,-1135.0766343011528,1.3215709637125448e-07,-137.5781245126733,False
150,2987.053898527074,3467.8195201072867,2.8149685698731904e-08,-151.0102204414402,False
151,1319.16606104124,-2671.6310866989193,1.586778030307214e-08,-155.9891290490264,False
152,-4416.145008579014,1080.4119902902735,1.4944081334842263e-08,-156.510034341598,False
153,188.21520072908368,783.3465191172652,4.1541518727057955e-07,-127.63033169163128,False
154,-182.3628698926211,-150.77537106024465,2.7566416049088233e-06,-111.19239071906853,False
155,4004.2966605444462,-2660.0849680436454,5.188874523791666e-09,-165.69686284027028,False
156,-1534.8485061479055,-3806.9109969062956,1.4396870519008742e-09,-176.8286069401805,False
157,1447.0568898856586,-4772.461719080589,9.5400698402735e-09,-160.4080585024022,False
158,-2439.5638402070804,-2456.8585237190155,2.991582721783994e-08,-150.48168933570264,False
159,-1992.2115042499313,97.62548941623973,4.543298281549434e-07,-126.85255587152886,False
160,-4542.998719998167,1779.9547605360412,5.532537400829943e-09,-165.13994300677223,False
161,-124.77902719239337,-2033.7611789453895,2.5502614237921668e-08,-151.86796538554864,False
162,580.7026841554309,-2982.4347551440273,1.802966085915522e-08,-154.87976710479248,False
163,-4817.176613445002,398.5085590491224,1.5362740348443543e-08,-156.2700608228879,False
164,1426.942761320586,-69.73350373725243,2.389524431881835e-07,-132.4337341430517,False
165,-2495.847425152165,2262.6971727803884,4.331431721700427e-08,-147.26717001449953,False
166,-4419.646537382699,-1627.5715886294252,9.773792675990625e-09,-160.19784890499096,False
167,-2615.9668826238326,-1068.570903663525,2.764866755693585e-08,-151.16620172049943,False
168,-3603.0424384505263,-3329.3443242802723,4.588148923668587e-09,-166.76535697346327,False
169,1638.7005443630403,4716.881971664808,5.9409402627976744e-09,-164.52143437366206,False
170,-3483.064250293891,-136.570603796864,4.0441405488942216e-08,-147.8632604149815,False
171,64.21970366611865,-2833.4017612247235,1.2976338025276204e-08,-157.73628765995164,False
172,-4931.5769818515055,-124.59303398860477,1.2516685439077939e-08,-158.04951932341152,False
173,-57.98074908840729,-4996.458910113971,1.3180799307972462e-08,-157.60050609500874,False
174,1215.8567683107917,3106.769998287439,2.511321179138879e-09,-171.9984968097537,False
175,1034.4987707404887,220.12423624422215,1.238361770456583e-06,-118.14304225771187,False
176,159.81015153815744,3339.3096296840586,2.182960187984322e-09,-173.21510565539285,False
177,2671.6949401673382,-3258.2842327842804,2.7403941301250694e-07,-131.24370773234241,False
178,2668.180640928202,2921.0606392416817,8.150429471947154e-09,-161.77532449430157,False
179,-535.8549287270084,4059.446236944177,1.7607929930010183e-08,-155.08534069395589,False
180,4496.699607943929,2019.3226914201275,3.1341318591275745e-09,-170.07488377298287,False
181,-3993.714461412396,-774.2905287108894,5.1622660596358175e-08,-145.74302406386605,False
182,-1429.7251945929884,492.0781715211737,9.394311657603784e-08,-140.54260826413125,False
183,737.4238315929999,-3768.219917658654,2.0255755152527563e-08,-153.868602425531,False
184,1943.3256101017366,1230.0450127045767,4.160734003044095e-08,-147.61639220180507,False
185,4021.0434977354776,1925.6427665349358,2.729308797921675e-09,-171.2757646295201,False
186,88.82764918567524,2957.999189390771,9.26352789385287e-10,-180.65510034761277,False
187,2944.9766737520085,-1971.8073770364756,4.24315005523198e-09,-167.44418539358932,False
188,-3936.3707797360585,-1446.8806922928827,1.404137528686297e-08,-157.05118848981297,False
189,900.4000020127951,-1865.4682346059453,2.1503375147423092e-07,-133.34982697341795,False
190,-2394.332224187236,-3048.5503486941634,2.9557698482189147e-09,-170.58364958346186,False
191,1595.4067678068195,-1206.4586663921211,2.313306712425966e-08,-152.71496017264832,False
192,-4531.73991783128,357.4819586697047,1.818731268575898e-08,-154.80415176392358,False
193,846.2782799976849,-2757.0552742223203,3.200941311523215e-08,-149.89417441933043,False
194,-3490.375795522693,-1218.4853185181005,5.152369697111072e-08,-145.75969107458934,False
195,-1027.379477428562,4439.848705239523,9.29669597049245e-09,-160.63249318219445,False
196,532.722927466724,4893.146516919927,2.17383165177398e-08,-153.25508228433233,False
197,2331.239863509217,-1659.4261481772737,6.057602840767712e-08,-144.35384069394954,False
198,-1471.8099380988456,-207.65595682792048,8.53189615063072e-08,-141.3789869832525,False
199,4894.458787557243,362.63104030569804,6.2107510818463595e-09,-164.1357191140741,False
200,3789.227418465602,-3220.9224863825843,1.0172663751518913e-09,-179.84277194242486,False
201,-4584.39748802642,-1400.0810148619705,1.3618408225597934e-09,-177.31109732088385,False
202,3768.540156290354,-2657.1125948593863,1.159255145472272e-08,-158.71567012296046,False
203,-2816.8611384207184,2099.4313253986156,2.1293931629378964e-08,-153.43447499913134,False
204,-3335.5212900316105,-767.9268695230538,2.347630593956476e-08,-152.58703481178404,False
205,-799.0706315495197,3651.753863325146,3.2279029912438284e-08,-149.821321430176,False
206,-454.58358740978264,-1570.3212677886495,5.65037635453681e-08,-144.95829876245634,False
207,4719.203395612834,444.4621411072861,1.2642797301395721e-08,-157.96244950307585,False
208,-2907.123534819151,-2631.9789019889413,2.872196736267065e-09,-170.83269271127907,False
209,-915.4057150541151,4895.219886488732,4.0132809519326436e-08,-147.92979229762378,False
210,3732.21444780431,1839.8329415293117,4.838133179563423e-09,-166.30464850697575,False
211,2889.224915556971,721.6305718580126,5.039611084756711e-09,-165.95033619708076,False
212,-2045.2237195202092,391.97440124643856,3.635325135146321e-08,-148.78889588838535,False
213,-975.9954951996784,-449.03700968205777,1.5762876812637368e-07,-136.04723526583595,False
214,-243.8207390139017,-2847.857804183045,5.055743590614769e-08,-145.92412740014487,False
215,2967.699148600929,-296.0108464324048,2.2349893349272954e-09,-173.0106054449902,False
216,-587.3756085590663,-3411.6960806561797,1.0272983046374071e-08,-159.76522310525343,False
217,4053.9291372081393,200.27898184025273,1.3475845105274193e-09,-177.4024366563657,False
218,-1128.340576543597,935.6296473908945,5.156427249100435e-08,-145.7528536585373,False
219,-411.94857461624673,-2690.9921345409944,1.1542241488800983e-08,-158.7534443729604,False
220,1775.5147285214002,1390.3689597892997,4.496151333433257e-08,-146.94298840753262,False
221,3235.520492214943,2415.6573796342004,1.0567245709770529e-08,-159.51994196018515,False
222,3592.800440566711,-1233.1643158927973,2.3713515668206743e-08,-152.4997148141053,False
223,1015.5858381214994,-4001.704488813096,1.2194235435484806e-08,-158.27619621968248,False
224,1999.7757413984975,-1193.37599467262,8.644943748899683e-09,-161.2637518868545,False
225,-744.9580611830737,42.2042128732076,2.7889298749684365e-07,-131.09121696638854,False
226,-929.4283956320353,-332.4412809231832,8.86272572133161e-08,-141.04855581163025,False
227,2961.573079679728,1626.9387309892002,1.039844541352336e-07,-139.66054814298934,False
228,-1304.3854028178828,-4498.758846608189,1.362270141679002e-09,-177.30836154191616,False
229,-1298.0277059370687,3434.2471841303804,2.5272666479791487e-08,-151.94663499821812,False
230,3512.2766284185127,-895.1228768390027,1.9443696636241057e-08,-154.22397656098536,False
231,3079.886336124604,-2029.7677328391735,1.7516556737971924e-08,-155.130529343737,False
232,2722.981383440187,2344.322253855627,6.60753128242868e-08,-143.59908398831263,False
233,82.81248774030419,4706.585926121575,3.106825141104747e-08,-150.15338421199604,False
234,2070.084386604648,2443.278657152784,1.1876036346019889e-08,-158.50583829002596,False
235,-2515.5400482462587,3762.9912886275883,6.6130278260118e-09,-163.59067964578543,False
236,4519.042689047833,-619.4176972264953,1.050176715282072e-09,-179.56648535554336,False
237,3058.3203326515218,-2345.4640338083473,7.646153358352529e-08,-142.33102631490516,False
238,-933.8139653772135,2021.9813170402265,1.153291065440464e-08,-158.7604683420976,False
239,-4377.955880730966,464.87555774007495,2.284297196472913e-08,-152.8245676298992,False
240,-338.04858561729446,-146.6486060088667,3.4275253525367053e-06,-109.3003839490489,False
241,-567.4928378740196,-998.303795093043,1.3463044375862472e-06,-117.41712800268756,False
242,353.2126993140562,3795.2587190824042,4.045174445305044e-09,-167.85910794291976,False
243,-2507.8362036907397,-100.4678887158282,9.552141794164218e-08,-140.39789385716216,False
244,-339.43055770967476,-2547.3683147701404,6.684707206741629e-09,-163.49705293560726,False
245,797.6126269882164,-681.2822226717119,2.1258393539441304e-08,-153.44898257257694,False
246,3395.144160395386,3300.532957002299,1.2179650277487667e-08,-158.28659051585922,False
247,3472.4465066164,-1370.5212892537834,6.985159638112054e-09,-163.11522989369536,False
248,399.67949458662594,-655.9810448604868,8.918276779994273e-08,-140.99428367400543,False
249,3516.3281579290306,1397.0668289152925,3.6366600326557126e-09,-168.7835578307985,False
250,-4172.560990740157,-406.20719490264014,1.8653442206877266e-08,-154.58435464846085,False
251,3260.626601849048,2690.2050872431864,5.1065024103630645e-08,-145.83735908219649,False
252,-2973.8463517115233,1518.8949246269951,2.0528858341013965e-08,-153.7522809462737,False
253,-3256.705354248783,143.52366710216614,9.088966310026075e-08,-140.8296145626903,False
254,-92.89533951196174,-2628.4396424929964,3.1290215374345526e-08,-150.09155136403623,False
255,4610.629869142003,-1533.8124952983105,4.990308095842923e-08,-146.03727876077576,False
256,3852.934498109669,-2211.638182681961,1.7526164512742854e-09,-175.12130777823785,False
257,2991.7104445993823,-3980.8446877359966,1.5093440827617762e-09,-176.41848203133247,False
258,4740.347505160825,476.2327612870765,1.909880314320738e-08,-154.3794221778301,False
259,2014.2270928767082,2475.601459197842,9.734650106696764e-08,-140.23350384882787,False
260,2906.481165427302,-1572.0931528420706,2.3010909579909447e-09,-172.75755041887564,False
261,-3340.850621005801,-2104.2460923725694,1.0018254867627697e-09,-179.9754927399929,False
262,-2192.5053859412733,1816.6223510580137,5.1812223337774024e-08,-145.71118778202674,False
263,379.87234798652275,818.7491021898863,3.84297313922645e-07,-128.3066304192583,False
264,1798.677408340543,935.5151482081409,2.4514191913198357e-07,-132.211612933636,False
265,-3658.7206875704446,-722.0130893983178,4.823541445090682e-09,-166.3308791690177,False
266,3066.9930821100816,-2004.9129752629992,1.9540668271637716e-09,-174.1767678633424,False
267,-4084.90242966969,-2758.4079700536845,3.367189310503101e-09,-169.45207013563117,False
268,3639.262009922618,214.38545323930558,4.1935950678245774e-08,-147.54806302331556,False
269,-3681.854246355178,1769.3851830446738,2.2595328670953813e-08,-152.91924233870404,False
270,-1896.3349082796174,1784.8045282462122,6.280568946691837e-08,-144.03988195205562,False
271,2157.680506821135,2273.488028950169,9.285007539463813e-09,-160.64341936117592,False
272,-600.9558970244121,-1180.9199733550709,6.662857298733108e-08,-143.52665940020535,False
273,-3092.3834480869173,1238.2978153878507,4.5376533886283875e-08,-146.86318220457972,False
274,-53.75556549024952,-2228.7711557922776,3.53716136038133e-08,-149.02665699891054,False
275,-1035.5741664320715,-701.7685983580228,2.204307582374953e-07,-133.13451670514422,False
276,-2943.6918427775176,3341.787059901707,2.0398813878040103e-08,-153.8074758986476,False
277,-1073.442331660083,-1536.143637541639,1.4299188339284508e-07,-136.89371152763954,False
278,-1490.9939774641468,4483.96546836507,1.1246536041094542e-08,-158.97885213053235,False
279,2128.735186645257,-178.53127364247086,5.670032569299806e-08,-144.92813574121658,False
280,-4491.178826545093,319.17311392104295,3.789124432237041e-08,-148.42899342210356,False
281,-810.624339658236,-4611.252025877652,2.5432867652315942e-08,-151.89175185874396,False
282,204.46457070898754,424.07780252431536,1.2559803242270985e-06,-118.0203363655659,False
283,637.2799405850086,-3876.8738931792,2.591636914548343e-07,-131.72848333927374,True
284,2501.485749074564,3740.0412839827823,8.184913105155839e-09,-161.73865739550476,False
285,-4796.935158918415,434.1539738677394,4.0050758705708254e-08,-147.9475681786537,False
286,-3800.824272227108,361.245264066097,1.96906302174884e-08,-154.11436656585903,False
287,3629.8728190262,-2532.1052678401707,7.011490029331381e-09,-163.0825548646891,False
288,2968.5479455492377,1950.5636345909882,6.2126449687430335e-09,-164.13307129622876,False
289,-2139.7287987995674,-3144.6718889688696,3.5363115384095816e-08,-149.0287440221585,False
290,2427.0052043683,31.41526727685893,4.470615760999403e-08,-146.99245881625404,False
291,-3255.3087234339423,326.79140241192437,3.916282219069253e-08,-148.14229859717256,False
292,1261.8986010550825,3828.849498140818,8.672990946367413e-08,-141.23652199114107,False
293,-2288.863954688542,1349.860327593113,1.0736619571911668e-08,-159.38183973840415,False
294,2033.821457608871,-2612.6907223437247,7.088646293720815e-09,-162.9875086292501,False
295,-4795.520299582441,-790.9171397751899,3.1097442120197124e-09,-170.14271396538913,False
296,-654.3186587292824,-1498.0402179888265,1.5883629929012446e-07,-135.98095011704947,False
297,-3068.2989065589463,775.3538864772669,3.740105181160739e-08,-148.54209145009912,False
298,3247.2172249270066,-3053.8954845819353,2.4371398157186825e-09,-172.25882786562394,False
299,-1417.770356192952,-748.2851960436581,4.864001015801347e-08,-146.25994828757828,False
300,1347.936970722831,3467.3913502189343,5.3988300571629326e-08,-145.35384597506098,False
301,513.1219449112178,-2917.0517489390263,1.6770418692176284e-08,-155.5086039784999,False
302,1289.3157608200581,3398.6418829290246,1.6183493709648877e-08,-155.81801763674486,False
303,1579.0686859253417,-2390.9327485905346,1.1584915375851649e-08,-158.7213929587121,False
304,1108.445714378496,-828.597479826447,8.317168700528071e-08,-141.60038535647723,False
305,-2753.498788737834,-3845.3018598323506,6.204162288826238e-08,-144.14619700832904,False
306,361.5198143435307,-4945.571772826092,9.317860261423512e-10,-180.60435937208555,False
307,-1716.2226013224383,2775.6891793445966,3.043063770396721e-08,-150.3334935018623,False
308,2531.101102185564,3350.2292458100396,9.308951130232252e-09,-160.6210519741995,False
309,-2034.4373026835863,2529.1091053923183,3.56215842023065e-08,-148.96549156601662,False
310,3314.420774826307,2845.540184081253,2.6017105178195113e-08,-151.69448670016075,False
311,-4403.044009437788,-743.07361338464,3.1820639362537247e-08,-149.94554900933608,False
312,-1103.6598073834014,2545.8623282461385,1.0434346155796473e-08,-159.62986280344373,False
313,-523.1319585044415,901.0684293787829,1.657116447272029e-07,-135.61288702826653,False
314,4940.753172796808,-687.6522015715138,1.238768270303865e-09,-178.1331896569672,False
315,2598.941789459618,3292.4249594987214,9.77080474023778e-09,-160.20050439329356,False
316,-4093.059833052383,-1143.0231763422007,8.06828266940037e-09,-161.8633014160116,False
317,-2917.6385430361893,-2787.2101546040153,5.4691729304261885e-08,-145.24140807403052,False
318,504.787158103271,-1175.7903719364479,2.0102401372796765e-07,-133.93499799107943,False
319,351.4829913029246,-1084.9450683857215,3.4248639974076506e-08,-149.30687978742745,False
320,727.2395557014221,-3423.1167118814624,3.260675447758198e-09,-169.7311851103056,False
321,-2713.377009819263,-3575.7743504269456,2.0018979932839667e-08,-153.97072724348902,False
322,-138.0071468602407,-4945.593889186277,5.220602123045058e-09,-165.64392447465522,False
323,3327.7711825143638,-1864.7524522047001,2.8372275884187405e-08,-150.94181038221987,False
324,-839.7380352789049,1276.5494333478925,3.980682767732466e-08,-148.00063042646016,False
325,200.86878675273556,2950.8947180249666,6.625873250685623e-07,-123.57512441474884,True
326,1331.5467339364595,4669.019716447343,1.3877578190482048e-08,-157.15310046963535,False
327,-3441.013333612699,-2133.898140601944,2.4155144896255633e-08,-152.3394474803839,False
328,-529.0673821258264,3249.04040786693,1.7541387643025246e-08,-155.11822592792868,False
329,4803.15590377683,-982.5103881296305,7.945154605288788e-09,-161.99685978593885,False
330,-4317.470548655872,479.66256108857755,7.230342335353654e-10,-182.80481798312832,False
331,1773.9433935673017,-978.0361388487858,4.873548385637351e-08,-146.2429161328405,False
332,126.47746697360519,-1890.3647457073678,1.7705234799804965e-06,-115.03796128269862,True
333,4044.517759036093,-172.3607838497483,5.5504917508917045e-09,-165.11180602356748,False
334,-197.65555443341157,-4945.1432945052775,2.308391084252386e-09,-172.73005030353886,False
335,-4267.958726788238,1430.8653128194426,3.2749559070238547e-08,-149.69562563921667,False
336,-4158.7299665911805,-777.963530583138,2.3314498541036197e-09,-172.64375368963732,False
337,3696.0775961212576,2362.7376351079583,2.3906817088106043e-08,-152.42920150977875,False
338,-260.26244567214087,-2001.289694425819,7.841033925017896e-08,-142.11242256832978,False
339,-3311.672276075314,1118.7167057416245,4.6671183174396575e-09,-166.61716289846325,False
340,-3895.5317960427224,322.13296427084396,2.535396530108628e-09,-171.91565699233604,False
341,1985.2507373342808,890.3326379801749,7.47593353107218e-08,-142.52657518832808,False
342,336.2235132485032,-1111.8486340459906,1.6856588171598874e-06,-115.46460131589748,False
343,997.310635244494,2354.6093590144824,1.8337612224122162e-08,-154.7326706538108,False
344,-971.9982813009223,4609.301526335758,1.4574972265130518e-09,-176.72188784796833,False
345,-717.5940161149252,-718.7496846302118,3.9122205057378145e-07,-128.1515112963963,False
346,-145.30338852888426,-2680.1963417959164,4.387818381521486e-09,-167.15304781593275,False
347,1275.0025762710966,850.5012988433327,7.470031368346104e-09,-162.53238880261353,False
348,-43.25397153904391,4125.430626128996,5.819499745650945e-09,-164.70079450816735,False
349,1814.470343865561,-1734.429911868726,2.136270003776369e-08,-153.40647056955189,False
350,3100.8115104053877,-1660.2235710646585,1.0078444516883244e-07,-139.93204363147368,False
351,-2713.2465809916075,-183.76503300239793,2.487832491283878e-08,-152.08322816339174,False
352,4693.730288099628,-88.84464170106615,8.942097567311124e-09,-160.97024062321043,False
353,-2147.446196696998,3664.0607005268917,4.7078406857780766e-08,-146.54338034733482,False
354,-1755.8759977505676,1361.9677889440875,9.167828460789882e-08,-140.75457568503242,False
355,-3779.0900613657072,-1099.446567252674,2.7076496190521986e-08,-151.34782993187454,False
356,1768.952896713494,498.141727965674,2.513885777296864e-07,-131.99305463071903,False
357,-2053.133175684426,1797.33947459606,9.641766517813127e-08,-140.31677770385232,False
358,-1245.517379716128,-2747.2598790788493,2.2120940312343278e-08,-153.10353567574853,False
359,3129.258136950993,665.5746611069234,2.2375126867389327e-08,-153.00430168563466,False
360,4318.077503487907,-2175.9863569902795,1.5782809473589389e-07,-136.03625868938522,False
361,-745.3802130916777,-840.0749382569088,4.4021926542769996e-08,-147.12642179852068,False
362,-2676.6964744096845,3613.858855074986,8.877038458989278e-09,-161.03365955951637,False
363,3113.6920216436893,2436.997034984898,8.325619990577034e-09,-161.59062510352277,False
364,4496.412409403164,-506.71048039019246,1.7278270597521758e-09,-175.24496896912888,False
365,978.6324246257966,-2366.012885385337,1.1740734188186354e-08,-158.6053551099124,False
366,633.0316582539455,-216.12590199967443,1.9397355024420243e-07,-134.24510492856473,False
367,-1133.808030963557,-837.9936185755861,1.105103224648129e-07,-139.13186447901987,False
368,-1402.5569725692062,204.690030548559,1.951596917295767e-07,-134.1921530247837,False
369,1897.108686903234,796.0562475979443,6.490213476671434e-07,-123.75480697920283,False
370,23.593627346991173,-2084.633264089934,9.766347002988485e-08,-140.20526804525537,False
371,3952.2031067060507,1311.1332263816469,2.7656965901193243e-08,-151.16359526282142,False
372,-733.3081281160273,-4026.3532891279606,5.820923152568075e-09,-164.69867062801595,False
373,888.2796024680564,67.69885292635027,2.3663173097840823e-07,-132.51850368104553,False
374,-3754.2756399445993,39.91124152111697,1.5787221968616396e-08,-156.03333552864723,False
375,2917.2611730164294,3839.676674560149,2.865356329726361e-09,-170.8533964294048,False
376,3510.8620954964176,-1416.4599947370796,5.2679598679680615e-08,-145.56698596433253,False
377,897.3854821109331,-3154.4003261461908,5.000676098265288e-08,-146.01925179712788,False
378,1082.6681239829693,1604.1994557228363,4.939152984913053e-08,-146.12677458048248,False
379,-3956.349305308134,-522.1355607098373,1.1519904323287921e-07,-138.7709471585691,False
380,-1345.7599004223064,-2804.5009898549524,3.6441980371930887e-08,-148.76772225738657,False
381,847.4698227536088,-2607.809876326711,1.3384439352733774e-08,-157.46734738631142,False
382,-1315.0625587222578,-1082.787589287378,6.381030973125554e-08,-143.90204682727648,False
383,2035.8252064847088,1844.1807254204282,8.083255749568756e-09,-161.84719911622335,False
384,-462.6970091578291,2007.1857444319173,2.155249176483021e-07,-133.33000994256275,False
385,-2886.4444736735522,-564.6627493986313,2.024976261921645e-08,-153.8711723427333,False
386,2009.6273848583185,832.3151326172164,2.163966958690288e-08,-153.29458611585812,False
387,1842.2091191666425,-3636.2543741390805,1.5723689722189644e-08,-156.06835830496112,False
388,-4.955029330371482,-4540.253915699466,9.327105777101414e-10,-180.5957544236246,False
389,3409.8385519208205,2704.4914892414995,1.051536129200686e-08,-159.56269004045458,False
390,-2785.6026795043977,1651.4145931242679,3.3646673122935215e-09,-169.4585763030081,False
391,-3.2244526024368696,2468.1164441304645,9.616737288404114e-08,-140.33935463830855,False
392,28.112445885444828,-3771.865025853504,2.6493312453928372e-08,-151.5369469250231,False
393,3079.4561191466623,-3601.506067827981,6.376621660976715e-08,-143.90805078442003,False
394,3933.307095001785,-1750.2205943958286,5.865519927434868e-09,-164.63238899550453,False
395,3796.2785822897654,-1706.460535329911,9.891394717627199e-08,-140.0947615319225,False
396,2635.409653594625,-1556.3759470479201,4.293645877931437e-08,-147.34327325052425,False
397,990.8358117139236,1851.0580576257162,3.394555980622438e-08,-149.38408462376728,False
398,-1170.5579976805984,-1702.0346349293325,1.7178957202165265e-08,-155.29955844791465,False
399,-2013.0491697854125,4558.393413369437,5.833147857581648e-08,-144.68179139581912,False
400,820.1197088173384,-1851.5381059557315,2.180951302052069e-08,-153.2266823790625,False
401,953.0805374807867,-4489.815220284802,9.50817488178387e-09,-160.43714330969468,False
402,-4399.168794947955,316.0848758092323,3.133252677073626e-09,-170.07731989037154,False
403,-2532.9865167332964,-2766.582675004586,3.844105973731787e-09,-168.3018337249352,False
404,-1871.4711706831358,4395.267243732816,3.320927699698772e-09,-169.57219648021845,False
405,-3471.612441408599,-3292.7369849715,5.402230587812477e-08,-145.34837686624496,False
406,-3576.7919264412453,-2917.740177548523,5.803787063332572e-09,-164.72427413665045,False
407,-1972.5584891023236,-350.86898358924253,1.778614614271627e-08,-154.99787453342438,False
408,-1194.517735116807,2606.1768231575793,2.1264415959722632e-08,-153.4465223579924,False
409,2482.1807351161406,-2462.1387348189423,1.5783920334443097e-09,-176.03020113853842,False
410,816.5527017707908,3034.1865149959986,3.822993803096363e-09,-168.3496564036679,False
411,1394.2403327307368,756.9804574961212,4.984177142633786e-08,-146.0479563487665,False
412,-4153.616586592029,1986.7610930541168,4.685340681846853e-09,-166.5833228556771,False
413,-89.41112250120625,2696.971885510662,8.255988300460539e-09,-161.66356661533385,False
414,-1224.1626987818497,2536.6290554356806,3.437699614815115e-08,-149.2743888282343,False
415,-4283.469399840896,-1035.7998076183578,6.240462856334064e-09,-164.09427219360552,False
416,2594.783779484393,1332.2485367686184,9.276305363857736e-08,-140.6524056331087,False
417,-1746.6424516567886,-4158.823299299663,4.38664661138187e-08,-147.1571490144623,False
418,-1016.8445013959162,-1377.9443082626815,3.739674363035299e-08,-148.54309199794116,False
419,3220.56080185037,2988.493754680015,8.40757771589041e-09,-161.50554915033834,False
420,1021.5224324578913,2840.065532019764,3.415525902624671e-07,-129.3308229038177,False
421,676.2566228430514,2498.952001555971,7.614409522070475e-09,-162.36613474637946,False
422,1531.0920895577153,3529.69933131049,5.483722119550947e-09,-165.21690741649002,False
423,-1564.9763971994305,2289.125861171975,1.6486200003351988e-08,-155.65706187358072,False
424,-921.8804981168125,3904.8451085653264,1.5891862708345093e-09,-175.97104000846682,False
425,-4113.382279219959,-990.5444052583157,1.2157399639116517e-08,-158.30247171449034,False
426,2776.0223356818638,-3823.286076672152,5.087272632478595e-09,-165.868592539925,False
427,2824.3176904698394,125.06011317690547,1.2093976199893746e-07,-138.3485459881436,False
428,4426.026049051622,-1925.4391078113558,2.2293348807445035e-09,-173.0325984705135,False
429,-3339.5465004417397,-3673.294730624933,1.3121747274546836e-08,-157.6395046997018,False
430,-2245.855336444418,-3026.55039799662,4.9947224045598155e-08,-146.02959897795262,False
431,1693.179760063801,-2523.580085112255,2.2108932548981665e-08,-153.1082516465259,False
432,-1675.7585257826918,-4603.090073903643,4.765852943245687e-10,-186.41898108698825,False
433,4485.957885008881,170.7715132624305,1.5169812345069805e-10,-196.32332600150608,False
434,-1948.9294478457646,3210.702054572619,1.3821781741722252e-08,-157.18809098654265,False
435,-2155.9165912907274,-3511.5497401764137,1.881684852044785e-08,-154.50860063529515,False
436,3963.9074632290017,-2275.9267578087542,7.627588306066659e-08,-142.3521412409974,False
437,2046.7661686160427,1777.6500459676681,3.2530762541673036e-08,-149.75384812791577,False
438,1290.3732702764787,1154.644196771163,2.3557417028520216e-08,-152.55707789304262,False
439,-1970.5853304988448,3018.7786323078503,5.359262898755103e-09,-165.41627818868687,False
440,-3171.479237020208,-1062.2727782095888,7.626106207104427e-09,-162.35280412076838,False
441,-720.7994001092114,2081.119988507588,1.4196070428432558e-08,-156.95602526448891,False
442,-3130.283876305449,580.9397789303163,8.759111251687547e-09,-161.14980756685026,False
443,3161.804078193494,-1588.177625986736,2.644580352070333e-08,-151.5525362247192,False
444,-3217.383450273079,1389.8141514127503,1.2962528526023633e-08,-157.74553544645548,False
445,2122.422598356598,-3067.8709231120124,1.3750885300349446e-08,-157.23275517207605,False
446,2107.585847986,-2865.9596479279044,2.9385391672939705e-08,-150.63707474519435,False
447,649.1050651480855,4504.600911962525,5.930006947837275e-08,-144.53874948368693,False
448,756.0649557668319,-874.3583571083287,1.0856497443814966e-07,-139.28612530510074,False
449,-3236.4801543475573,-3662.0614941267813,6.5460581944539805e-09,-163.67907597545678,False
450,-146.62089289105728,1694.6310088629236,2.6844509147429114e-08,-151.42256709732493,False
451,-732.7871234712295,606.3558611464749,2.2551485773727016e-07,-132.93645828320155,False
452,4809.983284527576,-935.8933353741597,9.049245471361696e-09,-160.86679282382505,False
453,4636.8903853359425,165.7712230517859,1.817616253509451e-08,-154.80947818853738,False
454,4845.79006531719,708.6819015515472,1.9040759638512574e-08,-154.40585842366812,False
455,-2447.2834103901805,-4345.377075502945,4.429449729016824e-09,-167.07104373776457,False
456,-381.95884286244706,3805.601021174856,2.833537015875756e-09,-170.95035734473828,False
457,-985.8366258112383,3570.0415264729786,5.25773459776875e-09,-165.58237493943747,False
458,1846.8638786398637,-1759.9205774468735,1.8637865370884838e-07,-134.59202999031316,False
459,-714.8136424585365,-1568.8266105027108,2.007919941780415e-06,-113.9450678148475,True
460,-1172.436428513841,4339.339767265303,4.3894596848588094e-08,-147.15158082990348,False
461,167.4772360768919,-4140.777830596083,1.1453403823521393e-08,-158.82055019914299,False
462,1571.9939925594615,1604.4689207261004,2.2077539481010836e-08,-153.12059318073804,False
463,-1331.8308459368345,4524.887290102205,6.4248074686794764e-09,-163.84144582014298,False
464,-722.7400012123483,-3528.9528432819375,4.010001310485852e-09,-167.93494392248783,False
465,1963.8888230032176,-1010.4829775034622,1.1410019859570992e-08,-158.85351077580668,False
466,2579.1406634448513,2421.796458178854,6.9353386277596695e-09,-163.17739426052853,False
467,-908.523435607448,-1444.6110252440744,2.5150557580254196e-08,-151.98870229759757,False
468,-3289.3267452930386,2049.4106500006624,2.8450009093363945e-09,-170.91529930977316,False
469,2984.8285770824705,3398.1092345710535,2.833037514456095e-09,-170.95188810496495,False
470,2089.788346244649,1285.313012180106,9.675242836852653e-09,-160.28586482070966,False
471,2120.4070468804666,3075.583025809069,7.783201777973737e-08,-142.17672261094503,False
472,-1041.756272846056,-1795.388478828315,8.85360086474784e-08,-141.05750310769002,False
473,-3363.2356131333913,2916.249178865351,3.154108880066368e-10,-189.99497160842765,False
474,899.1878887958204,2575.3141387223636,8.882813559018378e-09,-161.02801128779132,False
475,-3690.0978903894597,-3259.9700084745523,8.859417547914567e-09,-161.0509162293417,False
476,2912.6803251718075,-2403.4283386230777,2.7749145765851353e-08,-151.13469462550097,False
477,1589.2612706310995,-2717.4117725320507,1.397537234183402e-07,-137.09267009890524,False
478,-3327.4971380498523,1819.1754816770906,2.2057339294080326e-08,-153.128543747768,False
479,350.3490174408864,-478.333975903352,3.7831204812217436e-07,-128.44297359023105,False
480,-972.0275448884506,4359.590956899656,1.0043766015275675e-08,-159.961203506753,False
481,3739.7852448550047,1143.6453117929323,2.4658643746628066e-09,-172.15709453719907,False
482,3654.1637724643833,-3067.750844057576,3.243860467263471e-08,-149.77848893973515,False
483,-4785.862161126222,-899.0870239592366,3.8542020077143675e-09,-168.27905721069305,False
484,2399.5675188368705,3809.9308964862225,1.191297042009526e-07,-138.47952582047213,False
485,378.53639836299806,-1358.2005308720888,1.0383930117132769e-07,-139.67268121887565,False
486,148.99237888291418,4948.328791407523,6.720481886569562e-07,-123.45197877759932,True
487,-3877.140150790411,-1870.7222998366665,1.6499152477986674e-08,-155.65024084900398,False
488,4224.087930604668,-560.9782726218724,1.248626865656875e-07,-138.0712769358281,False
489,3017.462597233814,682.4192552788634,1.53428138702206e-08,-156.28133356794476,False
490,-1028.6719172927692,-912.1618968495828,4.767283844363936e-08,-146.43439759171707,False
491,420.6618268737121,3424.9146890343914,6.833557802838455e-09,-163.30579158241966,False
492,933.0497386508885,729.0841876553116,8.39257412415186e-07,-121.52208593702505,False
493,-3710.4136899193404,799.912135293477,2.3893872314474565e-06,-112.43426559372705,True
494,4307.058583100402,-1004.9181565458584,2.5369559391673017e-09,-171.91031843712423,False
495,-2732.0719750129924,-2133.646699978246,1.6426904168963126e-08,-155.68835678475327,False
496,-911.8018585604209,-3441.736872081873,1.7993181657383444e-08,-154.89735798968408,False
497,-542.0690766115499,2665.0961631852865,7.981096273227151e-09,-161.95766076862657,False
498,-328.89447372809497,-466.6581757987748,2.933218070133153e-07,-130.65308335171207,False
499,1123.2279251567263,-3252.956864665161,1.2274112794821697e-07,-138.22012703473615,False
500,4292.099017220147,143.26938312187104,4.5135580462381775e-09,-166.90769517267782,False
501,-1028.8946245300901,623.981967258734,3.9018287415130355e-07,-128.17461366919514,False
502,-4295.191042540836,-1658.507368480646,4.1046766711513736e-09,-167.7323051005935,False
503,1453.4749419322382,2104.1603181339788,3.365191333669734e-08,-149.45954665775477,False
504,-1199.2807269842708,3112.525535815568,3.7549913963760904e-09,-168.50550822434147,False
505,855.7396662483355,-3388.22056289398,2.7106757461550994e-09,-171.33524486597227,False
506,1271.344698205079,-1780.0620910325024,8.359678617388325e-08,-141.55610446681698,False
507,972.9337554003557,23.845414894860255,2.2009538452557582e-07,-133.14774182894107,False
508,226.27359428084193,3325.7705452199284,3.145273505384009e-08,-150.04655551505306,False
509,-789.1396408261845,2261.730630164743,4.063892724646296e-08,-147.8209415639355,False
510,4970.993675902367,-198.23749810689503,1.1437548493171809e-08,-158.8325816461758,False
511,-56.50226011698848,1456.7555484327067,1.3170644189649526e-07,-137.60779370603805,False
512,-980.69753817517,4057.3533933089398,3.086264665619969e-08,-150.21105523421969,False
513,1726.914403040531,4190.634225129446,9.349699120734365e-09,-160.583118343135,False
514,1300.432082055607,-3421.4174867659412,6.599355998037536e-09,-163.60865279275743,False
515,-1554.147219806163,-2566.364358576611,4.898153394446766e-08,-146.1991750377032,False
516,-805.0919246437097,-678.7269274054593,1.0095538212961066e-08,-159.91655013369268,False
517,623.9022278312264,3798.938468765858,1.6563779477136102e-08,-155.6162868279983,False
518,4344.431520530909,-1316.1402191651357,2.1594591669186443e-08,-153.31269785581406,False
519,-281.76856432791897,-2315.3275731513254,4.0998521200475584e-08,-147.74442430033972,False
520,294.2543179712108,-1817.877608778643,1.726291649105339e-08,-155.2572134684717,False
521,800.4722042742452,-3806.075031717942,2.931721103782512e-08,-150.65725066704675,False
522,-1185.1018246937635,3468.5952087032915,5.783985615439444e-08,-144.75530574567532,False
523,-839.8320153640193,-1605.4043273729162,7.65315153140825e-08,-142.32308025867556,False
524,-1093.1181824475316,-3645.470327355699,2.8274113654802263e-08,-150.97191281413023,False
525,-857.9195706631259,3906.92637563567,1.1707586814200359e-08,-158.62991039203055,False
526,-1184.851645463155,1890.9405634251823,3.0887868415607094e-08,-150.20396002747003,False
527,-3352.212963792306,-2334.3123380784486,3.4285235035996373e-09,-169.29532432878142,False
528,2855.0179178610656,3213.9540559206107,3.916870419649403e-09,-168.1389986407504,False
529,1578.3815786544505,1623.890807124447,2.3823731710344768e-08,-152.45943962480877,False
530,-102.56082344511093,-2461.1264718175703,1.3378254813665097e-08,-157.47136149717215,False
531,-134.11760203596637,4340.616615250451,1.3631285681655716e-08,-157.30862642592157,False
532,1338.254923444348,-707.2724400904586,1.2219902104577344e-07,-138.25857438595074,False
533,-3229.493017173788,154.82419757669845,7.06750857083023e-09,-163.01344422133778,False
534,4215.970666705723,-1567.2239921890614,5.342202768985034e-09,-165.443966889614,False
535,-2583.958298102935,-1167.6796274221444,2.568435969469275e-08,-151.80628696178573,False
536,-764.5696439231426,1572.7848420839437,1.858237652726287e-08,-154.61750747107794,False
537,303.30485023067274,3086.9070526915657,3.9467457812571754e-07,-128.07519492399655,False
538,-810.5250533114953,-3337.278687598201,1.60224505826901e-08,-155.90487909380616,False
539,1674.5351504271202,1602.2857527772205,1.0798832971590494e-08,-159.33165922373786,False
540,413.78536036036314,254.513832964657,5.013067697360425e-06,-105.99792687849444,False
541,2059.795917309537,-2206.5580416561506,1.4318482564503837e-08,-156.88145350011746,False
542,1800.378436960511,15.262729753621088,2.3938275602322916e-08,-152.4177799078935,False
543,1605.8020180643796,-1204.3691801106954,2.4878802287993903e-07,-132.08337571176588,False
544,-2440.870020620532,-3691.011583626848,1.3146433862996965e-08,-157.62318010377967,False
545,2832.2219394941526,-1720.4218774418052,1.0895173839668505e-08,-159.25451953115424,False
546,2081.083811564141,-1407.3303059291004,8.266683729754673e-09,-161.65232290274662,False
547,2210.609916734618,-1450.1358277102167,1.9981044123548834e-08,-153.98720172743754,False
548,-3980.7904261583085,-575.7781361158773,7.407002301242362e-09,-162.6059778283132,False
549,4758.767916028443,655.8939752470906,5.3668120193162455e-08,-145.40551048232956,False
550,3191.050505414519,-3837.693640323502,1.6865096918152047e-08,-155.45970816805013,False
551,2238.9966585603547,-2651.243164079135,4.145883542684329e-08,-147.64744852306586,False
552,-3001.445497617981,-2327.1627803745364,1.0657695719470401e-08,-159.44591871386726,False
553,902.6361643331894,97.0118400346056,5.716339763984144e-07,-124.85762412134056,False
554,-7.915774468679115,-4961.6255987803115,3.4981627661602044e-09,-169.120717110324,False
555,4150.250059259267,-2749.8007374966296,5.154903049737102e-09,-165.75390515205174,False
556,1106.0258637381748,2180.344158100626,3.5515655700111626e-08,-148.99135869534948,False
557,-4072.98246910022,590.7409083189743,2.4808130389371736e-08,-152.10776916737015,False
558,-2917.059583375842,3150.9425618145087,2.9147150836468836e-08,-150.70777983490277,False
559,2962.8372040193985,2941.6256546231316,1.4332927211885905e-08,-156.87269610442678,False
560,-2691.8636650167628,-2581.6742968494164,1.5164413786117237e-09,-176.37776154953127,False
561,-1486.8970716608733,3167.954226785755,6.168389164760706e-09,-164.19515667235376,False
562,2833.7364115682726,-1674.6563053702466,3.1691226280320056e-08,-149.98094503803188,False
563,3780.178661086328,-234.83332521160932,1.8222536056551428e-08,-154.7873469919944,False
564,3868.223935383895,-1582.3687363855254,2.6477488337161946e-09,-171.53918443014953,False
565,2388.8816946014567,-3677.9214468474806,2.277007839306489e-09,-172.84889571434212,False
566,-777.5883678788326,-3955.429514998382,2.6118168806758453e-08,-151.6608129555824,False
567,-2107.064204466128,-422.48804797767417,2.307312740288774e-08,-152.73749427518626,False
568,-3262.9986503607147,-3228.0074443132557,7.085963264568419e-09,-162.99079636815495,False
569,1999.5116794531546,-2000.5287347380356,1.2431043146667834e-08,-158.10914982554914,False
570,176.62112733714216,-2636.629675530519,9.82553604863502e-09,-160.15199096601404,False
571,-1770.5007059365068,-1987.7498798083138,2.2137421627505547e-07,-133.09742003025377,False
572,326.06455560111914,-3535.411354759709,4.419205147108716e-08,-147.09292019898683,False
573,3150.3244993972976,2774.9544987992576,1.8741895684333376e-08,-154.54326623846597,False
574,4327.222255748963,-632.5605437742809,6.081636779791386e-09,-164.31816232680606,False
575,-2767.2342098585477,3169.390264959824,3.379766020651361e-08,-149.42201030003895,False
576,806.1313108721457,-698.7419419224224,3.9515082354969983e-07,-128.0647201906918,False
577,679.4344989821665,-2906.8381039174037,6.63388399893822e-08,-143.56451160653035,False
578,-2155.9932635083856,-3593.1976001576395,3.042306981906145e-08,-150.3356538189829,False
579,-3179.6009001851075,-1958.6386977532875,2.3789639132614526e-08,-152.47187781075598,False
580,-684.8513528447425,-4812.209802696001,3.743784118729264e-08,-148.53355204149534,False
581,4063.9511507181137,321.32834007413317,7.844722641910417e-09,-162.1073409779582,False
582,3430.95715199451,3374.1693068338172,1.2462763940943339e-08,-158.08701569939385,False
583,-1957.5248197823676,1758.7567713117896,5.552696822404226e-09,-165.10835664350031,False
584,2608.062455636973,-3533.053512454007,8.816866913282047e-09,-161.09272920400974,False
585,-930.5866130709596,1590.453841055899,1.2824392451310732e-07,-137.83919627474293,False
586,1634.531948051077,3822.962001175102,5.222915622818128e-09,-165.640076928842,False
587,-3942.0930354818856,504.0153669293018,2.995483379282523e-09,-170.46776253759725,False
588,516.8835681850818,4051.1655119799407,4.282112042452157e-08,-147.366636630664,False
589,3188.8312651852234,-3289.0842111143374,1.2634738355125026e-08,-157.96798750988333,False
590,-830.8242021352188,3417.8938855050187,1.1790185788902138e-08,-158.56885035156506,False
591,3644.395811054771,1972.1849607438617,4.859293691850756e-08,-146.2683582884574,False
592,-1788.77097268663,1976.8088703347628,4.1169486943166805e-08,-147.70827992724497,False
593,2708.292337606609,2159.0603793255877,1.3897379679286544e-09,-177.13509377402772,False
594,-2612.749703254504,-3924.7735411908598,3.6023804935239924e-08,-148.86796724193985,False
595,-3950.2205847061127,-1281.0804457626846,2.4539638068762188e-08,-152.20228299180542,False
596,-1315.1291912902477,823.7403657226865,2.5796406500514785e-08,-151.7684790583562,False
597,-1317.8094739687567,-892.3985514423252,6.482146524044298e-08,-143.7654891297719,False
598,2941.3144198480472,-1739.5038830030521,5.336773134670008e-08,-145.454262417856,False
599,-4640.9524556504775,11.59634459425955,1.2757211930253465e-08,-157.88420375875245,False
600,-2410.7405679030517,2761.8117880542845,1.1215843223640148e-08,-159.0025870032245,False
601,2428.081208569613,-3009.039182790236,1.3630969276366306e-09,-177.30309538476183,False
602,179.58733083812803,-3963.0498612116808,1.1263160611295915e-08,-158.96602331442588,False
603,-1608.8651053170088,1194.0435704612696,2.3634386441898506e-07,-132.52907660246382,False
604,-2596.335071083923,3702.5708832893743,5.496466516311038e-09,-165.1967481427564,False
605,544.7895958131609,-3489.148892811685,1.212169149133003e-07,-138.32866381246575,False
606,-216.1780589827124,-1392.8405048814266,1.39627312884255e-07,-137.1005301897512,False
607,2980.385043985446,-2081.5337937176346,3.6446200341617895e-08,-148.76671651997012,False
608,1479.537598812479,-798.3032181135936,7.439233646828514e-08,-142.56931926345263,False
609,-4234.357859654782,692.9344443639533,9.445524572779896e-09,-160.49455882765713,False
610,1537.0967270859016,2830.7733651712383,1.0687703864640643e-07,-139.42223049348934,False
611,-2021.7349127634034,-1996.4973962913937,3.911116261476458e-10,-188.1318056127098,False
612,1418.9590208095299,1242.47437934328,9.139175076272145e-08,-140.7817650193728,False
613,3617.254130811331,-2949.19112843696,5.269504965127357e-09,-165.56295546401347,False
614,1009.8101802837558,-634.885462814686,5.904222172990508e-09,-164.57527516443463,False
615,3593.023018310738,-1695.3926010907553,3.948328021410251e-09,-168.06953586681303,False
616,-2896.0274627071067,-2969.3025387605403,2.6727810766889474e-08,-151.46040727370362,False
617,-1926.2536497688798,4524.85409713045,1.8208816179951973e-08,-154.79388876387696,False
618,1217.9734504850285,-2697.7957644382477,3.831321495705054e-08,-148.33280137072938,False
619,520.145899928142,3994.5575066960196,9.235498464915457e-09,-160.689852752168,False
620,-1703.5158523233254,-1711.3658351468366,5.381461900953328e-08,-145.38183319849372,False
621,-2699.388182739185,-260.4347281272184,1.4721232062904407e-08,-156.64052681747745,False
622,3495.615110594388,-2809.8996225888095,2.638422540164179e-09,-171.56982157663523,False
623,-747.0632135047307,3589.299103686905,1.0659151415010181e-08,-159.4447325323871,False
624,357.93927178425116,-275.735834247833,1.3316414123758132e-06,-117.51224762315437,False
625,2784.966599280745,2492.593283887937,9.187915691026376e-09,-160.7347146627825,False
626,-3597.9139462683625,1218.5706697621463,3.1040083982159136e-08,-150.16126242401776,False
627,3310.1680680376726,-1608.915542901927,3.833044568081973e-08,-148.32889601806315,False
628,2320.921340096764,-496.62633997920625,2.1845742157075616e-08,-153.2122663397236,False
629,498.4841043735912,-1169.9456384950647,9.167821956336075e-09,-160.75372920967166,False
630,2333.352917992221,1557.359095743886,4.829529147370696e-09,-166.32010586034855,False
631,-8.445360437298449,-3668.5024656405476,4.261073110987314e-08,-147.40941644286536,False
632,-3000.3494279044494,2576.8503358635676,7.3768089865912285e-09,-162.641451859233,False
633,2282.5330588587144,353.11664186400964,9.084041485157613e-09,-160.8334617045237,False
634,1838.4343377337445,-3795.9464817083385,1.7124233976050445e-08,-155.32726972364395,False
635,-533.7828967516725,-928.6796810315824,4.032770198019475e-07,-127.88790896122944,False
636,-2050.253286804227,2115.9416503629095,2.6255519751262548e-08,-151.61525678578982,False
637,3630.0445220047504,64.8446937009968,7.600791988461037e-09,-162.3816803676378,False
638,-2288.4106165682956,-3932.771371748001,1.900917417710786e-08,-154.42027807951357,False
639,-753.1283415914522,4305.342030403554,2.1052028675426538e-08,-153.53370836007323,False
640,3189.419380443631,2340.5627550181503,2.2420220087656217e-09,-172.98332930106852,False
641,3095.430096023719,-583.2408796192395,1.3508613794464562e-08,-157.38714132352732,False
642,2428.38526246463,-4217.166892484754,3.645307208177552e-08,-148.76507904027125,False
643,-762.0004493340045,-1569.239327463231,1.632532669159977e-08,-155.7422303493823,False
644,-496.43067418998083,4814.388161966045,6.175367281894075e-09,-164.1853377257354,False
645,-1224.8026085652882,3800.3102673281487,5.7690158479490297e-08,-144.77781480024487,False
646,3756.5389997412253,1922.8843784995406,2.9196849590384573e-08,-150.6929826596755,False
647,-3075.7009323268703,1167.3514633788425,4.860853400295377e-09,-166.26396281196241,False
648,-1619.3453246023373,3184.5559974558682,9.236580582605701e-09,-160.68883520159682,False
649,3768.2709846242315,1169.716730992314,1.4832316115304936e-08,-156.5752349570655,False
650,-2472.8167661598886,-1842.2485596222969,2.3134953607467347e-09,-172.71087370789874,False
651,-1594.0357069934585,-3761.2838034751335,2.1217752638648203e-09,-173.46191963462357,False
652,15.104087925420961,1553.9009306063285,1.5931990759136323e-07,-135.95454456486277,False
653,-3410.3431966644453,-1308.9293125887796,6.733241037751909e-08,-143.43538776689277,False
654,-1459.7090483316742,569.0024141297224,3.5978314637267693e-09,-168.8767698248596,False
655,-3102.667992552883,-1100.007243817859,1.2421224985765787e-07,-138.1166415078027,False
656,2554.655935617374,-4200.151109474132,2.2300724343611876e-09,-173.02972659223718,False
657,-21.428061404956647,1815.679340360936,1.943346713964798e-07,-134.22894949816856,False
658,-4682.206726593404,-854.9683208072756,2.5053648958663254e-09,-172.0191140162001,False
659,-2257.482089805681,-1837.7549126388017,4.2146496868677766e-09,-167.50270970819355,False
660,1792.493674892141,2565.1544767806195,2.201901163157307e-08,-153.1436491191594,False
661,-1914.3045526040614,2299.322439154523,4.251803048617313e-09,-167.42649458827432,False
662,2365.3748813346724,-4028.028619505843,5.1742148095092695e-09,-165.72143238158174,False
663,1971.888934558933,1727.6642063535223,1.2298477850736665e-08,-158.20226650512615,False
664,-3161.731741788554,1186.666893336023,2.1952375495144065e-07,-133.17032997926935,True
665,-913.1848563525601,-4131.149320747617,3.575791631912472e-08,-148.93231302109933,False
666,-744.5337501578836,-324.6948553682232,2.0826753641547853e-07,-133.62752669833233,False
667,-1719.7408022630718,-2913.4570015100962,1.6320208441371458e-08,-155.74495377440084,False
668,3416.0191539510815,-1935.0788911777265,2.8206686906262776e-09,-170.98987961517514,False
669,-723.0566665891546,-983.4797440587216,8.732350581139617e-08,-141.17727726902896,False
670,-2535.7184284206014,-3851.361674062184,6.756096425981341e-09,-163.40479767012326,False
671,407.70750912952434,-2706.4744707084164,1.6398064481663022e-08,-155.70361852933883,False
672,4820.902931051434,-29.681795510054116,5.862538379504847e-09,-164.6368045569878,False
673,1182.6047280828502,2791.234245545712,1.4760600124526984e-08,-156.6173312681635,False
674,-3552.077326236335,-2114.1200457163673,1.2992673571686722e-08,-157.7253609564244,False
675,-2784.084556778063,3370.83334135383,2.700165121625058e-09,-171.36897733351339,False
676,-4235.588787938447,-248.93812442219584,1.1093236536683883e-08,-159.0980515780828,False
677,-1337.13474371343,1383.7201998644634,4.408782731887019e-08,-147.11342904897444,False
678,-818.2236410596626,3020.893458035662,3.968947968565447e-09,-168.02430370409786,False
679,1440.1243069853056,4580.250299713519,1.7531363290189514e-08,-155.12319077714233,False
680,-209.09807697861223,2712.012175948939,6.444529446280636e-09,-163.8148280637934,False
681,2793.5963669482435,4135.600317190853,6.458570977415967e-08,-143.79713678113663,False
682,4191.469228447691,1642.308661452268,8.795630749357989e-09,-161.11367275506421,False
683,-3284.4525167555157,-3436.1787229232514,5.690504519461115e-09,-164.89545829905734,False
684,1310.8996582738123,3184.254420018844,4.845361553478823e-08,-146.2932969601622,False
685,1752.0490449762176,-4060.045296429969,4.7204884306773095e-09,-166.51842140304325,False
686,-2064.0663917669476,230.39228956894758,4.460594984752936e-08,-147.0119494422177,False
687,-2323.9243983212623,488.2699524753953,1.4588371606837007e-08,-156.7192682725633,False
688,-276.1421199075859,4724.969193997033,1.1551376589143787e-09,-178.73980904586085,False
689,740.754903851601,3990.0691081535488,1.4872706322013208e-08,-156.5516159562154,False
690,-1519.5792966262154,4058.4847045782626,2.6072822433478454e-09,-171.67290830407654,False
691,1805.5011426280632,4660.256506214878,7.170865736522238e-09,-162.8873569879788,False
692,-4057.295965107028,2296.5108119562956,2.263170602472233e-09,-172.90181705390802,False
693,3242.2317394447155,-557.2826032811819,1.5832660190355736e-07,-136.00886732379624,False
694,-2751.549257833802,1840.6177148650552,5.555669456352663e-08,-145.10511568313493,False
695,2064.7402095190537,-3465.504976788702,1.713340308746946e-08,-155.32262041042333,False
696,-4280.87170563196,-339.0456886938475,7.813532580329597e-09,-162.14193987651595,False
697,2480.4192344168014,3043.133318507698,9.813549311191664e-08,-140.16338931009685,False
698,2009.321427472765,-1071.5493849052743,9.898476884544909e-08,-140.08854478606042,False
699,1866.8749723651358,2407.3180090831984,2.6102558579333852e-08,-151.66600566471348,False
700,3953.196868905718,-2631.901803039019,3.939146194663169e-09,-168.08975327740936,False
701,-2192.3778360611163,123.21029175588929,5.6483280685987566e-08,-144.96144795022425,False
702,1894.2876038477566,-3893.54387466534,2.408837272972635e-08,-152.3634901715278,False
703,-3156.796027898821,3384.122221469118,6.216916392677935e-09,-164.1271024372452,False
704,-3807.3506852574637,2166.5070973591683,4.734647944906483e-09,-166.49241182362312,False
705,551.2401915832659,2049.9003800512746,2.490937129821627e-08,-152.0723959819357,False
706,-2127.1294507007015,-1845.4967915531856,1.7225638065718188e-08,-155.27598941560208,False
707,-4857.935071996033,-161.21447404973344,4.3597307581947e-09,-167.20881453729527,False
708,-535.7047053559525,2777.1669390734837,9.025215448116505e-09,-160.88988608901536,False
709,-3411.7500303397574,-3335.363947004813,2.3896120387581244e-09,-172.42981795570608,False
710,4323.865042638419,-672.3501361712941,6.238991089564551e-08,-144.09757347410067,False
711,3659.3382392179874,-3214.3924865588197,1.0462958472050211e-08,-159.6060798517173,False
712,-697.5354171994969,-3106.889881557087,1.2894054530377125e-08,-157.79153633970768,False
713,-3128.8437171909236,-1805.5004815908549,4.3695677902151945e-09,-167.1892427839818,False
714,46.84078818478943,-895.3171685432716,1.012963145993222e-07,-139.88804135343696,False
715,1335.1101082334615,1389.9743172163421,3.679007835406681e-07,-128.68536213519627,False
716,-3706.25620173614,-852.4081958150329,1.018280925213326e-08,-159.84179487664375,False
717,-846.0642441848136,-238.04237628526167,1.3328929264682165e-07,-137.5040295703774,False
718,157.98059308531546,940.7473316135369,7.20985789262132e-08,-142.84134543253404,False
719,716.87271960905,2113.0551440809427,5.3469191865667366e-08,-145.43776515059048,False
720,2958.1213784285987,-1366.9887629604655,7.879479483744912e-08,-142.06993918513854,False
721,1788.2179970604643,-761.7164267896219,4.68630152536391e-08,-146.58321008610278,False
722,-2687.5755338017534,-2493.5501788151355,5.12932434368793e-08,-145.79862742832046,False
723,-623.226598620319,-862.1486230080616,1.5750795987296292e-06,-116.0539443589108,False
724,-1611.636515390018,-2471.6089277822343,7.123136822749757e-08,-142.9464523328091,False
725,428.92417539990373,2926.005266283404,3.894731860572187e-08,-148.19022572055667,False
726,1094.52948767796,-2561.0409656871475,2.8657436968202413e-08,-150.8549499944718,False
727,2414.4998417859665,-1179.95020259957,5.815674012085377e-09,-164.70650549975758,False
728,-3356.596797700455,-759.359976989083,3.905301075140083e-09,-168.1646857369238,False
729,-1853.5663731457469,-252.89365121426795,2.228739538603053e-06,-113.03880974938805,True
730,-813.8510507450903,3693.787061525468,3.6998884467057194e-09,-168.63388010685372,False
731,1241.8293322506688,3860.1999830859295,9.02915199323306e-09,-160.88609879380326,False
732,-3309.668390253399,2064.782296706909,4.125276123398346e-09,-167.6888342628087,False
733,-1715.8481853153367,-2467.9690727575635,3.017348000864596e-08,-150.40720410568701,False
734,96.92248616367644,3253.464602401714,2.1042969934812353e-08,-153.5374465468821,False
735,4682.0383985306025,-1253.7008288861675,1.7210683798333944e-09,-175.27899215178542,False
736,3683.8166388804625,1692.6668975858056,1.905773034859651e-08,-154.39812068986643,False
737,-29.295464367694276,3127.8208511843927,1.6779317720701056e-08,-155.50399640883415,False
738,781.9125226217762,2961.2098791295984,2.1540590613179984e-08,-153.3344446381958,False
739,134.77449543799602,1842.2312135999723,2.17000203113735e-08,-153.27039693115637,False
740,-3629.6830160462714,2886.1420026239043,1.946391161149961e-07,-134.2153528998671,False
741,3490.259739302386,3222.3390349154133,1.6979702981196496e-08,-155.40088668874958,False
742,2184.233806240395,2975.171881144627,5.1648222171658266e-08,-145.73872428989606,False
743,-569.870847007037,4252.968494706907,1.5913961848430333e-08,-155.96388796277103,False
744,-3662.1995226754316,-2570.8613771298988,1.0791388380222544e-08,-159.33764868638104,False
745,-4097.234165720794,2463.576165641066,3.3583633286557985e-09,-169.4748604584622,False
746,-491.3550014704612,-3504.553665915392,1.4859697265964773e-08,-156.5592162588081,False
747,3689.460397370667,-3136.390807108889,2.2175751122653275e-08,-153.08204154683185,False
748,-848.5139585632554,4445.561925579471,8.028106785982351e-09,-161.9066553198201,False
749,-262.2006388602075,-1724.9876500374003,9.762907264662781e-08,-140.20832775059893,False
750,582.5833448273993,-3522.6618476435037,1.846243135764062e-09,-174.6695187715277,False
751,-4516.66867046799,-252.59700264319505,1.1614131915158986e-08,-158.69951706949135,False
752,-4825.392467363706,1296.8081867140043,1.506576994335066e-09,-176.43440997034367,False
753,622.8246694536026,-2846.895792941092,1.1895624313261312e-08,-158.49152505803093,False
754,-2415.710281198677,256.81454643686374,8.718908320159406e-09,-161.1897616230417,False
755,3370.7835566602826,-2139.601533030794,4.315480227862225e-08,-147.29921610642344,False
756,-516.6527759087221,-618.8127321542655,1.3523307851984159e-07,-137.37827707792118,False
757,1254.5381414013814,-540.9097098215019,1.1271269771347943e-07,-138.96046604821845,False
758,532.2554349114805,4314.317149729967,1.4605045297977966e-08,-156.7093471361516,False
759,4611.787951543808,-706.6974566292845,3.7757660714298625e-09,-168.457598280857,False
760,-4487.0755343784185,-978.10600605036,9.905822064474025e-08,-140.08210186363902,False
761,-3508.6101065737516,1076.1567804656192,8.36998200644583e-08,-141.54540573912539,False
762,2652.8044686743247,3949.786761448903,6.340465935419947e-09,-163.95620672226383,False
763,3239.8098690629445,3687.758479866722,1.0714706342230155e-07,-139.40031347846426,False
764,3579.245049756662,1654.893544923486,1.4026285992876831e-08,-157.06052696765198,False
765,1887.8800873158418,3642.694599440278,6.198842281408762e-08,-144.15364814724623,False
766,984.6993097200177,4649.802544646711,4.311433245053234e-08,-147.30736521649015,False
767,690.7998918864795,-4348.263204620549,8.71722112788445e-09,-161.19144239574018,False
768,-832.9147735062191,-4616.5248005288195,1.7504737516120253e-09,-175.13192733667142,False
769,3860.1203297013335,-280.536496701172,2.0307180010823662e-09,-173.84273143044732,False
770,-2029.1179584696965,2002.8056931985725,6.35034732972136e-09,-163.94268273574977,False
771,3100.903253251936,450.75483981745754,1.7733962395619622e-08,-155.02339456097323,False
772,-427.9728463953835,-2341.265908754538,2.8287864088547595e-07,-130.96796616003408,False
773,-254.79131027870255,-456.87522982953885,6.618151513443551e-08,-143.58513464734597,False
774,-261.9248729973286,-543.7461600174545,1.541626622275491e-06,-116.24041033531425,False
775,-255.1812730425962,-4547.499571365236,1.1858048431862673e-08,-158.51900314586135,False
776,-1150.7778943351277,-2660.944181487372,7.976648387151144e-08,-141.9634821361479,False
777,347.9031091749028,3937.3500196522987,8.113325171643566e-09,-161.81495184926973,False
778,-3040.49984802693,2171.5889141151547,9.288176985118778e-09,-160.64045525006264,False
779,3142.361041852318,-780.4010089079027,2.4548956667330298e-08,-152.19898540210818,False
780,-129.96763603050385,-2689.6543069019817,2.7821729567416253e-08,-151.11200531008868,False
781,3178.3065307058746,-729.3485403622956,1.892262113018138e-08,-154.45991511092507,False
782,3047.740116955429,-1646.3393549852458,3.62155677696784e-08,-148.82185419988636,False
783,838.6364022166273,-4585.972195774364,4.653935173498318e-08,-146.64340677595567,False
784,2011.204379285587,-1481.4735195877358,7.77576922338201e-08,-142.18502104198842,False
785,-1441.2446868849115,343.43411002226287,3.208560624070907e-07,-129.87376793963145,False
786,4306.450380044797,2455.013270813994,5.629814232238964e-08,-144.98996442534988,False
787,768.0895389779783,-3299.428600993006,6.447750831668282e-10,-183.79837431960465,False
788,2985.3518061054224,3094.8577577462293,2.8602782739106638e-09,-170.8687980557305,False
789,791.4090290010924,77.49148880923455,6.3087125129973854e-06,-104.00118388063089,True
790,-4051.657595881035,-289.5920495884135,7.427916471490509e-09,-162.58149049401595,False
791,1193.575552959576,-610.9589038355651,2.8126308498724775e-07,-131.01771439954413,False
792,3091.0715142089034,97.2086632222487,1.3740015436892126e-08,-157.23962344983204,False
793,3519.4006542649454,-327.0704451574404,1.3414283750702922e-08,-157.4480027400328,False
794,3007.504674820454,448.1606122683457,2.042813540395297e-08,-153.79500026131862,False
795,1583.382962556255,2316.912621473614,2.5240861671134707e-08,-151.95757235172374,False
796,-4390.858841249163,1890.5361292988507,1.9121495532294743e-08,-154.36910863745052,False
797,-2349.3330267291676,1141.0565723080672,3.592897951514648e-08,-148.89086060801466,False
798,-2328.5960034596665,89.43820840370887,4.073131694091869e-08,-147.80121771233016,False
799,1244.4458246246827,4788.877394365606,2.5859266163320862e-08,-151.74734019029836,False
800,1988.2910586584273,-2543.840903709465,1.1492224120568967e-07,-138.79184268007316,False
801,-868.2120907596952,-3849.702808772559,1.8616659220703005e-08,-154.6014984664884,False
802,-4123.126612558318,-2392.056562160109,5.6710826994458874e-08,-144.92652723032268,False
803,222.52938373480154,-4204.288555977339,1.038280704450359e-08,-159.672867813582,False
804,-2507.5795469614286,-2054.2609709726826,2.5869708069636288e-08,-151.74383369352566,False
805,-3454.3743086426352,3155.1992791529724,2.8032076860823437e-09,-171.04379649328482,False
806,1668.0422847048285,4121.027533678883,5.877742450573664e-09,-164.61431131924877,False
807,4560.820411315252,-1123.9212468529417,1.311266829362164e-08,-157.64551611763235,False
808,-4191.376908822501,-1373.076471194904,1.0352965799977656e-09,-179.6903187021729,False
809,-3676.9755150209226,-2605.2771257836594,1.4414247310759089e-08,-156.82355804744174,False
810,-1481.154654363072,-4607.309603667146,8.635955488372601e-09,-161.2727863717454,False
811,-2059.3514580085493,-1197.529434767563,5.460312654444834e-09,-165.25405919694592,False
812,1588.4846160957295,-3137.9718001108286,6.203978304618003e-09,-164.1451946530106,False
813,-1710.079456655787,2865.856999927348,1.4629224761298855e-08,-156.69498003683483,False
814,-784.610435405516,2391.828853159364,1.2940284978022931e-08,-157.76045198314827,False
815,3451.2180483644493,-1263.006254931711,2.4592117701372705e-08,-152.18372823394907,False
816,-3202.8753947050277,588.2476522937422,6.846100903365065e-08,-143.29100721076205,False
817,-4069.542396096082,1665.944497396168,9.973175592576508e-09,-160.02245980834513,False
818,1349.2160583479492,-2434.4568513171357,2.1827442337912888e-08,-153.2195450825971,False
819,-1792.1612420447664,-3759.6223365024075,1.6130169836383126e-08,-155.8466827265377,False
820,2932.3465303644684,-2990.6121765707944,1.4366546030689251e-07,-136.8528921674165,False
821,1039.981846897078,197.45608766845754,7.116674075155883e-07,-122.95444626014225,False
822,1819.6774625200724,-942.2637161213989,1.8223844996062156e-08,-154.78672313415439,False
823,-1756.3092814055851,2020.0368715743207,2.9695493139549573e-09,-170.54326467048753,False
824,3574.623255082056,-2334.41326502217,4.328790656539502e-09,-167.27066202169743,False
825,1646.6652381538247,-4470.389394171648,6.283005325499693e-08,-144.03651320039737,False
826,525.9846114211715,4587.920431866875,6.084709922502543e-09,-164.31377504566564,False
827,2569.6777023838063,1760.8946691030126,5.539086463619859e-09,-165.1296691444929,False
828,-2226.1470895103907,638.4169110122244,1.8665154917027424e-08,-154.57890268258103,False
829,4332.916648710059,1633.8478675281558,5.854838844219486e-09,-164.64821767597846,False
830,1355.5548873979283,-3715.933100530563,8.415562008921874e-09,-161.49730545139147,False
831,143.71869659937323,-2788.5236048757274,1.4586637643407524e-08,-156.72030066178962,False
832,1152.2609139498709,1006.0304753376906,2.3749966772601347e-07,-132.48670330062942,False
833,3231.6637905196885,-1682.0593302773425,1.506828692241694e-08,-156.4381459596616,False
834,675.4240611877275,4269.143320958176,6.684133490590087e-08,-143.49896775874547,False
835,2524.8927784558746,-4197.6882658561935,2.2157053530391908e-09,-173.08584059917476,False
836,-3706.4131454229173,965.5360185835965,9.117750100215788e-08,-140.80215103975124,False
837,3151.2403545560906,512.2097770616886,1.1435589076115977e-08,-158.83406966173783,False
838,113.27504674030858,1496.2134765820376,6.592763406803446e-08,-143.61851844049087,False
839,1653.1487367615757,3466.985791692374,6.54062472972869e-09,-163.6862874692244,False
840,2322.7693412959943,1472.1581851599663,1.2419085458968036e-07,-138.11813774868955,False
841,-923.2074211835542,-3311.0795435261407,1.1832639796215918e-08,-158.53763308667382,False
842,2986.3469827414374,2327.3093222647153,1.7406986618851536e-08,-155.18502911629406,False
843,-4302.227953329504,1892.639959326191,1.958391999050947e-09,-174.1575733934891,False
844,-1789.8027723551181,-4615.293097412032,3.472018853417228e-09,-169.1858571819688,False
845,3587.3270344913553,-1911.4843541398338,8.234719270742002e-08,-141.6869185566745,False
846,2759.398427513227,3523.9688439021083,1.0140414186732706e-07,-139.87880046060783,False
847,59.58576972663739,-618.4039172204469,1.0787877194411544e-06,-119.34127206956042,False
848,-2383.7683143392314,-1539.6949516250527,1.1587406741545197e-07,-138.7202000035465,False
849,1907.6652376457084,-3313.0655239598104,2.609226840342743e-09,-171.66643497792188,False
850,1452.7654735832475,-1236.94540987325,3.991076987553316e-08,-147.97798026259326,False
851,-2494.471917930584,-3738.740389628941,9.421848795382936e-10,-180.50806340307952,False
852,-3663.0457750120145,960.3868523053332,2.907393982664865e-09,-170.72693525125626,False
853,-4705.665166779146,-1344.774783454123,2.2380082551394433e-08,-153.00237821788124,False
854,778.4581160648272,4843.288118442427,7.566157917561267e-09,-162.42134405459916,False
855,3984.069433075624,1885.5666502409128,8.358498612639625e-09,-161.5563953992912,False
856,1274.423891810023,984.3030501258062,1.2739631617938206e-07,-137.8967944197248,False
857,163.31624317866786,-1764.7573132275431,2.3931689738969876e-08,-152.42016978606998,False
858,-141.67583548820767,347.3690907161155,3.3987989026572707e-07,-129.37346505699742,False
859,-3521.90761324759,2605.8669319866976,5.427310692829452e-09,-165.30670606357742,False
860,-1749.806248343208,-45.7831113880276,1.403849382919172e-07,-137.0535278196321,False
861,-1632.5248340001178,-2487.4827568271276,2.7342896367515524e-08,-151.2627920116457,False
862,-1649.8104214107332,-1696.8681411922028,2.4859166958914243e-07,-132.09023363648788,False
863,-658.71520475458,-3082.269818860048,7.79090278583249e-08,-142.16813280720254,False
864,-3597.202536178954,-3114.629816527128,1.050358622341185e-08,-159.57242099638978,False
865,3341.806572767544,3279.8954562338754,8.612619916853863e-09,-161.29628591512022,False
866,-786.216706905365,4080.3549765108573,1.575826346659046e-08,-156.0492816758509,False
867,3461.5452166090936,332.81074394841346,7.45841548308486e-08,-142.54695208770866,False
868,1621.9719808332404,-3995.378671556146,4.8638419784806816e-08,-146.2602322872721,False
869,1995.2069849602617,-3747.55954498444,1.9632729508570623e-08,-154.13994393041673,False
870,-516.1138745901417,4686.273261585734,1.2270350408675776e-08,-158.2221528485316,False
871,-2929.2434886096053,-2989.6645844012046,4.144447393071054e-09,-167.64857183613765,False
872,-777.9008179153371,-1507.0572496535615,4.2578304766906215e-08,-147.41602867963604,False
873,759.9022590625995,-3389.960394420326,1.0849187288713353e-07,-139.29197581095505,False
874,2835.807228250795,-4017.2942149544706,1.1808046122580324e-08,-158.55570362339512,False
875,2014.1684108745467,-854.8669535515498,5.28117021400497e-09,-165.5437521617412,False
876,3721.402886039759,2142.408879139483,8.414763587082543e-09,-161.498129461591,False
877,2173.1805294947626,-1719.9073021464353,4.8463348004088185e-08,-146.29155250992372,False
878,741.3196317244937,-1795.330218451126,3.030932744402921e-08,-150.36818743802738,False
879,-4782.213055241454,915.4546634375857,3.9221663961791824e-08,-148.1292582569057,False
880,-3183.6364715831246,-1188.6873473447881,1.2237466851121789e-08,-158.2454596827009,False
881,935.6241332392358,-521.2911321296253,8.94615326330296e-08,-140.9671762272287,False
882,1766.1082082020432,-2207.441984199021,1.581610760667084e-07,-136.01795286043318,False
883,4025.70957037004,2313.0231667337853,5.5390993040775945e-09,-165.1296490129173,False
884,-2149.3967060702316,-506.5540126930021,1.943901769293484e-07,-134.22646901636935,False
885,578.6031474920344,-949.5046929142937,7.077320902373808e-08,-143.00249951267165,False
886,-503.1593232032309,-1998.5800460738642,5.9176737623343107e-08,-144.55683284044557,False
887,-468.9073111186095,-3986.598400117682,6.357297439504961e-09,-163.9331831952565,False
888,-4485.302518090225,-2154.1051732377905,4.7940787952434824e-09,-166.38408503761073,False
889,-1696.7472550628795,764.0370541482698,7.369617172740391e-09,-162.6499229063376,False
890,-368.8075948570978,-1672.6459327733426,3.530487977979053e-07,-129.04328065804933,False
891,162.29987601755207,-2565.794074124974,2.0450949478083047e-08,-153.78530577540997,False
892,961.0601130780047,-1581.6564952360982,1.0876325380370675e-08,-159.26955759890333,False
893,-3087.7523123899346,3444.303118725048,7.675153311992021e-09,-162.29712719804547,False
894,-4388.0037017182285,243.64934350835014,3.603634722551927e-08,-148.86494371441512,False
895,-2690.337909879179,3634.5757651215763,1.510473218201958e-08,-156.4171643884107,False
896,825.5854273321746,3245.013753479834,3.5788591082643856e-08,-148.92486527308614,False
897,4697.984398186905,1440.1004538674213,1.040693838227315e-08,-159.6527057515235,False
898,4414.155736157299,-503.00360975228324,1.4018373830239119e-09,-177.05985338981867,False
899,-2016.6408577594677,4432.049602511554,5.3466291728794454e-08,-145.43823627199663,False
900,1700.0173621100246,-1091.7511349219435,3.765163743564299e-09,-168.4820160369952,False
901,-3820.6443868414854,2081.9085448674527,2.0597977460860498e-08,-153.72308675196433,False
902,-4607.965257746249,-557.1715534271475,8.537558423271706e-09,-161.37230891330515,False
903,1553.7591522251666,2135.27493231729,3.813295987661763e-08,-148.37376189438478,False
904,1474.4020164445265,133.42913651987374,1.1390588190318556e-07,-138.869000727849,False
905,-3323.288894726404,-73.79004665073187,6.585366175920442e-08,-143.62826953032692,False
906,-3608.75822922298,-2663.9414422091645,2.0013368113307228e-09,-173.9692573683102,False
907,2868.6965976447923,2060.7521502479426,6.896622385296664e-08,-143.2271451074803,False
908,3925.114583269876,2494.4268254119193,1.0465842247958135e-08,-159.60368642589756,False
909,1453.3679894621048,-4532.725244897336,2.2688979976126733e-08,-152.88331774758245,False
910,-3090.507954242608,1929.888162667297,5.4008060217291885e-08,-145.35066759157118,False
911,293.1797972492712,375.1312264038938,1.349791260757223e-07,-137.39460341099218,False
912,4255.525601000405,-953.7777210613958,6.4564460381550466e-09,-163.79878428669156,False
913,2384.0391794796633,3345.9144312750136,6.797831672953387e-09,-163.35131422111976,False
914,-1895.5897287642936,967.4163782260397,2.9200476973431935e-08,-150.69190363871007,False
915,-3264.696992742394,3212.552132582033,4.514795799619989e-09,-166.90531409447772,False
916,517.7012283080506,-2574.4573550798236,8.0248029001666e-09,-161.910230199846,False
917,375.1471065390526,4456.406616522117,3.298885559362867e-09,-169.63002242546662,False
918,459.0439029108914,3320.461121897238,9.115926651170912e-09,-160.803030784714,False
919,-1059.4107579884546,3837.400077366989,1.5675613753049148e-09,-176.08996966766696,False
920,640.0084497268205,-697.4548234013729,1.4509112614369663e-08,-156.76658433896475,False
921,-1077.2079251880102,1418.353825578469,4.7437562110079486e-08,-146.47736966316336,False
922,-2396.842105578875,-551.8754711173248,6.847500359546367e-09,-163.28809034205165,False
923,-343.0228030428147,-4280.520082232525,2.4015005975199026e-10,-192.35425252265816,False
924,-2045.3998340330845,2574.3364729043674,4.508661374370621e-08,-146.91885498132228,False
925,-2406.4350129445847,2762.017969939874,1.075949862391111e-08,-159.36335207414393,False
926,-1116.4985460020114,2611.0417752074604,9.765354379893072e-08,-140.20615088963365,False
927,-3230.452041914187,508.21333809477113,6.448327551143319e-09,-163.8097113074569,False
928,3587.5264505048353,-1721.4303212345922,2.0477903412165725e-08,-153.7738660464982,False
929,-1361.240182592283,-1658.412438139982,8.678390340367418e-08,-141.23111631183895,False
930,-3119.532945002639,869.9229491029066,8.71435246210153e-09,-161.19430089339647,False
931,-1646.500774974819,3771.1860059977216,7.698428106450239e-08,-142.27184600655272,False
932,3920.169402309014,-2417.9323061898635,1.0962993913409805e-08,-159.2006242845648,False
933,-3190.9644432869877,485.58184944596906,2.2939817613070562e-08,-152.7878221571892,False
934,1704.84252114536,3946.24710903332,2.313205685574096e-08,-152.71533949516095,False
935,-590.1114794445075,-1224.4677031574736,1.0046643287241035e-07,-139.95949389242068,False
936,-2848.654141940418,2340.650968109617,1.4287324971730193e-08,-156.90037361616513,False
937,-1337.5403296049135,-2586.2085043593393,1.207407121375452e-06,-118.36291814565419,True
938,-2958.3403283344496,-1557.4450781259814,1.599443527732381e-08,-155.9200787427726,False
939,1969.0781611491964,-268.1710023259471,5.802469823327674e-09,-164.7262453889186,False
940,-441.4100994699599,-1909.350396219255,3.0725102935048477e-08,-150.24985037712415,False
941,2764.0000893629845,-2136.737865112519,2.0982049768010485e-08,-153.5626277859958,False
942,-3390.789659485315,2117.230223621571,6.088959904491115e-09,-164.30771133392895,False
943,565.5335595793474,-4584.496324834128,2.860641132402728e-09,-170.8676966078167,False
944,-2951.9256299508634,-3792.0864972621125,7.479391910786962e-09,-162.5215129618727,False
945,-3641.169856661718,2207.959167215211,2.224159313756699e-09,-173.05277779156197,False
946,424.6429399858419,2878.9323561027027,1.4164045960155516e-07,-136.9761921305639,False
947,-1793.7017560352006,-2657.2210704976656,5.382871971975811e-09,-165.37810552295326,False
948,-3642.99390878022,-1446.2644659148384,5.451082726524777e-09,-165.26875126144046,False
949,-2659.8148188292294,3404.0808021184425,1.6179286570385936e-08,-155.820275816607,False
950,3477.57076394218,-241.5975853475414,5.352660833579137e-09,-165.42698291614107,False
951,3701.0372573252444,1770.3045934161655,1.211766057399579e-08,-158.33090756621334,False
952,-2034.5119424325603,-1867.8857462981393,3.3519405128485095e-08,-149.49381482231357,False
953,-1914.7677934402627,374.82437892705167,4.080189989837591e-08,-147.78617940236515,False
954,-1776.5206188583372,-2685.341107179376,1.0798356951589306e-09,-179.32480641897723,False
955,938.2231366815157,-570.43273730569,6.607029957352281e-08,-143.599743017138,False
956,-1587.4466698190363,-2544.0547574830857,4.0999130316660095e-08,-147.74429525793875,False
957,-2511.289441789066,-1736.5315673523467,4.177752373865567e-08,-147.58093820117975,False
958,-2384.5753259141743,4225.666420103977,5.877969851685838e-09,-164.6139753387598,False
959,-977.3920513156681,2650.1028880539657,5.253291012480079e-08,-145.59120546483405,False
960,2064.1754580978804,-4134.239233478518,3.865295450945127e-09,-168.25409923060676,False
961,230.034535537212,3185.2303326348247,4.018148116031572e-09,-167.9173197727013,False
962,4671.800370557215,-460.4150468639695,1.2040473831759185e-08,-158.3864070758045,False
963,4639.819243801959,-1199.5398610423026,6.5161079510874025e-09,-163.71890170353964,False
964,-877.9965383034821,-57.7671028825015,2.18386781397401e-07,-133.21543327357026,False
965,2235.451169454623,3031.108617639844,1.4687253000733582e-08,-156.66059710973545,False
966,-4662.534606513841,-621.7358566295385,9.604689893865979e-09,-160.3494287610965,False
967,-1624.2840292203139,4151.761849035437,6.707167300134032e-09,-163.46792229454803,False
968,1736.2797048773955,-2634.8333665161035,3.532822537556765e-08,-149.0373176950079,False
969,3443.4190354393286,1924.9049728107918,1.729519296144268e-08,-155.2409895649218,False
970,1823.5270829910587,2078.7490032380842,1.3301587404074981e-08,-157.52127757761525,False
971,-1820.3688789197095,-3398.508071524307,1.2351210264588204e-09,-178.15878012296895,False
972,3129.769002714106,-1251.8560988153863,1.1576474379723588e-08,-158.72772342802793,False
973,-3291.483202967808,340.9147188195003,9.7454996177773e-09,-160.2230265981007,False
974,-1410.3961467485126,-4360.3933475314925,9.926673089660865e-09,-160.06305064488015,False
975,1717.4399003308067,4042.3981285354976,1.821109606880967e-08,-154.7928013490869,False
976,3389.6343885364536,-3458.6695158316033,9.240022013837394e-09,-160.68559990368237,False
977,855.4252234524309,141.97824938644794,7.493938676550187e-08,-142.5056813970649,False
978,-2078.190794421214,-2199.1137099638304,6.156863337849794e-09,-164.2113990734382,False
979,-2536.694646918293,-2821.548089360325,1.5192677840297323e-08,-156.36674172826014,False
980,-2578.284354117244,-319.8249808613913,9.07371927051868e-09,-160.84333602258727,False
981,1877.344445489599,2024.048413365281,1.4941983175907075e-08,-156.5112538502736,False
982,-2265.8258328608304,1506.5940420185373,1.0746027431972287e-08,-159.3742328515491,False
983,2364.1291595904854,488.7875453516931,7.17552413178837e-07,-122.88291530831317,False
984,3734.6122443888867,2062.613388509783,6.872062182917616e-09,-163.25699453728274,False
985,2238.2783629030564,-361.12102726592497,8.696043213106142e-08,-141.213466333013,False
986,-1823.309198238517,361.4307656481405,2.535149510651412e-08,-151.91958584876954,False
987,-2175.2067923932,-124.54297073600314,7.435044079103879e-09,-162.57316088995853,False
988,-402.93879401741094,4568.147616466046,1.172554072935027e-08,-158.61660167367322,False
989,912.8249954320376,2030.186105316382,2.0524752960844966e-08,-153.75401804763735,False
990,-2904.203339531831,-3498.4731586216953,1.2047232229403136e-08,-158.38153340092805,False
991,-3922.0405037010037,-1234.4437597606013,3.195101874492409e-09,-169.90758772342645,False
992,1567.0094634473958,-4329.9372603551665,2.837788977780004e-08,-150.9400919751794,False
993,-2938.8807995137836,-3978.1185563613053,6.636988447855699e-08,-143.5604478955855,False
994,1017.6953574317635,-4556.927309109206,5.957596763671923e-08,-144.49843210773483,False
995,-2529.094762135775,-3097.7469612295595,4.0223805200482783e-07,-127.91031535072389,True
996,3543.4292526168083,-456.01057693637233,1.3246171650360715e-09,-177.55163761995507,False
997,-3465.955976822796,2425.1971642950493,3.3826761432426633e-09,-169.41222421250245,False
998,-2228.290221592201,-1754.1521944424694,5.253194789081154e-09,-165.58987661251803,False
999,-2213.2067499323284,-2169.0690632449046,1.6745010220502895e-09,-175.51710605820756,False
1000,3210.6214079931024,1640.472543607199,3.9256137857309766e-07,-128.1218264717451,False
1001,363.619735488854,1660.8339043890621,2.7046630722067826e-08,-151.3574154314052,False
1002,-4552.642654303335,753.6725023669298,6.999546769806113e-08,-143.09847751341405,False
1003,-119.4604873707808,-929.5553138606707,5.774548610568986e-08,-144.76948875212372,False
1004,-972.2303752545589,-3198.1093361735625,4.828928720269293e-08,-146.32280423319256,False
1005,3370.287792062209,2515.840541129806,2.633828931565368e-09,-171.58495152924831,False
1006,-3259.353627218039,1452.331339677382,1.382405590032763e-08,-157.18666207980743,False
1007,-4016.943232619138,1250.7635789358667,1.2496114930750602e-06,-118.06449283120428,True
1008,3045.2660687165635,3668.3430554839356,9.150932274844842e-11,-200.67628996917873,False
1009,4397.22496352223,-1057.2194259220194,4.378106486526746e-09,-167.17228987921908,False
1010,1395.181819313805,-2418.6630280679697,1.5327971106217962e-08,-156.289739887763,False
1011,-411.0983742784806,-2472.2658140159965,9.180602858972075e-08,-140.74248137360433,False
1012,-481.96718700312397,3636.7435189078697,6.041255107807958e-10,-184.3630907553396,False
1013,-656.9962691967081,120.34814146784093,4.462768624962683e-07,-127.007893113925,False
1014,-3067.9147272442547,1864.8708280599726,9.850152983348199e-09,-160.13025873014598,False
1015,-440.0238319879201,-476.0131354489507,1.2590060971833694e-06,-117.99943643423852,False
1016,3535.202727953655,-1678.7388673334979,1.0572263257970506e-08,-159.515819087896,False
1017,3147.3460583416563,2585.6469357733026,1.454673817177913e-08,-156.74409047840481,False
1018,-2804.736611887217,-512.0811602854592,5.248321479573419e-09,-165.5979365860566,False
1019,2424.8303035693607,-2510.162668893102,3.985172150171904e-08,-147.99084031455604,False
1020,1917.559527453479,-4124.9321700678365,6.623430805516378e-08,-143.57820878953672,False
1021,-4571.61520664916,705.5213467960701,1.2278790062688863e-09,-178.20981750088006,False
1022,-1334.7955310459022,-3272.645657196271,1.8471117721301085e-08,-154.6696662471743,False
1023,-4656.231433391565,-819.6208997862695,1.9474380438585873e-08,-154.21028099838162,False
1024,-3462.4345311603056,120.82410363403389,2.7191676272301077e-08,-151.31096095079144,False
1025,-1204.0492035048958,1702.9749681285834,6.006928427693227e-08,-144.4268062558054,False
1026,-1819.1675450797065,397.50603377190725,3.548242274393711e-08,-148.99948989230262,False
1027,4772.196464674603,-374.62122992027616,2.506158736701981e-08,-152.01948192205273,False
1028,-1612.8888314054686,-1393.120048975555,5.9378403441428405e-08,-144.52728339764798,False
1029,-2147.6646170228564,-3095.7714511187605,3.71756356724752e-08,-148.59459829181463,False
1030,1469.0042819443777,1693.6804120615784,2.476611225028023e-08,-152.12249255046262,False
1031,-2686.0398539936805,-1203.996916909016,1.813847015787452e-07,-134.82793901698452,False
1032,-1620.2807877723112,2.4854441153805324,9.459014003993717e-08,-140.4829908051491,False
1033,396.8747858516761,-126.4226023085487,2.130657233059641e-06,-113.42972414884002,False
1034,3224.555560776213,-131.14406709381845,3.001471237107285e-09,-170.4504228866638,False
1035,2141.6631701879546,3396.5948960840124,8.293343612102797e-08,-141.62530207608523,False
1036,-2168.568071130306,3391.010999198433,8.957738857503966e-09,-160.95506245357922,False
1037,-744.4825435091668,1130.1504508875457,3.2841293341366586e-08,-149.67133048371605,False
1038,-55.83930585065234,3824.101326092749,2.3815255023757863e-09,-172.45924884017842,False
1039,-22.40150204306324,-951.7548771387145,2.5058223968442044e-07,-132.02095960506495,False
1040,-3675.7816207674323,-2390.702549168304,2.86590418950442e-08,-150.85446358179288,False
1041,803.1543569486525,-1281.4704426123933,1.3437600136499054e-07,-137.43350108918048,False
1042,-1014.399529859046,3929.6356223808593,6.152068471695173e-08,-144.21943560546617,False
1043,3377.550788701003,3258.3048999032308,6.165266745823985e-08,-144.2008216872846,False
1044,-3311.817024465542,1018.797273751605,3.876967554833986e-08,-148.229932633784,False
1045,-4743.340351487416,-824.7225019831405,9.806499115844723e-09,-160.16883444700963,False
1046,849.206443225824,-489.9613367106204,5.614768026958708e-08,-145.0132089406316,False
1047,3327.802393468353,-1350.583222482832,9.852318457114624e-09,-160.12834961360034,False
1048,1569.4084010355216,-1412.3157314337302,1.369508873202229e-08,-157.26806878040793,False
1049,737.5234745670756,-2325.2586537990105,1.6913943273846394e-08,-155.43458908657328,False
1050,-4066.0473516762586,2054.52259632372,1.9780387583003517e-08,-154.07486495396236,False
1051,-2551.390551641564,-3229.8942743692387,3.0135418475534724e-09,-170.4155736585275,False
1052,2204.328746646814,-3912.369033818384,1.1423799040239545e-08,-158.8430286067511,False
1053,474.8045372873943,-4316.961678507893,7.651323960068944e-08,-142.32515466829545,False
1054,-139.26617156120636,992.1637421688254,3.492754940405895e-06,-109.13663520072026,True
1055,-1151.5254296140115,3636.2337823277844,4.207075164951832e-09,-167.51833022769344,False
1056,1194.2397643527506,-1571.3824954098118,9.552932035932913e-08,-140.39717531705068,False
1057,-2427.625511317844,4082.107475898883,2.0407707029225514e-08,-153.80369017305713,False
1058,3342.1581803252047,1597.4293309290963,1.289639667290628e-07,-137.79056499131804,False
1059,-204.50737821984617,-4556.94618460547,2.003008864121606e-08,-153.9659089442082,False
1060,2509.87475526205,-2414.4337683627095,5.332580991114096e-09,-165.45962211411066,False
1061,-1028.9905162129223,-2699.5074515530473,5.906294533900269e-08,-144.57355093010423,False
1062,-1949.6646841500453,2343.8617205147298,1.900250915605176e-08,-154.42332391105873,False
1063,256.07454822434,-1032.331666878575,1.5791033314100348e-06,-116.03178350421916,False
1064,3596.577081609658,-952.9550743456143,5.405233924394878e-09,-165.34210333154746,False
1065,82.657425986026,2598.2616597459137,1.4354025704415841e-08,-156.85992051019593,False
1066,4191.733652675078,-1578.1553042105704,1.1482193292521662e-09,-178.79194156037244,False
1067,-2546.5976900185233,1749.4233386515457,1.3928793462836086e-08,-157.12110645632413,False
1068,-2783.500583962895,-2599.4411250854887,4.565932830460835e-09,-166.80750751725668,False
1069,-2199.6896180944273,-2117.303162341278,1.5377629382039277e-08,-156.26164738476487,False
1070,-4585.576485708321,602.6671172542539,1.3656283485923194e-08,-157.29271351586732,False
1071,-2176.200744454731,-746.8955811468926,4.5177960814560295e-08,-146.90127525480824,False
1072,-25.41401638685498,4071.7245616278424,1.3329816452006439e-08,-157.50286502411188,False
1073,1815.9632380986227,-377.1189841716034,1.7702898385842348e-08,-155.03862183542822,False
1074,2830.896819043835,-2664.599869333134,7.717392711561336e-09,-162.24946256627678,False
1075,2233.311250071722,629.3144614703386,1.2207436974016684e-08,-158.2667986899991,False
1076,2653.5237477539335,663.7261870527491,5.145647599003655e-09,-165.76951135443582,False
1077,2297.67640940269,2133.995349292633,1.4637571949550062e-08,-156.69002576702863,False
1078,2658.2168015450216,-3906.247653211095,6.237602088009482e-09,-164.09825427518814,False
1079,4208.730598777728,577.931036278549,9.640750036772077e-09,-160.31688263660334,False
1080,-2033.2670272587523,4321.6949158393545,2.0147675616850624e-08,-153.91506989983358,False
1081,-2644.379144324941,-1448.0547491335021,9.973704891049541e-09,-160.02199888743007,False
1082,3338.4078110936744,-2008.4151616139395,5.9661466384913285e-09,-164.4846657907798,False
1083,-3279.409642990343,2423.61172353814,2.590112418125389e-09,-171.73027488569147,False
1084,-0.10291083922745552,3122.6753060174874,1.3070224912129571e-08,-157.6736742504516,False
1085,196.77796193813688,-3322.4200537566117,2.737112323333862e-07,-131.25411586647192,False
1086,-779.9042840241653,2227.2651342940476,1.7586842684691724e-08,-155.09574855205852,False
1087,2733.2466126835848,1184.7217320418733,1.9950173723376795e-07,-134.0010228258739,False
1088,1112.0142384875305,2848.2125579730473,3.565891143521526e-08,-148.9563947954203,False
1089,-3382.1199084528116,-2976.2346516173616,6.224214645820993e-09,-164.11691338942046,False
1090,-2723.32751028222,3501.6460494554585,7.458905689412838e-09,-162.54533325973296,False
1091,-943.2907397528812,-923.210191755193,2.596249141725832e-07,-131.71303922507067,False
1092,723.032177054185,-4108.3164690771355,4.750196234711506e-08,-146.465586127128,False
1093,1467.2070350357255,2312.769032934757,3.7243987394449985e-09,-168.5765447344324,False
1094,715.6444008664173,1530.4464327225753,3.221602940443086e-08,-149.83829013044013,False
1095,-4248.467216616014,-946.7588574990172,3.34341109100024e-08,-149.51594463664688,False
1096,3483.9559946831137,-1130.100804241489,3.7476991722826014e-08,-148.52447378101206,False
1097,1899.9788980501921,-3633.2548102820806,5.814112759116889e-09,-164.7088371915827,False
1098,-1909.5781167158789,-2378.3245685450156,4.997647959394611e-08,-146.02451298981828,False
1099,-2848.847397835624,-1186.1562444044234,2.1395816693419905e-08,-153.39301667817213,False
