User_ID,Rate_bitsHz,Channel_Gain_dB
457.0,11.079036889265085,-95.33661831543183
1824.0,10.944231970250327,-95.7318196570234
1263.0,10.82583293666326,-96.6113641565285
1605.0,10.799480675640885,-94.98711257963892
103.0,10.654574571038689,-95.00256663520078
1413.0,10.621692767579097,-95.75175009851884
1725.0,10.556470694912315,-96.66866792261104
844.0,10.513399640489178,-94.98456490266348
150.0,10.47754330187095,-97.35193698751245
1438.0,10.447259397583307,-96.8873793363352
466.0,10.435933593695234,-95.77116913574216
1335.0,10.433065740393788,-98.88420354592454
90.0,10.416382427127118,-69.12935032122701
1740.0,10.323962223191598,-95.42273732298774
492.0,10.322601749632106,-95.14043263073836
536.0,10.294842732490746,-96.5324872595564
1604.0,10.195798484257772,-97.15937336578976
1050.0,10.15009735834429,-95.68602863112702
1153.0,10.142846185732147,-98.16161440021722
1876.0,10.137698881025209,-64.14461111874257
1667.0,10.123403856752267,-95.0571202760665
820.0,10.114866287558302,-96.18270150157517
695.0,10.063260855801357,-95.73751744035611
1772.0,10.058610640414088,-67.67299559998281
1787.0,10.055265052179362,-95.50725332134692
104.0,9.987826734935037,-95.43415049643158
1002.0,9.985583587309872,-95.51887163695524
1871.0,9.962055514370537,-96.323467272876
1171.0,9.957001975470636,-95.640735672311
488.0,9.941772390216107,-97.11100181585552
434.0,9.939193721053208,-95.87436708750188
73.0,9.922023364840166,-95.40892504067271
168.0,9.912143418398754,-95.2567838366716
1070.0,9.898925452991083,-96.25542336928292
1131.0,9.893814406564712,-68.90117414604103
1621.0,9.888879872881493,-55.64128050982503
498.0,9.885747275782194,-95.94911373489651
1478.0,9.885206638741506,-97.16275612615452
412.0,9.877883374011818,-98.820944661924
1410.0,9.877349385429607,-97.35385221182482
1389.0,9.863403671331401,-77.57566042114375
1068.0,9.857873204275977,-95.57768990447464
1003.0,9.84472370948451,-98.90144933718004
37.0,9.834609860066204,-96.43841145316983
903.0,9.827676373110897,-95.1304133486624
1143.0,9.82426552008907,-95.28968436124885
1706.0,9.802244548060974,-94.97804035333952
384.0,9.801404890355348,-95.48885807301332
111.0,9.79425718644059,-95.37828710041369
880.0,9.77944377558708,-95.01818585988454
58.0,9.778019353476736,-96.76120997679148
817.0,9.774442009014866,-96.55904395959956
1078.0,9.771194474157888,-97.01790440419182
847.0,9.763854216590225,-99.4819207450013
465.0,9.74000462256774,-97.09525011108376
1676.0,9.736420919924429,-97.90238694855564
988.0,9.734016282997159,-62.58535386126651
1833.0,9.73217712735232,-65.82002734662505
997.0,9.706739847250716,-97.18645946894804
506.0,9.702308858339503,-96.78130873981628
1365.0,9.697060834258663,-95.65570688606012
821.0,9.690408410939236,-98.26713848380382
427.0,9.685394279538151,-96.79270905984882
1419.0,9.684106500989982,-96.6581780197127
1162.0,9.676819803482227,-99.43853882055964
1790.0,9.673327303728135,-96.42633234512064
472.0,9.663738698357436,-96.92064639318106
520.0,9.663387339655428,-96.86905374665884
1938.0,9.649830459323475,-97.1423259988103
49.0,9.649346190714823,-97.23555123434495
1223.0,9.647747874104908,-101.66646510622708
34.0,9.640127299804186,-99.3163698586028
1035.0,9.63732201514208,-96.95944211193684
1955.0,9.634281433124233,-97.6346738204751
959.0,9.609242526313762,-94.9585716186334
1877.0,9.60761122544054,-98.00071797499896
1698.0,9.599992447848724,-99.98636040346054
875.0,9.593209597383824,-98.45064807967871
1958.0,9.585990115804986,-101.95624298671962
310.0,9.574061160862591,-99.9922533101264
1691.0,9.559271597739448,-98.2757826627807
375.0,9.541243254494933,-96.31715597745936
759.0,9.523411152973225,-95.6340013859778
1090.0,9.520663631450144,-101.00507681989924
1630.0,9.519334760191777,-96.56377924701282
1282.0,9.51629650513864,-96.70280657014764
390.0,9.503933249147765,-77.67653422965817
823.0,9.497938860243716,-101.84793927982008
1431.0,9.488389735367118,-95.39254992600227
669.0,9.477187374891066,-97.44049019545623
1012.0,9.470112176912027,-98.1084100572887
1202.0,9.466848528369177,-97.37980374714758
1450.0,9.460512512385051,-98.27403514187412
1588.0,9.459509061413044,-97.70272301774432
430.0,9.452333742269671,-96.50088397108463
1941.0,9.450845576380177,-96.2866482535897
680.0,9.450312110859603,-95.76963526873128
1334.0,9.446611910354477,-97.18079603095144
972.0,9.439544046073733,-96.51845603709216
188.0,9.438267897892075,-70.98634667807892
1905.0,9.430671833819739,-72.15612652336542
374.0,9.428612195856818,-98.79838272624156
1612.0,9.428516671796455,-97.35475093574549
1560.0,9.414249829122367,-97.01775089943028
1894.0,9.413574021266756,-74.80162444467379
730.0,9.403911662980626,-99.0879507410894
1722.0,9.39691241074793,-95.6109807078626
243.0,9.391866475468746,-96.12162751954187
1347.0,9.388515250265273,-95.65626789187016
565.0,9.385202000066364,-97.8343578624941
1130.0,9.381326336126932,-70.46670865974109
871.0,9.364755833276048,-97.40568282219004
1677.0,9.358031509419332,-95.2231142774368
1112.0,9.35170159264762,-97.23860052314164
305.0,9.349335821878544,-97.89803938037582
934.0,9.34157060430784,-98.3411300393328
1735.0,9.339590459100307,-98.13484861390072
1061.0,9.335238493134698,-97.12189104613222
1428.0,9.32568371853042,-97.34015274056324
602.0,9.32390360584951,-98.9859716867317
1149.0,9.32353553331492,-97.81277847618254
154.0,9.322444053836092,-96.94227995533912
813.0,9.322367030921724,-96.5223305884692
206.0,9.321326648461975,-99.32207248200766
733.0,9.315440842113674,-100.29291838876884
656.0,9.313879240478125,-95.31768405068526
742.0,9.312918226524891,-70.73092043249096
1082.0,9.301168861498061,-102.20978724623376
1946.0,9.299433423173129,-104.55617239392907
648.0,9.29841247995327,-98.93162458917624
807.0,9.298394434786655,-100.60806577565316
690.0,9.295085109613773,-95.9903698470188
1108.0,9.289094616603254,-108.07467367664336
39.0,9.28785448171019,-74.51051278291126
1762.0,9.286510111536549,-96.78562543347292
635.0,9.28596122385632,-72.6550752781919
1757.0,9.27812350008574,-106.37002442803282
1702.0,9.27762412046509,-98.002587215043
1893.0,9.276927776243054,-95.41441506125804
439.0,9.273300347861547,-96.81664837336598
159.0,9.271185849615964,-103.13046063116292
182.0,9.263554639967554,-95.94205596546898
1380.0,9.258220894549686,-74.4396847146714
643.0,9.254692681976257,-101.6612435857653
1650.0,9.254360058573608,-98.7791563248206
672.0,9.25312155899546,-100.34548895484176
1944.0,9.25078288051783,-99.32395632415168
725.0,9.246909480221014,-97.46216546689996
1040.0,9.246008943876678,-95.71595120469652
313.0,9.245166753637703,-96.9203901611754
913.0,9.24425413902645,-96.04614337554524
1348.0,9.24396414676154,-95.84401890772352
1148.0,9.232778873374295,-96.07826120400686
979.0,9.229497241659038,-95.34352537195996
1479.0,9.21752171802317,-72.12590512503516
965.0,9.216518663044804,-95.5327345180806
1547.0,9.214019934864922,-96.25544620012208
1071.0,9.210756070845306,-96.23937606680558
1661.0,9.208695757575404,-77.91340650992665
54.0,9.205773351491406,-101.3400291853595
1043.0,9.204558610636903,-60.80796289100032
1298.0,9.19851954031984,-100.67631431076724
893.0,9.196797111884623,-99.4140396025457
957.0,9.185946592061633,-97.27923980687711
691.0,9.185721549530783,-95.48509146518651
1403.0,9.182840118903767,-96.65504903440238
795.0,9.181331439125891,-100.33021324399684
1279.0,9.170781951934751,-97.23231130450024
1654.0,9.167036520804425,-95.28732014785564
356.0,9.163340293165968,-97.25760944688234
443.0,9.162381790937262,-98.60196163545731
1624.0,9.156200391793073,-75.39206421199174
123.0,9.15540015577265,-97.43706033767482
271.0,9.141160444829461,-95.06337150545124
846.0,9.136458404725536,-95.77508240448871
481.0,9.133653715629212,-97.11691886555398
247.0,9.132375110653856,-75.22350843596993
1280.0,9.130135799066943,-95.27096043136522
422.0,9.127343375863937,-99.81601265734474
1371.0,9.125490440006281,-79.34893351581829
1964.0,9.121496864049057,-81.15197181435717
646.0,9.11719839116848,-100.5263383986238
1332.0,9.112030844806878,-97.02295718499208
1773.0,9.100405461657079,-99.41191380508472
1265.0,9.099665226862816,-102.07565563410058
1336.0,9.097387516801222,-98.78493337311971
22.0,9.096951160058854,-88.27445673806872
523.0,9.095442796970865,-98.35271046541894
519.0,9.09337480857676,-60.29635884103023
771.0,9.088568842270849,-101.93212562470369
808.0,9.087054462743355,-73.8788278289232
83.0,9.08477810209334,-83.98991159177412
1470.0,9.084086477182234,-83.4836795382958
1194.0,9.08346477851201,-97.48103440707938
514.0,9.08196957158566,-104.54239327735525
497.0,9.081512343438801,-104.26376998017126
327.0,9.078910676794523,-76.78712449675339
352.0,9.071183178076318,-97.00676508591386
1086.0,9.051257811771313,-98.25144173645444
1979.0,9.049425664976932,-96.08045110585502
132.0,9.048759971740878,-98.12881369488002
1539.0,9.043179623490795,-98.26150350047428
1570.0,9.041133510694568,-103.53606038057777
482.0,9.039702599889715,-96.9193898633115
837.0,9.037835236806714,-99.12934635579094
589.0,9.037104855838953,-69.97172988214784
752.0,9.025361111721974,-97.03326468990552
1716.0,9.02408888049674,-95.05306596870598
1392.0,9.023579183530108,-79.26933277846514
155.0,9.020400509039051,-98.08323658221433
253.0,9.016309958649046,-98.70553446573967
750.0,9.011197569370287,-66.13337504039077
109.0,9.008023539381663,-84.26157648507144
1401.0,8.997207366871192,-97.6429682414412
960.0,8.99350597901665,-101.59017241225465
1028.0,8.988431874017701,-103.65625930168127
792.0,8.983963428514917,-98.30946689776312
9.0,8.983772190566627,-100.16064307476866
66.0,8.980253303605135,-101.0639526099402
1919.0,8.979099882057033,-102.23664292497952
964.0,8.974486711396903,-98.33077623487854
886.0,8.973667951061845,-96.6881698860876
448.0,8.973474518805267,-96.76736927849672
360.0,8.971317725172879,-103.31680650190592
1238.0,8.970815531821772,-72.92573249189192
983.0,8.969445625190152,-102.7173185174303
1883.0,8.96897406086122,-98.32258313287318
122.0,8.968466291856886,-98.52648615300711
883.0,8.967616078764456,-98.23105960569632
562.0,8.963810829714426,-98.2088669570031
347.0,8.95991591700497,-98.11168623353008
1694.0,8.954429564160332,-98.04292261403432
1766.0,8.951726150697827,-101.18011715518108
864.0,8.94747720649198,-99.3070313822781
1952.0,8.943253957339197,-100.70825472561212
1788.0,8.937127953922731,-101.14213695862252
855.0,8.936771908961108,-99.35257108021594
1904.0,8.935333321822203,-97.60758882587707
681.0,8.931557514128034,-102.70113838646888
1379.0,8.928995098222654,-95.2775141775665
918.0,8.928471626165171,-96.79443318536951
897.0,8.928419113985393,-81.08188392498863
1812.0,8.927931239654932,-96.54245416592724
1610.0,8.926472980792793,-94.95187679476643
1276.0,8.922869458423396,-97.74570951272526
1750.0,8.919820269672712,-75.23711662296655
1845.0,8.915098666231033,-97.5119697710394
856.0,8.914222265435125,-82.98780185486277
1536.0,8.914013046867973,-101.6409723939424
1269.0,8.911648027565018,-97.25415336243154
370.0,8.908612439316963,-94.94775139221026
919.0,8.902662286577893,-103.60717779733908
1354.0,8.902585182798214,-101.47459189081044
841.0,8.899620129103223,-98.27798571152232
1006.0,8.895237136935478,-85.18007070028352
404.0,8.894520333650396,-95.60616476878074
1350.0,8.894475400132597,-71.58973857282982
187.0,8.887674764475262,-100.14924266787474
468.0,8.887505400660675,-105.07897882751968
1441.0,8.87439142201979,-95.12268925870086
441.0,8.873101861346592,-98.1552540789412
904.0,8.872691336250194,-100.6776543791255
241.0,8.87172364383134,-75.44722611449048
16.0,8.866956665048386,-100.0073058917717
1656.0,8.866194522841795,-98.83223763137364
45.0,8.865198423081907,-102.00312928258356
822.0,8.863959084321932,-95.48313618507008
135.0,8.863742943288097,-100.39331837004131
483.0,8.855852962931682,-97.68325830165386
1924.0,8.855051308187168,-96.97888536468122
1195.0,8.854379424493793,-77.88592342812689
1075.0,8.854329732333523,-105.5795360369789
851.0,8.853943823083036,-107.83311798923968
1205.0,8.853228920072343,-77.78437645829192
1044.0,8.839518575317316,-96.81736671205
1180.0,8.832534321773869,-101.25475827178713
734.0,8.82914365224663,-96.23175852085792
1204.0,8.829108654095185,-98.23182961510332
1053.0,8.828656860530522,-101.78203747008092
1110.0,8.824063098202728,-98.6553928481854
764.0,8.820735258028336,-105.24046537562428
334.0,8.82071461160106,-96.43876830126588
1418.0,8.82061682232343,-89.9503841431465
927.0,8.816526268417794,-72.97529052053368
30.0,8.813300450225201,-72.00715915888766
1475.0,8.809593726599806,-100.38114234094402
991.0,8.80550115793971,-103.4639862146522
1383.0,8.803434832326396,-85.76483041795584
1415.0,8.803133557236231,-102.98654784206718
758.0,8.79837969069807,-73.88165180408834
1800.0,8.796747703125316,-104.93188522846812
1497.0,8.795638048362799,-85.28831811758322
1057.0,8.791623788328499,-97.19328691969169
76.0,8.784900186925281,-99.108175249514
70.0,8.782326259408494,-97.5155068595022
1014.0,8.781670303062382,-73.66463015683941
548.0,8.780333318418453,-97.53398451058167
220.0,8.780297816465492,-81.24455548913286
1346.0,8.77997541386961,-95.16755583272584
1360.0,8.777600499675154,-95.08464989958183
676.0,8.775269560958332,-94.9169128832662
1114.0,8.775126320186443,-98.48601936205182
723.0,8.773103221128743,-108.10117884070044
1201.0,8.772165101718075,-64.39831514314741
1764.0,8.766196092626547,-103.23383829028876
1708.0,8.764447424243297,-106.50235813330016
1907.0,8.762515994420452,-69.83064178679007
1384.0,8.758156046842542,-98.13404136006854
1430.0,8.757002306112858,-101.50390212591398
1626.0,8.755181987116035,-101.9254168435654
1046.0,8.75065966291639,-108.07336171821184
583.0,8.749682309698986,-103.07382504259904
1631.0,8.743106224295303,-95.05829455265116
1362.0,8.740042391132306,-98.55228953990108
449.0,8.739033427932615,-101.09315969954368
1659.0,8.73765694392995,-99.54167729863144
397.0,8.736954010614747,-99.29282696151384
1421.0,8.72819517697357,-81.55170903759029
1723.0,8.726806581268871,-100.46332255248136
1245.0,8.726714952112353,-109.0508195732974
1682.0,8.726601794453021,-100.0482723538354
299.0,8.720500575051528,-101.42407072335666
1466.0,8.718021346732614,-72.03581314176989
1811.0,8.717380912168469,-98.74782689580486
474.0,8.716070542518414,-101.05208044462783
40.0,8.714310352600966,-81.05460501309828
292.0,8.714076009597942,-73.94693103033731
1782.0,8.71243510155703,-97.4916681940351
1182.0,8.709251950923049,-82.9170426720461
845.0,8.703268623979907,-73.27010620422693
260.0,8.699826503357036,-78.54813946335506
720.0,8.699358554303757,-74.79402381268261
419.0,8.699216797260734,-97.74536363293537
1253.0,8.697456469213305,-100.52678515521605
799.0,8.693419531200801,-100.15890655705194
668.0,8.689078718800587,-79.35307584330792
259.0,8.686376328634237,-78.9447933858371
1739.0,8.683876634728641,-103.76764529433636
69.0,8.683761448402091,-79.31252673724619
302.0,8.68320256518345,-83.52739611975905
790.0,8.678265567325976,-85.7460893041207
33.0,8.67804780200546,-74.53182255496786
1500.0,8.677919998891648,-100.6144755692764
1763.0,8.676400049542604,-99.10923591397275
1268.0,8.673314335909655,-75.82714380616794
348.0,8.673130416013842,-107.59095278102612
737.0,8.671923003530773,-99.90785720707125
157.0,8.670303977648844,-76.2339798947338
1552.0,8.664718745582428,-100.3423752465404
1810.0,8.664668106769366,-82.94940520330965
1857.0,8.663750274857364,-71.7476651111141
1965.0,8.662971617714163,-96.48009480482706
1759.0,8.662422845985203,-95.62823465069432
28.0,8.65941044996981,-74.73208582930175
97.0,8.658951927573568,-96.50724381483866
437.0,8.65623925587812,-105.63170683547771
318.0,8.654883340081431,-98.29116592016652
1822.0,8.654697439297081,-101.8004624822672
513.0,8.652374575820803,-103.5762844908006
1397.0,8.649952856865712,-103.15737685283474
195.0,8.640246625117479,-68.78159843337487
1338.0,8.639353291465163,-76.86742332174643
1436.0,8.637781972052458,-98.30615298157863
651.0,8.636258916222104,-95.45327633716091
568.0,8.634349227339962,-107.15133155295104
333.0,8.631593352545265,-98.7852262840392
190.0,8.62807518290678,-115.81408597955183
1549.0,8.623580906662903,-75.0564264461161
1433.0,8.623308288566534,-103.99158053272416
1370.0,8.621227366997838,-101.66950660667212
877.0,8.616273406497832,-82.52251948923316
1802.0,8.614194398917345,-79.37960279159329
634.0,8.613597362127509,-98.7553806440964
1260.0,8.61137263112087,-99.97247227239929
136.0,8.609759839830211,-106.2010663039533
811.0,8.607803626766142,-104.49395320840692
1417.0,8.606493235677432,-97.27267822063072
1305.0,8.599099572443775,-98.74717568148546
1623.0,8.598704944963226,-101.47214784279548
1609.0,8.597527870332977,-95.9583606997699
490.0,8.596803125762383,-100.24142046502352
1174.0,8.59581863436617,-98.73224333602252
1662.0,8.594911425600644,-102.38999762476294
153.0,8.59305944267608,-95.45962823877446
673.0,8.590323630726703,-78.25075006224851
15.0,8.581591097361082,-77.93004070965159
1024.0,8.581565865192799,-80.51881997970504
625.0,8.580409980625506,-96.49524082159698
1969.0,8.578816804118915,-96.84875226557496
85.0,8.577877762048034,-103.1208126300352
1635.0,8.574572596787267,-101.81187382937736
1264.0,8.572958013304989,-105.6794255660268
546.0,8.572607054047559,-72.41645346301905
1353.0,8.568644977672504,-85.08081285740064
666.0,8.5638074350306,-100.1633185868105
414.0,8.563200638688215,-86.92855690848057
1899.0,8.560756436969239,-97.02429698232476
1625.0,8.55951928917879,-107.92100475116114
467.0,8.55837309587729,-101.2729146187813
371.0,8.557893212994097,-99.31384516325645
1083.0,8.557727626902079,-103.0429912249329
435.0,8.556504762370881,-66.96693752108229
1229.0,8.55509831253342,-68.66809807183517
719.0,8.552505190573342,-99.16418759240108
895.0,8.550923619697429,-105.17413740932766
1888.0,8.550870520762361,-106.0540407209134
930.0,8.550103207342445,-108.30498596131426
1902.0,8.54969218572186,-100.70135926481268
1301.0,8.549094843302987,-102.62826803227084
825.0,8.54903107970419,-104.10602463202927
1966.0,8.541127366971429,-111.29874359151223
79.0,8.540786728044363,-72.92049657647412
1042.0,8.540360886759487,-89.11531350400439
1996.0,8.537582328020655,-116.95290505226986
584.0,8.535865014784045,-74.63812625009922
1913.0,8.532291348954114,-101.32639210392696
1302.0,8.531583137026265,-96.68614429290668
1052.0,8.530772351519152,-102.40113106761984
217.0,8.529962098686262,-104.71836621179868
1351.0,8.52917129086002,-102.17526997918976
640.0,8.527403214428613,-95.86178258050508
1813.0,8.52711703153656,-101.03105447270082
876.0,8.522181199370706,-101.56684349097048
178.0,8.52200401457466,-99.84475962973904
1925.0,8.5197280190999,-99.04288248761397
1555.0,8.515884135537952,-95.04289305401753
250.0,8.51305966844936,-105.98703208089576
1034.0,8.511266848532564,-95.24206316822124
761.0,8.511155946631119,-99.36958046647057
1222.0,8.509548699710686,-84.08133631029884
1084.0,8.50878426542513,-74.78915775772357
1156.0,8.508575711199414,-69.81589027733969
1095.0,8.506338773579234,-101.28908363267152
824.0,8.504853137762725,-103.17105261839004
1289.0,8.504457655417443,-108.13604546747706
675.0,8.503987071024127,-109.356595254809
1101.0,8.50392273438799,-79.9900385561325
967.0,8.503763470440187,-97.35037999317936
744.0,8.501221956796313,-105.03057497515354
192.0,8.500580134090256,-68.18451581028067
454.0,8.499840896091714,-107.03814398376336
760.0,8.498172757606591,-103.06002818919092
1755.0,8.4961574613927,-74.5078267733769
418.0,8.490497060969975,-111.05538138713972
1432.0,8.489545944698259,-101.42338048357917
993.0,8.489285184217787,-103.3886760214881
394.0,8.48467689200686,-103.77159104619015
1049.0,8.483351180971395,-103.24498221921154
928.0,8.47530511641146,-107.6275255265354
1297.0,8.473615748716568,-106.12698378994884
207.0,8.473028062997937,-102.65238580902628
1266.0,8.467251540012427,-100.60128210179444
1285.0,8.466601134531341,-96.6551152955602
779.0,8.463665158959591,-95.49443535104412
727.0,8.46248615895887,-96.59750656036276
68.0,8.462283997866871,-102.78897076170448
633.0,8.45847820748554,-99.7903387051506
1807.0,8.456422223532222,-102.04507241145384
1186.0,8.455485464305811,-94.9195712407272
1544.0,8.454456730443688,-106.44688990633608
1695.0,8.45284995229481,-103.48742429027766
1059.0,8.451526807231758,-77.60071361986698
1267.0,8.44959676047794,-75.65435015892501
738.0,8.44936329417576,-96.6329867354647
343.0,8.448914599555934,-105.72869604612188
317.0,8.448598062643175,-97.07642177122922
1848.0,8.448227091616953,-111.54780181912828
1575.0,8.44461908509536,-100.98795342782472
346.0,8.444033647687725,-106.57657819429171
1443.0,8.443657827798626,-71.449473799926
1.0,8.443343080349663,-96.82753192665334
564.0,8.443326408482507,-110.79704596780572
797.0,8.441550867866907,-98.06591188519565
1488.0,8.441443292407795,-110.49988411085326
1157.0,8.439041340904556,-98.7338214451688
860.0,8.435784768337022,-107.2336327861031
1818.0,8.434733771707682,-95.3065225956108
208.0,8.434348687781792,-97.3038130703977
1957.0,8.433571410664618,-75.12561683653561
1602.0,8.428486189859855,-104.79358506293404
1705.0,8.427957404179054,-98.75695706157708
279.0,8.427748750467677,-106.46870763005312
1801.0,8.425344734731189,-78.55478386132856
1459.0,8.425052184760196,-101.21042886409532
1611.0,8.42444379184315,-68.81951645719629
1951.0,8.422751907609262,-99.3256664454828
1345.0,8.42179822039471,-103.1250656462356
42.0,8.417901225566576,-99.4020463003931
1754.0,8.414861136386078,-95.62618918866332
576.0,8.413222135356829,-100.54872368195312
603.0,8.411634334099165,-101.13397376400854
140.0,8.409500243675579,-100.51032649805536
25.0,8.406128725938746,-104.87291390577248
445.0,8.405348756702052,-100.94577567633831
1846.0,8.404138335003704,-99.05736531460477
1424.0,8.400381145346241,-75.46856885056015
453.0,8.399864626751919,-77.40693575041232
1828.0,8.396924502328876,-96.19177383525032
462.0,8.392652604853943,-83.98442896264775
1159.0,8.392402765270226,-83.03117697901118
909.0,8.391836341220081,-75.17227803717391
1749.0,8.388891733933635,-103.29320508881978
833.0,8.387539880596368,-106.48661947993986
1190.0,8.386489727974102,-100.16250113598608
1834.0,8.38493767167653,-73.03720524175526
1192.0,8.381475912518416,-109.77260478421192
950.0,8.379763504427403,-109.65511211287333
1571.0,8.374775147806545,-78.64652151324184
887.0,8.367554576465098,-120.96348418819798
67.0,8.362858195779298,-104.4976959457566
1231.0,8.354205364357734,-102.11135004762968
645.0,8.353123106216167,-74.38903820536737
1030.0,8.350411223339968,-102.26484803467996
489.0,8.348353984478308,-95.21565281222388
77.0,8.348241634932537,-81.99089537754708
1445.0,8.343443920650639,-83.81320385894833
95.0,8.340955307831656,-102.37643780104094
599.0,8.340013186187228,-81.22523214941366
1485.0,8.336461763955334,-102.20260890543528
1506.0,8.333808757112164,-80.51930952400363
1054.0,8.331965243861836,-107.3278084509892
351.0,8.328683556993996,-102.07523661435528
1629.0,8.324837684075458,-103.7757899908186
50.0,8.323647378331932,-88.08647775360194
211.0,8.323465861506124,-99.85579097484482
1648.0,8.314969053041484,-75.91443994385497
1191.0,8.312983310272008,-82.26343556524859
1794.0,8.311922150137987,-104.26160014189335
1961.0,8.311660705378854,-72.23459195693559
1037.0,8.31091798805446,-74.38155342432638
869.0,8.307088313644716,-110.78944828407624
1582.0,8.3058657518365,-114.22687544918765
1303.0,8.303009747982767,-100.11570406640998
889.0,8.303001114005049,-101.6794495824518
1914.0,8.30031650370244,-107.52014963821766
1613.0,8.300003923009326,-103.94759061698612
202.0,8.298720965994459,-102.2101792550593
1290.0,8.294913403683967,-106.4858091092798
1991.0,8.290724838616367,-97.81295356938703
678.0,8.286924241973733,-106.3486214968765
13.0,8.286844940587784,-95.4231527272348
540.0,8.286440635274774,-83.06798910732589
1565.0,8.285761878691135,-81.74953518597859
1804.0,8.284337265386801,-102.7674450147253
1927.0,8.281024028326657,-101.46495667526092
1928.0,8.280987710009136,-108.92533781003152
840.0,8.280887146283249,-99.01872851247587
818.0,8.274685356560068,-88.28976367836184
235.0,8.271022970170442,-66.62882484503511
1641.0,8.268143694910169,-100.82669744961004
1032.0,8.266432540757668,-73.73314863697675
747.0,8.264192171204554,-110.15361590983206
306.0,8.264013625575787,-99.67191683354818
736.0,8.263446564874924,-104.96776396685328
53.0,8.262526011315426,-99.6735887735576
502.0,8.261836249315026,-100.94150481298634
936.0,8.25594514118061,-102.84890520944094
1000.0,8.25351735892986,-120.55946242790496
389.0,8.251613445096526,-86.85836640644837
618.0,8.247388239571542,-89.0295047579383
777.0,8.245746739458804,-79.5413069967162
852.0,8.244025403482002,-97.5601789495352
629.0,8.242365846155051,-96.9082478974982
248.0,8.236830405672146,-83.84261341772822
679.0,8.235782135767217,-86.67750131012352
1220.0,8.235764921259511,-80.73343413157936
868.0,8.235057283731908,-78.08104507374695
1444.0,8.23421928696133,-105.16649319460144
1230.0,8.23320267530709,-102.59887870914676
969.0,8.229190424620096,-70.35644067174657
803.0,8.22779017507358,-104.33054660261335
11.0,8.227107850226123,-74.50079880555396
294.0,8.226986682553816,-75.81842230387652
1505.0,8.226136103176218,-96.9733040184574
228.0,8.222753365749142,-103.55467325386144
284.0,8.221284644821907,-113.1119221406094
126.0,8.220689663303714,-103.47636219643124
1892.0,8.215931335124242,-103.38124333459209
1769.0,8.215010340823916,-103.36023470587304
982.0,8.21419251693929,-111.88474924743596
417.0,8.213565803782409,-101.65245284288616
1639.0,8.210964394710293,-102.68394255660682
145.0,8.210723496287342,-103.1460874132619
1649.0,8.210702612669223,-95.3570566175402
1600.0,8.210299827128622,-76.7272375340004
942.0,8.209338079160087,-83.29922903856001
304.0,8.208670117152684,-109.04060927044088
450.0,8.208523146478989,-103.75845293718328
331.0,8.207671991148334,-107.70942798282152
1714.0,8.204403804126299,-102.58845449222522
1457.0,8.203838139653467,-120.3927955234626
1185.0,8.203757937630117,-102.40322323291912
1467.0,8.202647643409612,-100.88699140941002
63.0,8.200524618193507,-101.0995416829514
962.0,8.198401767924677,-110.34032522626433
1973.0,8.19826537912339,-112.74921454718992
1518.0,8.197389587264748,-79.5919668117109
1844.0,8.197160297236513,-111.24014738513084
5.0,8.19204664921421,-108.57406820816234
1798.0,8.186494725098633,-79.73993832559934
1241.0,8.186490665568998,-77.07797051604904
677.0,8.186216390300249,-107.77651174938572
415.0,8.18311557087559,-99.10950080593732
574.0,8.179568906627287,-82.31104823080412
91.0,8.179539547653823,-88.8487457139718
1674.0,8.177770596356979,-114.1079521137519
1454.0,8.176761441590667,-107.72505604873244
1407.0,8.173921290427389,-100.26183990892204
196.0,8.173617714643381,-109.7063710807283
1671.0,8.169992252705107,-106.90807340951532
801.0,8.168319378515509,-101.64756546125167
301.0,8.16694261443125,-74.04408422992952
1622.0,8.16687976782906,-78.97756366640672
124.0,8.165003006728114,-96.864713587577
1437.0,8.163471537118125,-105.26565913027588
522.0,8.15807234630219,-86.30503671028946
378.0,8.157799288704059,-71.48362030211969
735.0,8.156086661406018,-107.9527390642358
505.0,8.155782059370576,-106.43508528605996
830.0,8.154661091817859,-106.01582584124829
952.0,8.154454041972329,-90.2282646102194
1884.0,8.154345753162211,-101.56846646916355
582.0,8.150607693123826,-76.91929503885231
1272.0,8.147331864960583,-110.50576391155484
92.0,8.14541481150876,-79.80541701051105
1168.0,8.145257569815632,-74.67908478062009
1325.0,8.141266552100067,-99.88075226970872
1949.0,8.14117016231182,-74.94159135623381
770.0,8.139991212939098,-72.49976670095924
809.0,8.138525077186637,-100.9221144332446
1687.0,8.138156055047371,-108.41982084212296
1113.0,8.136061387807755,-106.12197185926748
689.0,8.134077066334811,-88.95587121712877
258.0,8.13383831033046,-102.69807413413588
1456.0,8.132194694527229,-112.24512371185598
1251.0,8.131322159808272,-95.100224787891
1330.0,8.130599701489404,-79.14393461767902
638.0,8.129762462627157,-103.29058187867577
1366.0,8.12895337589741,-101.74766619027406
24.0,8.12800265138553,-74.41995632255582
278.0,8.126764630637613,-101.64511209459464
543.0,8.126427403474073,-104.57046186931308
162.0,8.12498880382297,-108.44176182851116
1462.0,8.120773893621548,-103.01009533951442
224.0,8.119856252531868,-72.53053736115898
906.0,8.118760172500497,-106.07212809238769
1176.0,8.117852740719671,-73.8338422659504
925.0,8.116599674165274,-116.10651932161348
1523.0,8.115978958305254,-86.10851109623121
485.0,8.112427425930457,-100.58336237602468
298.0,8.111731477897157,-107.9461060539025
714.0,8.110301177134314,-103.18175303996874
1945.0,8.108836993702099,-106.67485878087204
517.0,8.108798929661946,-103.42072879093936
1726.0,8.104663203649597,-104.50491934500296
254.0,8.103028754669394,-106.84951584715184
768.0,8.097096796755194,-112.46959114727088
1388.0,8.096501199329847,-97.84776265877272
1956.0,8.0964439295578,-91.58984184628017
225.0,8.0961131657083,-108.35142471992896
1729.0,8.089998483959949,-110.8249850288825
1959.0,8.08938869003488,-89.95841116850174
1741.0,8.089134114229534,-114.01126907501896
1494.0,8.088874542459916,-69.81713829161662
52.0,8.085116583419941,-95.8476461658484
1742.0,8.084486750716767,-96.67813529993737
274.0,8.083679228584376,-107.16965708376036
554.0,8.081886103006978,-73.90037271701281
853.0,8.081836219225648,-113.55812763288344
372.0,8.078560046076815,-95.60482992391596
715.0,8.077718435636157,-106.13401972825685
393.0,8.077641097410657,-109.75756703065854
1990.0,8.077377444023018,-95.98343768560902
1849.0,8.077275687033204,-109.01118039393864
1752.0,8.076186360889807,-106.58133575726384
705.0,8.070321185547161,-109.49160254556
1013.0,8.06640501178954,-101.8274158092141
1329.0,8.064290907838156,-85.42142971143365
1637.0,8.062665610381561,-90.6218445955887
147.0,8.0619952404181,-106.49230298056094
1020.0,8.058504877818288,-85.76725418256513
1530.0,8.058238745762717,-94.47616195077592
766.0,8.057472759433292,-109.7008267913503
395.0,8.051550401065708,-84.60190593436073
941.0,8.051412955000524,-104.70703582562808
1737.0,8.048503961302535,-94.34982670887317
652.0,8.045669800286143,-107.30820912419868
1744.0,8.04555664116673,-94.99067255250354
619.0,8.043702243458227,-87.9502005628897
442.0,8.043027196531117,-88.55179913324862
205.0,8.042598590048769,-91.43648378467356
114.0,8.041988129426894,-104.46977206825076
1909.0,8.041929234942012,-97.48883781723532
349.0,8.040415264448296,-80.57914095627413
1256.0,8.039828824092266,-108.18473244048884
873.0,8.036315164648025,-75.17090621029811
639.0,8.035446001765226,-120.5522577776066
687.0,8.035080456753974,-96.8701448202154
1261.0,8.026208021648044,-106.117883086954
1831.0,8.024508005868134,-105.2962070726918
1271.0,8.024249158652088,-106.18050659257406
230.0,8.023642434370666,-89.05377056430851
1669.0,8.02206707781016,-86.59126048843646
746.0,8.021253361884959,-110.06976076792289
1442.0,8.02009056706718,-106.04699085459794
142.0,8.019552347237891,-98.4790833453036
1816.0,8.018003676164012,-96.6562565043798
631.0,8.01772646872002,-90.66948795619334
1710.0,8.017493256272886,-103.83580616027372
1122.0,8.016804212890602,-103.63272530244028
916.0,8.015715396817415,-86.61812774916203
179.0,8.01548020390584,-114.29916493181624
1865.0,8.014912705535753,-75.56808136607349
1870.0,8.01433212457412,-81.65405450686494
665.0,8.01242742082461,-103.78816338319092
72.0,8.011706232240213,-102.86921190585568
478.0,8.01095936798486,-104.00112488855731
1503.0,8.010330454419375,-73.1897717095377
1607.0,8.008090984774098,-65.50417018145421
700.0,8.00734401477413,-109.0590888776184
908.0,8.006783386889262,-96.43478231233256
340.0,8.005095414367569,-98.8795787676822
1999.0,8.000341960803558,-103.0179296457204
446.0,7.997299935968024,-103.19357159244332
954.0,7.99446916448036,-88.61591361924792
1412.0,7.993805129656042,-72.28887109016243
1972.0,7.992972078156083,-101.06453976245822
1317.0,7.992661957327402,-80.02994629539614
1646.0,7.991679833701657,-85.26252432534335
1548.0,7.985694999423238,-105.38690772586524
387.0,7.982816331804588,-104.91655967653332
630.0,7.981464081279819,-87.70512587208565
408.0,7.980243127858353,-108.48312782077912
174.0,7.979518390516385,-109.23705271849028
1452.0,7.977477053554105,-95.76441453400534
555.0,7.977199339639823,-78.20430444475339
1686.0,7.975474017604201,-88.05901830199382
1657.0,7.973308638317317,-108.39500066450874
141.0,7.96994223256977,-73.71452797276822
1985.0,7.969293851075802,-114.76096990080462
1517.0,7.96794743916315,-106.88163557577596
398.0,7.967912753500642,-102.49448804988116
515.0,7.967533665358465,-115.12727262173568
1232.0,7.965582345377934,-109.4837104301598
986.0,7.964582785257516,-75.15756274142718
1642.0,7.964432794352449,-102.97199864420648
94.0,7.963671397993559,-90.0447332638808
1498.0,7.96292574525912,-73.9868458847724
1258.0,7.960982781716566,-103.7445456725129
1997.0,7.960559723747102,-101.18088572208671
1109.0,7.958744496519634,-84.68571632193651
96.0,7.955040848794878,-91.50347978593808
1645.0,7.954822107825875,-102.0087188365957
1620.0,7.95355110077867,-78.77992414811605
1489.0,7.952771145263328,-106.2767591588706
703.0,7.9521447397752905,-75.18976261849869
1929.0,7.949748175562976,-100.33663013312304
968.0,7.94908665708681,-110.71162071360158
1009.0,7.9469809198740275,-87.46021457480295
624.0,7.946532065823213,-101.07199561780952
1910.0,7.940202200688285,-100.81594417889882
1169.0,7.939531512812025,-109.91312116824788
1545.0,7.937136270724605,-84.07139321382894
601.0,7.935768292476972,-84.16998229769369
1315.0,7.935202367539181,-112.73545859244588
787.0,7.933977401875297,-101.33668553065272
290.0,7.932654070916869,-93.57817020050986
1067.0,7.932574154897068,-114.15571683665242
1255.0,7.93133511582383,-116.24391954238646
1387.0,7.930790415957672,-87.26107032806567
74.0,7.929639866697311,-86.0933196803966
324.0,7.929217961124084,-110.11898507710978
940.0,7.9288550131148945,-92.83698741836857
1029.0,7.927786379328187,-110.61433576385494
1077.0,7.923099854614563,-111.3907655075941
1471.0,7.922810617290652,-109.57957727770872
1125.0,7.922531926061606,-105.5716089190915
1091.0,7.921951211104666,-96.58850364210704
113.0,7.920002153112542,-110.93887319668892
767.0,7.91784383748311,-103.01212588131774
1320.0,7.9157338785976865,-86.65857621709344
683.0,7.912499513303889,-102.74911451000575
392.0,7.906585351175857,-85.85578274849915
765.0,7.905953122033204,-118.6786242099492
948.0,7.904575427053995,-109.43462009724476
1968.0,7.904302201794325,-98.95654440085984
57.0,7.90428817114434,-80.07820963567958
229.0,7.903252819200761,-87.78052406139255
1977.0,7.900000462792699,-85.05289989925997
380.0,7.899246387586962,-106.90479380972933
762.0,7.898035845311915,-108.36649152749423
1942.0,7.897836102123959,-103.9714675573909
1797.0,7.896058700629457,-98.532042032238
1283.0,7.893323268966365,-81.08141145615157
226.0,7.892011749071823,-116.99366616639456
1490.0,7.891186238195599,-87.14480713467546
1688.0,7.889775357595348,-116.65621921091748
1935.0,7.889198055810692,-93.55074672966408
1062.0,7.888608848587164,-102.89517355609752
1882.0,7.887507902228871,-89.4149096143599
1854.0,7.8873667697366106,-87.36225866510297
1172.0,7.88564390127698,-103.63286443186507
1748.0,7.8812706846359335,-84.49919922318568
1166.0,7.8782565995854394,-91.27228380418045
575.0,7.877147779423753,-103.66046906628584
1866.0,7.875343973789201,-104.09069605087076
1240.0,7.873998108864718,-68.13477733747247
440.0,7.871509197288297,-79.91520430722841
660.0,7.871378635657619,-78.31540288266693
312.0,7.870377856325532,-84.61144033763851
409.0,7.866486288997792,-104.92905699519868
1587.0,7.866424027627239,-81.60484165508461
1817.0,7.865389679339406,-83.4232137759392
276.0,7.8653700997902325,-105.44590737438348
605.0,7.865191390886758,-109.71145937490584
484.0,7.863999351789812,-72.30484885280583
571.0,7.863775256496568,-102.72726548725151
193.0,7.861604512074595,-107.79697414341116
854.0,7.85522554409281,-89.2551433037913
1173.0,7.854372587314166,-80.68306959831236
1765.0,7.853820959175102,-83.27947754625315
1323.0,7.850290737123311,-86.1368867385082
667.0,7.848418098183786,-75.67587521049073
1390.0,7.847553416052341,-81.82900749517657
516.0,7.845241600657934,-107.60846444464488
1867.0,7.845238474807159,-106.82289147739206
213.0,7.8385766162746195,-101.10867552300591
1409.0,7.838274262057252,-101.61693330385596
149.0,7.838215269049999,-86.11051499468417
233.0,7.836996593404804,-115.44418863089822
320.0,7.836240245083841,-102.93395094975092
1393.0,7.83613990747519,-86.43027161951268
286.0,7.835102664143336,-103.71025676091264
1546.0,7.83314006250196,-94.89839982542031
1233.0,7.830733903014496,-108.0281063150892
8.0,7.830685746619651,-115.8433089145207
1581.0,7.829262376513283,-109.1152269729662
1496.0,7.827986635968337,-85.77350933665677
59.0,7.825195360387252,-99.74924797856356
1940.0,7.821865088292213,-77.69072497598394
266.0,7.819918744599613,-82.56848003684958
219.0,7.819194019677431,-72.74782031925166
1210.0,7.816954451446656,-83.70150471545332
1167.0,7.816941199698678,-102.97759975553775
171.0,7.81657865120902,-111.39899118171668
729.0,7.815050018401886,-110.20796638052948
105.0,7.813585388909725,-82.89640434160133
1337.0,7.812604839138826,-81.93454540031544
209.0,7.811087681725512,-82.14609721657611
275.0,7.810887852965276,-104.75660124132956
1394.0,7.8055823767647,-102.03989085026711
1538.0,7.802293442488623,-85.9610851181848
1796.0,7.800988655734386,-106.3999597734334
121.0,7.800659752987093,-85.83192367880442
862.0,7.798761999800917,-110.725539712567
595.0,7.798421302179266,-115.86573487849152
1738.0,7.797702341764402,-77.50747368989866
1827.0,7.795692808353556,-79.50354642522424
1978.0,7.795676492165752,-117.3971099722491
1540.0,7.793074092946128,-104.6672024038872
1150.0,7.792394122129159,-92.79278857623284
368.0,7.792037957825607,-79.7105261635644
538.0,7.791199159493742,-105.6390337204629
1214.0,7.790534933461168,-109.30194304971776
596.0,7.787564193566988,-86.80408881931439
425.0,7.786997543627811,-108.74645993084567
899.0,7.786918919486228,-99.79826050599388
1372.0,7.7866560977898,-102.39593598505829
1663.0,7.785936337217287,-91.77053530635452
921.0,7.783559068778675,-103.0323956990256
1378.0,7.781328810456717,-102.42399890034416
776.0,7.78060425875215,-80.90234883166309
1527.0,7.778967847996246,-119.62144524196846
566.0,7.776398013524984,-84.84584834571734
86.0,7.776227231724075,-88.1425072681474
1934.0,7.7742963839881325,-109.802317565715
61.0,7.774142740187547,-75.73446535700919
843.0,7.765228893403914,-103.6372426187458
433.0,7.765084667824151,-107.03836041269314
781.0,7.765030927273087,-92.36759535314674
945.0,7.764672286573398,-111.36579777839712
199.0,7.763875007335481,-100.9635539340766
350.0,7.760759637404232,-90.74685909543084
1072.0,7.76058054490285,-111.12814222227
1116.0,7.760036316009484,-85.30247481721739
704.0,7.7590375229696145,-107.257682318381
189.0,7.757700715103868,-109.69209396201428
1287.0,7.757639523410511,-82.3451189816841
558.0,7.754319161161267,-88.39148800523893
1717.0,7.750141405033103,-83.37466233822403
1847.0,7.744935760346545,-102.8743976945072
929.0,7.740714648606031,-88.41389151135745
272.0,7.739932738289412,-105.48387808195648
1509.0,7.738758394571626,-119.38684328195292
920.0,7.735655816215251,-88.99961273332137
1385.0,7.733542098753696,-83.20960199641178
198.0,7.731928985580576,-84.38842000716352
1308.0,7.7300328860675815,-107.14461217113572
1304.0,7.729928706005125,-89.04040228794307
1651.0,7.729185663624768,-114.50063517512382
1697.0,7.7287829241159836,-96.77957992010464
82.0,7.727212021115802,-85.73361047064861
1326.0,7.722932975775947,-84.14992556305444
214.0,7.722746755830868,-102.2964799915209
955.0,7.722026101604241,-81.27859960890952
898.0,7.71616297140362,-109.15442795028603
911.0,7.715203121660925,-103.12767859441657
353.0,7.714592431374874,-119.9874728866382
728.0,7.713851563502567,-79.00983897825454
1507.0,7.713250242363175,-93.62263421020054
152.0,7.710409872308787,-102.17244624881512
1670.0,7.7099551477359975,-87.05562690899599
1446.0,7.708435320768205,-100.16081649016814
456.0,7.706356866464272,-104.86252087151864
1760.0,7.70537670524331,-116.5426335978234
632.0,7.705251282154649,-82.64769631486685
1618.0,7.7051894646805215,-102.62401389948396
931.0,7.704504245500762,-111.99955116318505
240.0,7.7042624687098895,-86.76618746349762
99.0,7.702253621295769,-108.38351490189838
1598.0,7.7011990825495715,-81.51783068657414
12.0,7.701050520447827,-97.48946582426598
1862.0,7.700687944520571,-83.66463687277218
1147.0,7.698932711683371,-101.8794555364952
137.0,7.695988339368598,-107.0996058505263
1197.0,7.694911573764402,-105.55333480600396
977.0,7.6927135024526985,-95.3439449898153
1879.0,7.6918116495474775,-87.01826051149658
1923.0,7.691734277513739,-106.00930928618322
1448.0,7.691620833451712,-103.10206482956048
1556.0,7.690446900194142,-73.17735783499592
1322.0,7.690330445415388,-120.87937839023604
1683.0,7.690211321729739,-99.3744549476536
1896.0,7.687815692813762,-93.21043972646324
1170.0,7.687291087301439,-82.17674157579421
1564.0,7.684297224848624,-111.95100259866312
815.0,7.683677256009794,-111.36677827645995
261.0,7.6830139350152855,-104.40339210654363
14.0,7.682213793565082,-108.18123067901958
452.0,7.6798650191383135,-94.04212004151142
89.0,7.677440591702199,-109.91626622579776
420.0,7.676988595701718,-128.53570690973118
1699.0,7.673196421484072,-109.09001114198992
1275.0,7.672501326035383,-110.63512922598224
139.0,7.6717452534830555,-102.59979746397252
994.0,7.670646182999632,-86.51900469115819
874.0,7.670563849571755,-88.77583386493355
1653.0,7.670174427526969,-81.20683503595998
421.0,7.669288586775412,-78.38333703441798
164.0,7.664749920664273,-74.94375580610247
1381.0,7.66457704137371,-85.41132083178375
493.0,7.663418973095636,-105.24670380471557
557.0,7.6612556903141735,-78.60054938313601
701.0,7.658823933473943,-106.39840868000675
117.0,7.658551662048292,-81.53472445042512
1869.0,7.653614270303629,-103.68512071954731
1939.0,7.653278075124521,-104.87738560537606
416.0,7.652544846999193,-85.70518849442425
706.0,7.651509321989931,-124.46043854998766
992.0,7.6508458497794996,-85.81306239113081
365.0,7.649675415540092,-113.902641193084
1254.0,7.649167446454509,-107.61364711491024
1993.0,7.648447821824969,-77.59195859503954
1861.0,7.643646170864083,-86.8881132529065
1512.0,7.642365508913963,-109.95865528154638
508.0,7.6420486964868,-111.75820189323532
796.0,7.641829869821188,-87.47881791281763
1132.0,7.640396169708722,-92.23021208508648
816.0,7.6392456600022625,-90.72230080846256
1550.0,7.6389053733214825,-84.38688737440309
1684.0,7.638717462333075,-78.06771009557977
949.0,7.636802408729446,-120.0577175926624
1103.0,7.6367917444785425,-91.17009863702236
721.0,7.635872699236397,-116.9859640128087
1248.0,7.635213148070224,-102.51604996890258
1158.0,7.634702603753031,-85.8179748152544
1931.0,7.633724366658684,-106.53263293782584
62.0,7.632766498930456,-92.03694517064253
1318.0,7.632746360544878,-81.05273326130678
692.0,7.632710347101095,-88.84791561209371
857.0,7.631649562900548,-112.12508995935482
315.0,7.629639779487991,-116.2811749643748
924.0,7.623463745265655,-88.79680097207594
1096.0,7.622983683250225,-109.81209187090258
1178.0,7.620419964082874,-108.72899233413992
741.0,7.617773911012563,-87.46197235001233
1776.0,7.615987987186342,-115.69661020293827
252.0,7.6155846751580505,-101.70912289628868
1912.0,7.615457858501972,-82.56864702060655
366.0,7.6128716824274445,-108.4765370900283
1903.0,7.612803551344431,-86.58595990354
662.0,7.612302349812164,-90.61998895573896
663.0,7.610373374072827,-89.50099320815923
1175.0,7.608260045263338,-89.15469039978534
754.0,7.607664826873867,-100.40136674243593
1119.0,7.606013100463281,-87.2098697105252
1932.0,7.605174340287448,-97.3461367423278
1359.0,7.604059773214233,-111.4195571540074
713.0,7.602835803383353,-110.6472348155318
1063.0,7.602624748843984,-98.79623032929842
1400.0,7.602594311259785,-106.08211888904476
649.0,7.602036670727776,-71.43659247789442
1469.0,7.601845174445287,-112.04951965788224
1842.0,7.601704271497806,-92.0198157978686
1027.0,7.599569285297302,-90.22883700536364
1051.0,7.598374599020405,-86.83773560526274
623.0,7.592694445883677,-116.49174809616056
431.0,7.5919882323612065,-88.83801862381418
1486.0,7.590992384663523,-85.48713734444854
319.0,7.590982637186778,-94.1358915476838
726.0,7.589837739234661,-80.7191524110462
1480.0,7.588440432620785,-109.32446653918036
391.0,7.5861206825166665,-89.50759223602924
1700.0,7.58597684797488,-90.60002964028888
1406.0,7.582262096803031,-84.72367923867183
1815.0,7.580801806512331,-92.87043973555672
537.0,7.578786233303721,-106.95551814227603
1093.0,7.577794992748113,-112.83016643785726
1872.0,7.576138365658486,-96.64681078052924
664.0,7.573365115493976,-86.70878709664433
1391.0,7.571199524289562,-105.59971703579252
1017.0,7.569574185636466,-113.7824387140002
1200.0,7.5695152481768355,-108.54781992261206
1591.0,7.5694115339012695,-78.67043174664
581.0,7.569237092758732,-78.54896107179802
1606.0,7.5629837798061335,-102.2637629663042
1357.0,7.562410929146045,-89.64265830932479
246.0,7.5596732909713715,-92.17533779314748
849.0,7.558876776879902,-93.14218386644924
1850.0,7.557550691804452,-77.30049206727425
282.0,7.5564173619123425,-102.7389996495012
1843.0,7.555811006080855,-88.65373517207134
1048.0,7.555764144972891,-86.62724719531244
686.0,7.55354852988188,-80.51768903824387
569.0,7.552596513101863,-99.4358115472181
890.0,7.552312813508589,-81.62755545942714
1557.0,7.547623685264452,-89.2811554747492
1747.0,7.543573635818854,-87.26119851774699
1689.0,7.5420839439124014,-89.2949786905735
186.0,7.54113470244015,-117.42473498527248
1775.0,7.540631819804194,-83.41991832398564
1414.0,7.539239516751831,-93.69843064780947
500.0,7.5384591327252615,-116.25770889847968
1852.0,7.537988413568518,-114.92612557236738
615.0,7.534054513268729,-91.02636496493147
464.0,7.532635969765112,-100.011283654513
943.0,7.531870897506768,-85.47529187147651
35.0,7.528805296645793,-109.24380989416731
210.0,7.528752389372596,-82.65200993429717
1349.0,7.527311429500131,-112.93727622568316
1212.0,7.526024311024487,-106.94976176655736
460.0,7.522854996970504,-106.6287104343486
1758.0,7.5212711230076055,-75.38988062677443
322.0,7.520724262613612,-116.94641915537905
1295.0,7.51919620672193,-85.29286774067694
1915.0,7.518110462104947,-82.95329246216363
119.0,7.517288855075718,-80.00841567023195
1073.0,7.514568470212387,-91.18392626355744
769.0,7.513399456807554,-87.33237215259766
617.0,7.513386771712178,-84.77003268232573
479.0,7.513326773708239,-84.02082940335524
1594.0,7.511902894868985,-89.80402745442747
1237.0,7.510043433275181,-120.36632032050292
1069.0,7.506916341293854,-115.65077531058418
594.0,7.505528107058192,-84.78232860136049
1328.0,7.503085468047207,-90.28982074351924
1980.0,7.501264798469025,-85.64333258274529
1306.0,7.501188280562286,-106.49832198659767
1137.0,7.499900200735482,-103.1735353334499
1911.0,7.49916661779127,-79.58638182020802
789.0,7.497604133308488,-91.03728593469714
181.0,7.494357922633105,-86.37609487823516
27.0,7.4938734919007,-83.13894434112095
1139.0,7.49338712694211,-93.68462575309012
637.0,7.492029829130484,-85.17476384827974
1278.0,7.4909433724689025,-108.83660257915216
170.0,7.489088222947122,-86.98846176152796
553.0,7.487633890880345,-81.49918093806902
1943.0,7.486828328396098,-104.82590311735096
1213.0,7.4860359274226775,-90.91837596691948
373.0,7.4850383442528905,-97.52066255098109
900.0,7.484634369235083,-117.73451938837312
1781.0,7.481483748964266,-125.84769404562245
1727.0,7.479017584673848,-95.0787315828547
1038.0,7.478855410656534,-105.55168314780884
127.0,7.476298218464961,-89.76116566357894
1115.0,7.473793375705039,-114.15814378883653
285.0,7.473233813183976,-91.13993101825788
850.0,7.472175525443294,-107.15890464461802
29.0,7.468198940475637,-105.09592223743076
1578.0,7.467975226449813,-91.35716513883686
0.0,7.46743778482636,-103.4107057420738
1499.0,7.467361217026505,-88.70335317517898
459.0,7.467212980772518,-91.96129407124744
325.0,7.464654446128536,-102.84825991042966
1994.0,7.4645653229265365,-82.30264285667069
786.0,7.462160869718381,-103.0019256454423
613.0,7.461563823631316,-90.32436662340332
314.0,7.4614625029958095,-107.14153762444
338.0,7.460152790466074,-78.95896259833933
280.0,7.459818133354952,-92.96628408070156
400.0,7.457692501508078,-73.41826634674976
1007.0,7.457093949051428,-118.50663896641628
614.0,7.455701177943448,-109.73704974634325
709.0,7.455525289345839,-90.80679542985646
357.0,7.454683682035678,-88.7029743033967
1293.0,7.453200933892469,-79.29986517621003
970.0,7.451064345089543,-102.3307218366524
1124.0,7.449057582557623,-109.10032117460212
892.0,7.4485693114136655,-109.22454778710596
1423.0,7.447440730650515,-86.59856008329203
524.0,7.446356104640338,-89.27398882616848
1106.0,7.445309949917422,-107.772513178074
1917.0,7.445057564277698,-118.29860999726714
1196.0,7.44411780191412,-104.6778706450337
659.0,7.442425046236722,-87.98865695121067
1080.0,7.442267436341675,-86.00369497025207
265.0,7.44179437433512,-103.30212019448746
1851.0,7.440591781200533,-105.54146742281988
1586.0,7.439058200758193,-94.75085378301593
998.0,7.4357505426977495,-99.22537979773332
1528.0,7.435060604369763,-107.20871926155384
600.0,7.434462349488127,-109.69249485992675
1777.0,7.434316560588027,-84.34303556902478
1971.0,7.434260315312508,-106.58950662624342
780.0,7.4328754505380585,-105.10139470518098
1377.0,7.42837068874116,-111.99387105029273
946.0,7.426841888309296,-114.11588228234685
1211.0,7.426438576277861,-104.4502559329866
1826.0,7.425703219056155,-78.45909385466987
156.0,7.425579842087999,-82.78110965857837
436.0,7.425314817085542,-75.25464066462898
264.0,7.424993112736535,-121.05050745122531
1207.0,7.421498813834368,-85.18742295678246
1104.0,7.42142478467035,-94.49223884525018
1270.0,7.420398316974457,-86.90173006348991
1715.0,7.4200132348657855,-90.176366380718
1685.0,7.417613295829548,-113.63098304933182
175.0,7.415951373113503,-87.60976679956956
577.0,7.41415170175281,-94.44850094797155
426.0,7.410024677843873,-82.49868994704582
838.0,7.408580145389597,-91.22064681088378
1814.0,7.40677705807079,-109.85103064544066
1242.0,7.4063802654846915,-67.58428736996363
698.0,7.406192553185155,-81.7052217272743
321.0,7.405685248403503,-82.30824817181255
591.0,7.404307449458914,-92.15036347591028
1074.0,7.404149839600286,-119.50852550432828
1795.0,7.404037301915421,-105.74218554539362
21.0,7.402326472033257,-109.92537782278748
1987.0,7.4009458192898006,-113.64701850993828
658.0,7.399467218199927,-100.7666961314338
1296.0,7.398238722957716,-109.23680452018417
1652.0,7.397705448936779,-98.96316415089848
93.0,7.397223933031289,-83.61606620782368
1718.0,7.396810762400252,-84.54548692024738
1411.0,7.395393391787539,-81.26576524712485
1693.0,7.39539162638799,-113.33643614058266
1117.0,7.392681193707853,-103.54816206193551
932.0,7.388913599197915,-79.77220333100456
1858.0,7.3872776035501175,-110.37097063057466
1199.0,7.386160714180168,-86.99072247126394
1300.0,7.385274484903707,-93.57990482148092
1830.0,7.384926425855585,-93.4039870735919
1219.0,7.384562289648905,-85.84623139092857
1579.0,7.383829646077896,-107.45145276323946
784.0,7.380775163532308,-80.86508083000659
1435.0,7.380527194002189,-116.62625035541436
1660.0,7.380276094256963,-104.32044044121788
743.0,7.379697626277788,-92.72940969913913
1515.0,7.379429654050843,-109.91379137276468
501.0,7.378253426592497,-83.52103627376488
521.0,7.378239695731961,-84.31812121315589
907.0,7.378076534232672,-114.8620286240744
1636.0,7.376688488286436,-102.64829065247012
1745.0,7.374880825633478,-78.71611521562112
1783.0,7.374863575362134,-92.97272654486662
345.0,7.374696155025304,-111.47099214844786
1382.0,7.373552497120494,-76.3405477910254
477.0,7.372451751682765,-81.73861654487327
3.0,7.371483140558141,-117.21392205911188
1398.0,7.370707913222603,-81.01135471174081
101.0,7.37035496830093,-94.667413010576
303.0,7.369489725156164,-81.28466295958405
1281.0,7.368149463866305,-80.48476471640703
71.0,7.366285274773341,-111.290166366141
1778.0,7.366143053483839,-115.97368707040356
455.0,7.365944150348375,-81.37837688997749
1664.0,7.36527391827089,-84.77049785224452
961.0,7.363993372318622,-86.40848099645888
116.0,7.363390278968261,-112.21755654490622
1474.0,7.363067321597189,-85.9880287134822
974.0,7.362374497459141,-87.84518079134939
1863.0,7.355221822303929,-81.3124809911092
172.0,7.35417566722596,-79.96153723691644
914.0,7.353936314428806,-89.103902228849
688.0,7.351913629642872,-107.01564927675564
1310.0,7.350913862773615,-88.05067310733102
1984.0,7.349616188126869,-89.3208693354338
1098.0,7.349091541770097,-85.48015838298994
337.0,7.347058996519363,-87.5516839079244
411.0,7.344529483621758,-81.46515290329766
867.0,7.344141641069212,-84.65095293539177
1208.0,7.3423383085569895,-105.12656213134196
363.0,7.342287744502806,-76.38756775419503
118.0,7.341558308473884,-77.61201294909917
1453.0,7.340802715304451,-73.70608633145484
1249.0,7.33911050097345,-89.00981347943939
559.0,7.338351782296261,-113.97198886548595
530.0,7.337850118190411,-109.32913837814414
1803.0,7.3374752901395,-84.80488989410597
1243.0,7.336043527688914,-84.90074487387861
203.0,7.334972938715451,-81.37999368966568
926.0,7.33304852737486,-93.19078884894448
447.0,7.332610444245187,-89.23398539171616
1164.0,7.329960359277296,-88.19892656166766
653.0,7.329751114692243,-92.6758859330678
1873.0,7.328545493250063,-79.63927249581825
339.0,7.328214085775344,-107.80853904663653
586.0,7.324992614124551,-108.98358622798888
1273.0,7.323941154692915,-90.3201053202001
354.0,7.322408291735239,-84.38260602506645
607.0,7.321660713606394,-99.72908668514154
1120.0,7.319123297140438,-88.3324734790593
102.0,7.317571485793639,-91.7086108961998
1375.0,7.317160951096526,-84.29507572544829
717.0,7.3170358253337096,-104.08650635715354
218.0,7.314855704182589,-90.90174022893892
38.0,7.313858095015563,-107.24876416922298
882.0,7.313254079121728,-113.73538234407916
1707.0,7.31073838435663,-84.89918120928388
1155.0,7.310473307676036,-84.20794069575845
1313.0,7.310368990431586,-86.11460490782655
1510.0,7.309226703553312,-87.45705139636213
1719.0,7.307977432474326,-83.86644833830022
1299.0,7.305126904811091,-86.89297265264615
1633.0,7.303920866972884,-117.76754811487928
1908.0,7.302748957427861,-90.85998150676885
75.0,7.30123963695364,-89.98017077107102
1771.0,7.301219697725664,-84.39883050718932
995.0,7.300962509856073,-86.79154343706574
606.0,7.30009925632262,-124.65296444736543
1989.0,7.2994545337684436,-82.65306278984914
428.0,7.298105268410885,-112.62575140581824
1713.0,7.297893099881086,-92.2223960064472
621.0,7.2976652362825245,-85.86299978887698
138.0,7.297551242508879,-91.7392570886432
626.0,7.296731326738796,-85.80247832504426
1756.0,7.293543453521251,-108.73676999026956
1292.0,7.292845488840425,-82.40747873199103
1129.0,7.290038749599338,-74.26660426297265
1284.0,7.289279908086863,-84.79014634158206
263.0,7.288767247614688,-91.8987307901282
1920.0,7.285625699332067,-80.15334894613389
1316.0,7.284139157764225,-83.26426664927617
1791.0,7.2837629726059845,-85.69871781077256
1161.0,7.28334107862726,-114.72230986727628
359.0,7.283074145829511,-97.23119822654364
1160.0,7.281783527951244,-89.26163818536048
1584.0,7.281016934032428,-113.26393729314334
1986.0,7.27496645325145,-81.20943355042013
268.0,7.27375239626678,-110.0248043872492
232.0,7.270513972311116,-84.37044227566324
1187.0,7.268762573873108,-86.50267087070988
1617.0,7.266303456548901,-89.73629203628869
1561.0,7.2661921424302545,-81.63279707578317
937.0,7.265211115670311,-107.4522908075788
1247.0,7.262672127762268,-104.77759470655356
1177.0,7.260555015833567,-111.41242567375504
1608.0,7.260331358598996,-82.04676657665578
133.0,7.258375879490115,-87.73114579355143
458.0,7.258192496638412,-112.09809260196452
674.0,7.2513273396260125,-86.31873095294489
829.0,7.249620002902713,-83.8431286258637
878.0,7.2484795435614995,-111.46687272826614
915.0,7.244789447779219,-85.84472728117093
55.0,7.244416514248525,-90.4369588483574
98.0,7.242377196427496,-107.41307988491413
1491.0,7.2421788679353,-83.91480667981551
1583.0,7.239633772490465,-102.71349533120232
26.0,7.239067196750601,-89.19191137646878
184.0,7.2339415538365435,-83.54110948440082
1482.0,7.233751657048991,-85.94749065361383
978.0,7.233317974361608,-93.11689567976488
1163.0,7.23224889637375,-87.33401030154633
146.0,7.22860283051971,-90.99685751213508
41.0,7.228514240406754,-76.29067069144462
828.0,7.228380857240763,-90.8659093696993
1239.0,7.2270030709234545,-94.47698424782168
1085.0,7.226382403941476,-124.32264644956066
604.0,7.22585877248522,-116.46543530635908
539.0,7.225488668674718,-112.4702250512719
307.0,7.224381211935259,-109.63256381211116
620.0,7.224071495573848,-85.89864562165744
215.0,7.221020647588131,-107.15123535202562
641.0,7.221001932945254,-112.08649986976884
951.0,7.220752109344367,-81.72793094995248
1481.0,7.219829804731843,-117.66346929315704
1144.0,7.21731674743799,-111.92787001482598
644.0,7.216636458660609,-104.0243903821934
1820.0,7.216163965251024,-84.86156650838433
423.0,7.211946688116946,-86.78525874653053
611.0,7.2114255749706295,-107.6266604371324
1597.0,7.207042351155726,-87.79000551376717
708.0,7.2047172062956975,-91.31651941878972
1226.0,7.204435714181883,-85.37753459062458
65.0,7.204187656938451,-82.47734657076245
1675.0,7.204060003156866,-78.95470046285028
901.0,7.204058936264384,-93.83796514078011
1825.0,7.201240018917839,-94.62137555927048
1721.0,7.198100158531195,-121.62893788640864
805.0,7.195045108423485,-106.62663238050207
1343.0,7.194635319249395,-109.8565427799441
1786.0,7.194430898841294,-83.98993634626154
1634.0,7.194061239603823,-102.88788806654652
1376.0,7.193611288320948,-83.83311117374306
1836.0,7.193330199327785,-90.59301520753718
1703.0,7.191487310699456,-110.49335603286296
888.0,7.191367408902351,-108.06656981323928
158.0,7.188195982924474,-80.21663517131863
578.0,7.187749586153071,-109.78267007837304
1420.0,7.186530773163421,-81.253459834638
288.0,7.184288778430854,-126.9333508326356
1627.0,7.182662688285247,-99.36835425195474
861.0,7.18212251052478,-84.10649161476732
361.0,7.1820602927319195,-84.18393861677343
1823.0,7.181841462059235,-79.54342651420289
1135.0,7.181343333609133,-87.01412885001112
1465.0,7.180981896277927,-81.99074851088872
134.0,7.176956524431348,-114.15316531800288
1638.0,7.176437136851562,-101.365327452
739.0,7.176069867561224,-107.0355006448312
106.0,7.1757282504346875,-90.52653290470684
335.0,7.172806152270727,-121.81927748821286
2.0,7.171735317445508,-93.6087328288499
628.0,7.170792633896209,-86.23874697188641
573.0,7.16911495930065,-118.49298601549164
612.0,7.167221121210144,-85.42278466001294
1314.0,7.162539341517774,-69.93213577462426
1473.0,7.1591862731263936,-79.74073923288216
585.0,7.159034303022752,-92.76967315002274
923.0,7.158340797051746,-112.44586798679114
269.0,7.154372740177734,-104.67647670732048
1076.0,7.152951326268569,-79.67152959512137
1309.0,7.1507634326380405,-94.00333979428916
1422.0,7.144913825726191,-87.19840088056156
256.0,7.141998899403325,-90.56439146582304
461.0,7.141067661809891,-111.88601845417864
785.0,7.14040597952629,-89.69308643971006
1761.0,7.139919085460693,-92.5979922694229
1092.0,7.139567433058751,-92.93145742417428
1673.0,7.137342590067617,-96.22518026309037
376.0,7.135012446189409,-89.36473070581908
1041.0,7.134791675167483,-109.5740037399362
1616.0,7.12528294505833,-85.72318993599549
757.0,7.123815419043097,-93.5014968054142
1102.0,7.123760097530011,-120.03588604986244
593.0,7.1214972291075345,-106.53532980521534
1655.0,7.119909903552862,-93.7110546336659
879.0,7.119066614011542,-87.31402018540378
1880.0,7.1133499486397875,-82.96274017222515
1701.0,7.113196164376383,-88.42949801867684
1551.0,7.11317613578962,-92.73820181890808
917.0,7.112771350312683,-110.83216218009736
480.0,7.112557202242423,-80.51586317929606
636.0,7.112035544981423,-105.90332612911098
244.0,7.111119733910633,-82.08835612095558
956.0,7.11019226031728,-91.9663997170857
1023.0,7.109861575976762,-90.2637276509128
1463.0,7.109822778011925,-121.65190823523282
1364.0,7.109135843592846,-77.77832245344383
1142.0,7.108629119160481,-93.54669304351064
1461.0,7.10784678461434,-91.24608662967402
835.0,7.106730224112487,-90.98153185495906
169.0,7.103978622374992,-109.4780863059446
684.0,7.102392521285327,-114.21938481971831
385.0,7.102070901652713,-112.5057867612596
1373.0,7.0990168205126984,-80.01835155970944
43.0,7.098891350791786,-88.86838294078508
107.0,7.098733242189599,-125.6892511154862
167.0,7.098537929610933,-84.99756862591836
885.0,7.097934005585311,-93.60010971216911
1440.0,7.092828552112736,-117.73732510854953
362.0,7.092119385584203,-92.76810816387058
1534.0,7.091314454964441,-90.6198072484928
579.0,7.091104141165865,-80.75571240808144
17.0,7.089670253841713,-83.58077836452881
1333.0,7.082034494103788,-126.86086441088672
1511.0,7.080131074983133,-87.53349518568345
386.0,7.079251927553058,-94.6042201562198
670.0,7.078949282157774,-87.62076863933588
1019.0,7.078939729303373,-107.35305861214414
1047.0,7.075837913019111,-110.64176357993765
283.0,7.0749583950054955,-90.31209105162176
1898.0,7.073984446820753,-76.30039506455948
270.0,7.0731465127377495,-90.2961313627683
344.0,7.072434447567325,-92.4233885531913
185.0,7.070798677301946,-88.2898015987432
1595.0,7.0703789938696,-108.79037696472469
1720.0,7.067259392785596,-93.75293073381016
222.0,7.059912712693011,-89.06414439704488
881.0,7.059469504572609,-81.7037166325396
377.0,7.059458172333428,-93.15384382514212
782.0,7.057557482191555,-91.1075268402702
1021.0,7.0561181166389515,-120.32471450103796
407.0,7.0559625629265765,-85.4077365753845
1522.0,7.055699507963585,-88.24072848692873
1665.0,7.054582295548211,-84.69541379252502
1789.0,7.053764604585944,-85.55693478570592
1099.0,7.053634816988024,-89.49210097374434
526.0,7.051867581026928,-79.73163360912778
1566.0,7.051797086502757,-91.3312748822043
1341.0,7.050899963308235,-88.96882249380974
1678.0,7.050562043053664,-90.89791427171052
1897.0,7.047937872620034,-106.33115184223598
227.0,7.04730546731552,-94.64483602778697
60.0,7.044896388536021,-84.47148864108465
444.0,7.04465091345433,-92.14944298934012
798.0,7.042409051377186,-78.73905806895513
48.0,7.041664016262301,-77.49583143081477
783.0,7.0396241972141835,-111.862206563906
176.0,7.034260093258354,-92.74177395803528
981.0,7.0324731628880635,-87.1666130579168
1502.0,7.0278902965934185,-91.3890497808557
18.0,7.023344733132964,-93.80742569221404
710.0,7.0216062853127195,-81.49742860916899
160.0,7.018774476544436,-91.43217448784866
963.0,7.018473709886182,-108.80214752959594
1632.0,7.015082362888518,-86.06054476800222
1521.0,7.014722853922672,-94.20476499217573
810.0,7.013569625496303,-91.04615417524184
1324.0,7.013045775531296,-85.92345915006675
542.0,7.012396250420201,-89.11159176663492
1100.0,7.01176124852566,-91.3728219695966
791.0,7.011050469170876,-116.54970475085769
1668.0,7.007441971871987,-92.58836139828084
549.0,7.006474176510445,-89.42078652542163
1516.0,7.005205633885672,-81.70275066420686
836.0,7.004842519841317,-85.34746445411986
1312.0,7.003763083881728,-94.53068307185772
183.0,7.002443119094362,-88.78924015400978
110.0,7.002282524439142,-84.11193145145117
194.0,6.999897150219342,-81.18008379466531
1056.0,6.999390383015383,-90.9600085753033
367.0,6.997387723800626,-82.74500080450211
1331.0,6.997272642644889,-93.9320951664548
1244.0,6.995661678232884,-91.29462610112682
51.0,6.995155842581649,-81.37697711790901
1118.0,6.994224420491603,-92.62284663889358
834.0,6.990688921303879,-87.03944488616398
1514.0,6.988327105611637,-86.20138589637035
1344.0,6.988237362810978,-89.20408409309486
1217.0,6.98543575431634,-84.07514310756079
1963.0,6.984472817572424,-126.1851786619431
1559.0,6.984334709656321,-120.7092909989374
1889.0,6.976328516232637,-83.52089222368753
1227.0,6.974988055268581,-117.51256267699354
1395.0,6.97482935781896,-86.5393181255046
532.0,6.974488941410198,-93.04181279118528
19.0,6.974434359625236,-84.43296250532944
1123.0,6.971046769596354,-92.01687834319864
1458.0,6.966338541373651,-85.08356899900663
1136.0,6.966205219250279,-85.18467928593878
806.0,6.965397232663163,-93.91420505707228
1954.0,6.962528493421152,-86.15246770482474
935.0,6.959800574655414,-105.35108306529216
1416.0,6.958150779406358,-91.82096863634126
772.0,6.957870275001802,-102.0201896872924
1026.0,6.956177846265306,-117.0607624473582
1840.0,6.955167558824421,-87.78409996474701
336.0,6.952092993522551,-90.53405310385386
326.0,6.950838723037773,-93.33149250437556
1447.0,6.949662905762469,-88.25504411097656
20.0,6.945979776830809,-93.29766006900556
863.0,6.9448244629039575,-106.67806083053128
1585.0,6.944174212055818,-93.72226043846656
369.0,6.943538315297867,-79.43640575533348
556.0,6.942165561724524,-92.07013660624644
865.0,6.941968930108296,-111.16228585108752
405.0,6.939786547034551,-108.05049332938454
1574.0,6.933643180726654,-105.06842845242346
740.0,6.9331331657224196,-104.47965502220576
812.0,6.931298790058647,-84.4712094226555
1553.0,6.930124342512715,-89.03200470330489
1183.0,6.929695844564138,-101.0809508157483
221.0,6.92525655562148,-89.59531343788024
1188.0,6.924816336452093,-93.087734060325
396.0,6.924135542477697,-91.96923286864516
1064.0,6.919775888635068,-86.74095958336713
999.0,6.919405557963183,-77.92310531592027
528.0,6.919126855398265,-93.50597044058745
242.0,6.918982223130285,-110.39478264845792
1429.0,6.918961088652282,-82.9755075350158
1696.0,6.918918356102293,-104.22866606715364
858.0,6.917260393340002,-115.08254381870624
429.0,6.916656763699361,-90.0962136713784
1250.0,6.916316740089051,-102.24930702317408
1658.0,6.911694434604533,-123.71917477319248
788.0,6.911474881874292,-130.88701258271178
1887.0,6.907573584378102,-113.34291910912611
598.0,6.9009174338184325,-83.27888753564872
1152.0,6.900759672687606,-87.16936657056459
1519.0,6.898990155878268,-92.48093398945105
1895.0,6.898643639593137,-93.28501227359526
355.0,6.898527120620408,-86.91844093676534
1838.0,6.896938045002662,-88.04525216478049
1215.0,6.896257034034584,-86.35442627868791
499.0,6.8942468311774805,-93.0803803457948
1690.0,6.894091763486106,-88.96323599700037
1105.0,6.892065215654118,-84.17816853399032
933.0,6.886795327328556,-81.08588490136032
151.0,6.883968314789847,-81.16589913840515
533.0,6.883968257030125,-110.98655891886024
1728.0,6.882407120301357,-82.82127298178182
1593.0,6.882217573341485,-118.70005800157767
622.0,6.880941027755812,-91.69411501641628
1015.0,6.87883812220027,-100.4070277311614
1327.0,6.876145352298027,-90.08043680260066
794.0,6.8729841710391675,-103.88579233865008
1821.0,6.872453737366286,-92.38374512030052
1045.0,6.869211191350044,-82.02235385873067
267.0,6.868920173950477,-90.69169847667834
1218.0,6.867478208397982,-87.14536318120501
804.0,6.866009944661208,-122.0567569699368
1520.0,6.864342319792067,-87.46861634121385
1533.0,6.864339079651913,-89.13106442594669
958.0,6.863685251183699,-90.00295381452017
912.0,6.863428243749304,-93.82034796667624
1209.0,6.862230970042823,-81.22881629436196
722.0,6.859627421304239,-89.78904874740189
131.0,6.851339709278142,-90.71732756799172
1974.0,6.849768739801684,-86.24240008724607
311.0,6.848232848045864,-89.98035330101715
1154.0,6.848059241471157,-100.0940394414509
1970.0,6.846341176592892,-91.38346444119908
364.0,6.845519107397826,-80.17202866871219
939.0,6.841998171914572,-94.37245462673044
1577.0,6.839008872541904,-82.18167747809859
1484.0,6.838590136128696,-90.99458630479631
1992.0,6.838572071520976,-93.21357335720435
572.0,6.838357969289161,-88.84439664817555
1590.0,6.837386349396511,-106.28424245002635
1784.0,6.83709566563112,-93.94640521990851
1998.0,6.835566012207705,-102.31453201717096
80.0,6.835141802474066,-89.43357853814908
944.0,6.834251056489757,-87.78949386206243
872.0,6.833397087189754,-108.05296693392108
1837.0,6.83299537047618,-82.73951876123456
866.0,6.832252915068528,-88.70678627282304
1107.0,6.831536269559674,-101.8878383182535
1291.0,6.8307321780495025,-106.90591414400264
1259.0,6.826094774907515,-80.17572679895208
237.0,6.825321392041889,-88.14283270197622
1368.0,6.824600705030244,-107.86275305134735
115.0,6.823973858802296,-82.34790841003424
1468.0,6.8233654823187395,-131.49928539253654
120.0,6.8207838291187874,-93.20884897104791
1274.0,6.820424422751263,-93.54407129884996
255.0,6.81867355979012,-84.70528846095084
1198.0,6.818552470951974,-89.7801909440838
529.0,6.817234792596089,-85.38193494009958
697.0,6.814785647864389,-92.33364609264228
81.0,6.812778579479336,-94.81306712619656
1753.0,6.812100354024064,-91.42299883776658
552.0,6.810199123465319,-89.43966477324128
1508.0,6.8088398259386995,-94.46950957280852
938.0,6.808298070339363,-80.36599765064047
1367.0,6.808213606640089,-87.08121823745456
1133.0,6.807203275582809,-85.90261018373083
842.0,6.801605972553629,-91.4042482568899
128.0,6.8006167261173935,-87.55893097452392
36.0,6.798701968178959,-85.24775655737103
1439.0,6.798108406851768,-89.2235270134949
100.0,6.797412017287721,-90.11331275161342
973.0,6.7972738660271546,-85.04985689774489
108.0,6.795768678554277,-91.44638523593952
1492.0,6.793118347920793,-92.83611527919142
1930.0,6.791717865192399,-91.49249495944989
1640.0,6.790883401361421,-87.06205473809774
1568.0,6.790256644208433,-134.5432013750379
1692.0,6.789472199151337,-90.06558708814467
1731.0,6.7878568246612385,-114.62667242438782
238.0,6.787849233188311,-84.90653306501426
580.0,6.783637866729548,-121.64330377855146
1596.0,6.778494790984438,-89.89106156704747
1644.0,6.772342432860803,-93.1185909502878
1487.0,6.772060581775335,-91.31495201767284
1011.0,6.767956319766039,-122.9214882294645
1712.0,6.767894193954089,-80.64893104399049
1355.0,6.762172011984919,-92.92926902430212
1982.0,6.761203101785291,-94.75391417751672
1184.0,6.7565401388807595,-84.82625971765727
654.0,6.754163586260546,-115.6913870310582
144.0,6.7540296296927025,-108.7771521913306
471.0,6.753021022279405,-92.1269187429438
1572.0,6.752998692746426,-111.45547621983054
1402.0,6.748975305693057,-90.22645692923145
891.0,6.743975166126275,-86.84331293439533
1216.0,6.742628836846977,-92.07514212896324
1926.0,6.740528455461386,-94.12269375537312
56.0,6.737206024109552,-91.6800281501198
308.0,6.7362013444019215,-80.11519483113675
262.0,6.7338513471909724,-110.886483623768
657.0,6.72930860890265,-92.43285800814336
531.0,6.728710837321826,-82.26878949377344
201.0,6.725236790020661,-107.46115321811644
1286.0,6.725104534115482,-116.12925170012684
273.0,6.722207331777455,-82.96203587641968
469.0,6.714029443958498,-94.77222550514762
1140.0,6.713749555803801,-91.43516534513576
826.0,6.713408719781975,-107.57707123599504
329.0,6.713136227636216,-94.56763464313156
511.0,6.711992079916982,-115.50223473428524
1369.0,6.7102512124446765,-79.63469787697271
1614.0,6.709543788153755,-94.460581013217
1855.0,6.709137686993804,-83.41220286851062
922.0,6.706281973081338,-90.45250046870387
163.0,6.705242824254022,-89.24117073628237
1399.0,6.703448277092928,-85.53691599204316
1363.0,6.69737199161816,-91.23761885833684
800.0,6.693658386961487,-93.45645769951037
1983.0,6.680412802613579,-94.5707925146816
1342.0,6.6713861419762654,-81.52133340854184
1704.0,6.671152563845379,-92.49978233770152
763.0,6.670549076263377,-85.23115756821964
1751.0,6.670028856272244,-89.7498026696668
745.0,6.6673549171401065,-84.52615245245272
1087.0,6.661821544851977,-93.0735956224491
1386.0,6.661490213269253,-90.62887660050946
1960.0,6.655209465213075,-89.48430087636206
1679.0,6.655132914607127,-79.34887001343813
1005.0,6.654437227971153,-87.54692207363853
216.0,6.6519978729983,-80.84917907250913
560.0,6.651776056810302,-90.71404048466434
1916.0,6.643519188358719,-94.27137182983122
1976.0,6.6420280686737865,-80.34583797696635
896.0,6.640532689553599,-87.25733249173545
1532.0,6.63686365351744,-82.96687094172145
1918.0,6.636264141473751,-90.3746461576684
1404.0,6.634477319396332,-90.8420848957841
1455.0,6.630968707081027,-93.20429074086304
1206.0,6.63072669702378,-81.62139174393232
1592.0,6.62541636060081,-80.81580212527668
1464.0,6.624892456039774,-85.83156532767667
1526.0,6.619932596929887,-86.88950593511827
309.0,6.618048209680762,-93.55503898821055
1666.0,6.616365920443883,-93.43979181752717
550.0,6.61438267538065,-87.03988020697392
503.0,6.612089914089224,-86.71646326051882
947.0,6.611544136401403,-89.44621836153763
1805.0,6.60901754494979,-91.67431354956554
753.0,6.6088746054810015,-125.50034733578558
1010.0,6.608830709734226,-81.59637015126235
1356.0,6.608828668950183,-121.71856344447885
971.0,6.608123849521569,-88.21253303482877
1948.0,6.607945773081079,-94.90744601883348
590.0,6.602817136959865,-89.58434503386789
773.0,6.597533534405129,-85.7242716571014
1839.0,6.592928203396676,-88.63563491415496
1878.0,6.591435613585537,-80.25300067715676
403.0,6.590670077714077,-88.48581915125145
1537.0,6.589397838668799,-85.00701231695821
693.0,6.589360689677143,-93.85533675287104
470.0,6.585105679049313,-81.49464747736774
406.0,6.582739957832061,-112.35111746261995
541.0,6.575322610585201,-79.39680261877865
1856.0,6.571048426645192,-117.62915870434702
902.0,6.570555262992177,-123.98290605675513
130.0,6.570217173592219,-89.14322912202927
1885.0,6.569266386790146,-83.8653322297779
1234.0,6.566876890569943,-92.10103623628272
616.0,6.563611211786411,-84.62589274225292
1576.0,6.557615359958116,-94.7720728635462
1563.0,6.557108042028062,-108.52961473692646
1033.0,6.556531353898342,-88.20799502735754
496.0,6.556488566536685,-76.57872232829382
592.0,6.556464118008379,-92.91283503087826
1425.0,6.545353065147187,-74.75186682189732
463.0,6.543792505741159,-93.21493699482646
1543.0,6.5344209598598155,-91.87913162197944
831.0,6.533665092727734,-105.61950679790662
410.0,6.530105819770567,-121.64140209439736
1562.0,6.526373786696489,-94.18710862685283
180.0,6.522596712895585,-123.31631469422275
1294.0,6.515531100320694,-116.40122956405168
507.0,6.5150342124707405,-109.50226231433652
1396.0,6.508477743834591,-94.2425463733196
1088.0,6.508072032867311,-87.30116842630585
1262.0,6.499470901690898,-91.95636022119533
1569.0,6.4981972590690935,-89.50008368941987
1252.0,6.483373662759261,-91.0036625023583
78.0,6.479328901492691,-94.0529063762034
1151.0,6.47376605407199,-85.7931286981637
1643.0,6.472103955601291,-84.54422706238441
1768.0,6.471515289463374,-89.4728999358246
510.0,6.468593851852641,-94.72306769509667
1128.0,6.468097594208884,-88.60076109106897
975.0,6.461371778302035,-92.73778548402588
1340.0,6.456382764996435,-91.917013870712
870.0,6.455225053004514,-92.87853682337268
1808.0,6.454619620685473,-91.37790802173728
1733.0,6.449282257615558,-126.35063637697496
848.0,6.449196317187712,-84.88686818515033
1736.0,6.449111168590874,-91.67972083664937
1995.0,6.445626244098452,-93.4770182576028
802.0,6.444746074599533,-94.30101369408256
191.0,6.44197894542397,-85.27264785972191
1732.0,6.441666825129863,-89.04469784584495
1181.0,6.441366933114579,-90.70926353327246
165.0,6.440270536282032,-92.83662858363628
682.0,6.439154083108323,-86.71623526138302
716.0,6.4385492185767506,-94.20799539513054
905.0,6.435537167494878,-94.74240981716812
1603.0,6.43480896595029,-94.88562189042844
1089.0,6.430962655017966,-87.13135062441773
1311.0,6.430681416519317,-91.92805989205904
1859.0,6.42768292433068,-91.43024522139136
1835.0,6.42700657563682,-92.02105373958908
46.0,6.425966106472576,-91.40357646940016
793.0,6.42509094565351,-92.50850840987351
1058.0,6.421742335948982,-112.75222475157504
1451.0,6.411518620206369,-93.05910784032764
1864.0,6.410420607830971,-93.06771268707642
1189.0,6.406457029897323,-90.31850095047112
1235.0,6.404061504605478,-90.41423686800871
1767.0,6.4028901697245955,-94.60969746064282
535.0,6.402206180839319,-92.81399007309132
249.0,6.402120756139355,-89.65046215510753
1921.0,6.401234814385096,-89.76227490308673
1288.0,6.400870786931782,-89.6568540688029
718.0,6.3989458218628705,-94.01076659506587
291.0,6.392503993625612,-94.91207456059436
1619.0,6.3909361729728555,-90.0630792075174
774.0,6.390329977057903,-91.60214296818876
989.0,6.38599067341971,-91.91264550987552
1126.0,6.382399361273318,-92.09830303683236
341.0,6.381026948240008,-93.16902591005854
161.0,6.378695288136239,-90.19510654893708
236.0,6.3744044472051264,-86.5797318640656
342.0,6.371480723665179,-88.07560540147364
1535.0,6.367847012739718,-87.09282237858449
1008.0,6.367136630928498,-94.49059351960706
32.0,6.366749503994958,-114.09601632534697
827.0,6.3533185805434185,-92.28815953212938
1711.0,6.352156836372948,-92.19875058335614
1542.0,6.344827583424214,-93.20972612880168
289.0,6.33156934391886,-93.36156666555438
486.0,6.330726189816599,-83.49653817223363
204.0,6.3282069443780875,-91.3620228701658
627.0,6.328061792877528,-89.85063506282845
1138.0,6.327956558313554,-93.46885786004918
953.0,6.314917690656636,-93.6100063884313
287.0,6.314650835619937,-83.76316738037325
239.0,6.31104330534058,-93.63775177464416
1477.0,6.306051017647869,-92.76157075899948
1947.0,6.305715739174096,-91.48891733966798
685.0,6.30378243683936,-92.14134674051456
1224.0,6.292976694009042,-94.79783829347738
814.0,6.288305211331171,-89.44108742388207
47.0,6.280807844217354,-93.27529515964628
1504.0,6.275475924548395,-93.22549955138632
451.0,6.272446449455249,-82.34494989110152
990.0,6.271094714012597,-93.86501485172263
966.0,6.25560284642603,-87.63813623690503
402.0,6.255455670482237,-90.94573116742716
1541.0,6.247841511574706,-84.43272692181885
494.0,6.246332641743773,-130.67339417198417
1513.0,6.245413040296137,-85.779608698969
1039.0,6.239665220768456,-115.88708608671624
166.0,6.228177032981387,-90.2537999737456
1615.0,6.223403381402706,-79.90325175941925
1672.0,6.219467517755535,-93.63179734374188
1408.0,6.215911902904618,-94.45625847785286
1819.0,6.207971388234451,-92.09895895283388
1055.0,6.2070420861725255,-94.2386034905456
1886.0,6.200670631016358,-83.26153283320227
1228.0,6.189767955806625,-91.30930397382951
1476.0,6.174352621585771,-90.36487050272127
1319.0,6.1601742179003365,-90.2284039297718
1236.0,6.158502512678403,-89.19073408133437
84.0,6.149789617260991,-93.24482018482058
1179.0,6.145453222117742,-91.08015277163418
976.0,6.142610392801359,-88.86375190211902
1601.0,6.138497982796208,-112.84433579587736
650.0,6.127361969376797,-93.42770784475027
1111.0,6.122559510144161,-105.32597488681164
1434.0,6.119219877453188,-79.2394797531892
1127.0,6.113950102516349,-91.14127944309494
330.0,6.111266848342044,-109.07836996291675
1246.0,6.101235458607648,-89.039250522132
277.0,6.099940858274444,-87.92269720576981
1988.0,6.099638575862011,-86.78156617864411
1558.0,6.095176078230174,-85.43537731924746
212.0,6.089019959222634,-116.13256367493808
671.0,6.087819664853784,-94.71269481248322
980.0,6.05752464201858,-89.55496636412848
296.0,6.057115173325047,-84.69191318227158
295.0,6.047270732951515,-85.13273160793646
1799.0,6.046167779178964,-94.2261163813109
1472.0,6.029473104870835,-90.73539543203104
31.0,6.017887654345818,-88.39371866267035
1793.0,6.005426526919723,-91.59234970884808
1900.0,6.004110709961072,-94.38639246969817
1529.0,6.001635977588716,-94.76055570181067
358.0,5.995310132568837,-90.93261219684868
1874.0,5.992652675500605,-90.45525990251548
88.0,5.978579622444747,-90.30363078373657
1936.0,5.974599764703493,-93.83680135241332
1361.0,5.971282026084811,-92.81354996034231
647.0,5.965768834460008,-93.20316852856551
509.0,5.962744071414987,-92.84101052323416
504.0,5.952370698888579,-94.06603171119966
1460.0,5.948565736395086,-94.41189411747858
223.0,5.929152869790428,-90.07398367546054
1937.0,5.908434538139531,-91.53119740706572
129.0,5.866863922232938,-92.73890899534604
1427.0,5.847742445440927,-94.41719354991264
1079.0,5.839977816087566,-94.45432461775638
1036.0,5.839639674311336,-94.43983295907202
588.0,5.83512075736022,-88.05825047412158
1774.0,5.8190095037720475,-91.43600212520508
200.0,5.73991677721146,-81.66788583664385
839.0,5.69624933021667,-93.56604634132104
1853.0,5.6774714188641475,-88.92949886884085
1681.0,5.637151931700722,-94.34267556646876
1868.0,5.612846610021557,-92.73802873087398
1806.0,5.575622745632238,-94.66818802136716
1307.0,5.509847120461173,-94.32341895743824
399.0,5.4344269470316275,-93.1225730225797
609.0,5.429612232255164,-93.48658629324422
1225.0,5.365529363565399,-90.48734657570256
1531.0,4.991853896642344,-148.82568223217092
