User_ID,x_coord,y_coord,distance_m,LOS,PathLoss_dB,Fading,h_value,h_abs2,h_norm
1,-979.1371462983262,-2899.1021747987484,3059.9841455772385,0,143.8108415208536,1.128790757217175,7.278994121100918e-08,5.298375541502173e-15,0.002149682636797283
2,-4750.37876364476,-1096.247810561455,4875.2289854167775,0,179.3687242723039,1.8568435076543002,1.996820790875687e-09,3.9872932708734046e-18,5.897148577847807e-05
3,-1562.9628534575218,3982.0843366253616,4277.832225004287,0,155.42545081156698,1.108897036179719,1.877667469171524e-08,3.525635124784996e-16,0.0005545256788236883
4,1509.501851246788,-3562.00312549111,3868.6511996981476,0,152.42960588393458,0.9411193295077477,2.2499061313129384e-08,5.062077599719553e-16,0.0006644577622183403
5,-787.4115066403054,-1811.201018736285,1974.959749225516,0,158.16222399616436,1.1675945821087594,1.442716076611513e-08,2.081429677713317e-16,0.0004260728403021428
6,1030.5964125875335,1684.55752135888,1974.8070813132776,0,166.66409540864487,1.8770780459359828,8.715204051888834e-09,7.595478166605955e-17,0.0002573834037340474
7,1021.182296234367,-639.7476237255534,1205.0270968758282,0,152.40933698400355,0.9036383573801343,2.1653485239825657e-08,4.688734230313476e-16,0.000639485627708671
8,2048.203620451545,-4178.428600986567,4653.429234916265,0,168.34933135941637,0.6178542205752027,2.3627591284561756e-09,5.582630699102986e-18,6.977862859722047e-05
9,3685.338085036248,-1202.5633008542984,3876.580360779359,0,165.90051748224735,1.5778741912682923,7.999198952758996e-09,6.39871838858206e-17,0.00023623784840249654
10,-639.3818218139932,-4158.485942123041,4207.352426990296,0,168.6437102837645,1.8700667224914185,6.913080083143159e-09,4.7790676235950625e-17,0.00020416183849416696
11,-542.8004875954971,-469.02024269870464,717.364870477403,0,140.146836820911,0.46058457659389423,4.528637409415308e-08,2.050855678595579e-15,0.001337428365156904
12,-4288.658949837282,2419.7418697105763,4924.200067427181,0,167.4504681459398,0.7406365077528049,3.1410996062036657e-09,9.866506736092824e-18,9.276511522838728e-05
13,4160.4347974164775,-1871.322611538871,4561.914731777715,0,165.3088898203705,0.5533869063518492,3.0032009184662972e-09,9.019215756676811e-18,8.869259628230361e-05
14,1535.1900666015715,-1718.042265593244,2304.013404248531,0,154.06930793135302,0.9247928000974663,1.830539241555703e-08,3.350873914875329e-16,0.0005406074463147386
15,2046.5720348855077,597.6345758087532,2132.0469460538425,0,148.70772269571586,1.0940524191465528,4.014689812753369e-08,1.6117734292625682e-15,0.0011856458239998624
16,2111.969807955646,353.1235996356491,2141.287637459257,0,151.61531722022406,1.662294013996214,4.3645751932677444e-08,1.9049516617688167e-15,0.0012889763824324614
17,-1967.983429489873,1932.1224845339698,2757.9079161546424,0,147.06673232821228,1.4512796598419628,6.433013934376891e-08,4.138366827988725e-15,0.0018998419461442578
18,1345.0486637168135,-3362.99790113517,3622.0036983423893,0,160.7418435060035,1.39286080808452,1.278838031156542e-08,1.6354267099323406e-16,0.00037767524813407205
19,3275.6302743303695,-262.43431929387793,3286.1262096962882,0,153.95015858990882,0.9321409457876754,1.8705686694515663e-08,3.4990271471338034e-16,0.0005524292124375076
20,1580.2871866715627,2187.1033154820843,2698.2825102184997,0,150.26775178689638,1.9192028788193853,5.8848215382013015e-08,3.4631124536477933e-15,0.0017379459951272333
21,-3246.7133010184125,-2180.636400010238,3911.051312378743,0,163.54092552833853,1.128990561558356,7.51007086094986e-09,5.640116433648818e-17,0.00022179258098451907
22,-1368.4420907050242,1270.713484892605,1867.4438455549464,0,159.49326260464198,2.7814537265951023,2.9485514412586795e-08,8.693955601748635e-16,0.0008707865031245172
23,2654.3785250024143,-507.82955741711146,2702.5203446746614,0,162.4232797428666,1.4181046343692503,1.0728630523509622e-08,1.1510351290998235e-16,0.00031684529990407207
24,1655.4967558953717,-2533.4515139552586,3026.3915943483407,0,149.21707607857104,0.519572626648143,1.7980114727332623e-08,3.232845256080435e-16,0.0005310011217748334
25,1779.2606069310918,-2869.839942932201,3376.647687489161,0,154.35082654951887,1.5017056599152547,2.8776865711466194e-08,8.281080001757587e-16,0.0008498582020015388
26,-4345.067829654108,865.9010281379012,4430.507762641359,0,169.91108620831682,0.8867882463357419,2.833124226561396e-09,8.026592883129108e-18,8.3669774372721e-05
27,-1921.8163081448322,1139.5028002192716,2234.2436201003225,0,148.06991132844882,1.5227638451348169,6.013633968902875e-08,3.616379351194254e-15,0.001775987768629991
28,-525.4250677436331,3546.7998898340584,3585.50707157862,0,159.83409454270023,0.37996027442232516,3.872874870745014e-09,1.4999159764448208e-17,0.00011437640593766391
29,3609.506247238875,1334.8516294684578,3848.423602145567,0,165.52547385936327,0.620045466815332,3.2820851468594515e-09,1.0772082911235427e-17,9.692879723918388e-05
30,711.2303886979097,-809.5749824398996,1077.6178905344618,0,136.4734475300519,1.9678003206718564,2.9533073789881944e-07,8.722024474786119e-14,0.008721910593844528
31,1500.4835094566133,-3596.8278434454883,3897.2581769156577,0,163.04212765189303,0.7179255439205167,5.057932430874535e-09,2.5582680475292383e-17,0.0001493743413423773
32,2064.7250851462413,-3.6626425070645827,2064.72833374812,0,144.7232137344962,1.9048660908908175,1.1058692041100794e-07,1.2229466965990603e-14,0.003265929037849966
33,1274.9759751906395,-26.946007471710043,1275.2606888914859,0,141.41480644970656,0.8093196394240626,6.876694908850426e-08,4.728893286940937e-15,0.0020308728648721877
34,-4578.103337562071,-1662.2599862645914,4870.537796930985,0,167.52823576753335,1.4350531472738108,6.031928668996964e-09,3.6384163467867485e-17,0.00017813906853631796
35,584.7777708750241,-4878.405045253461,4913.328894635895,0,156.1743688379789,1.5392611009374846,2.3910785993638448e-08,5.717256868335765e-16,0.0007061497870110398
36,4227.526659642158,-1529.036312494361,4495.545984962398,0,167.11761965189905,1.198984971789513,5.283634375405695e-09,2.791679221296873e-17,0.00015603992649298922
37,1617.0968507285302,-2236.1444507674673,2759.5913156361157,0,157.1159928985853,0.8535696224549959,1.189705051831095e-08,1.4153981103524284e-16,0.0003513518832797885
38,26.03586004332106,1562.409992336007,1562.6269068973556,0,151.61458952152043,0.6914842878398406,1.8157365686351054e-08,3.296899286678787e-16,0.0005362358190780367
39,-3937.8392771509994,1264.6135734408417,4135.918962311027,0,164.6189288853637,0.25981770228589396,1.5265895791920776e-09,2.3304757432978446e-18,4.5084294028919184e-05
40,2283.519066623386,2406.1074406305074,3317.1994729726507,0,168.20763743080303,0.8512680093850694,3.3089060881685564e-09,1.0948859500318938e-17,9.772089173569683e-05
41,1674.4081609511657,-497.3059236120221,1746.698563324385,0,150.830566760367,1.4552661241795055,4.182289406703365e-08,1.7491544681423182e-15,0.0012351424894806264
42,-2764.121972785918,-2176.9364878984957,3518.4403864186406,0,158.32522911086048,2.3603175404633054,2.8622593206002208e-08,8.192528418362837e-16,0.000845302120202135
43,124.04996079449175,918.8713920388125,927.2071116425176,0,140.5560891841474,2.0246131808799426,1.8990552529760627e-07,3.6064108538559775e-14,0.005608420663243883
44,-2252.183530254214,-4202.461112017721,4767.914643947556,0,168.56947696003047,1.704529861719869,6.355222587720432e-09,4.0388854139471986e-17,0.0001876868070301207
45,-1874.495489825959,-1719.2341895805123,2543.5210909289553,0,156.2728218651357,1.762544378683102,2.707066768337898e-08,7.328210488239391e-16,0.000799469587655988
46,-2557.799484663151,3165.551911611381,4069.7735942985264,0,163.28505223386955,1.478904786605056,1.0131823202878315e-08,1.0265384141438339e-16,0.0002992199753972762
47,2110.620699080299,1827.035075429332,2791.554567303902,0,153.1981444498027,0.7765214913925694,1.699206878626155e-08,2.8873040163704404e-16,0.000501821469084617
48,-1705.783457920638,-3176.7913567197925,3605.787088756804,0,157.28804622815696,2.1804839335317703,2.979549326673753e-08,8.877714190082014e-16,0.0008799410119681288
49,-3666.938391306679,-470.4464028379577,3696.9929650436166,0,153.21905770939213,1.49055977231379,3.253842375063354e-08,1.0587490201757928e-15,0.0009609471226624648
50,300.4715957596982,-2128.6329435296725,2149.735190235806,0,163.85858469265352,1.282171975895886,8.222749230311835e-09,6.761360490459388e-17,0.00024283988904315952
51,-4883.915653212775,-622.0800482391222,4923.37442148309,0,158.29778958688036,0.4850694751976559,5.900848526608281e-09,3.482001333397512e-17,0.00017426791956389305
52,2636.0486617342926,-3525.559251664438,4402.081392253881,0,160.01683816921243,1.088574961483073,1.0864667313463451e-08,1.1804099583224112e-16,0.0003208628320034819
53,-4590.915232371684,-1552.7301337587178,4846.3876794066655,0,161.22922606287054,1.110720329158511,9.641473625138797e-09,9.295801366424706e-17,0.00028473863421619425
54,-4387.287301754165,-1767.029680723522,4729.76571942958,0,170.56578042858786,1.9996265610643225,5.924611475501796e-09,3.510102113564757e-17,0.00017496970332392395
55,2762.071951060489,-2705.2648682600434,3866.19961593774,0,160.52301245023352,1.2578449021924478,1.1843402019461018e-08,1.4026617139457334e-16,0.0003497674988916542
56,-3944.6750366975416,2736.1276889855067,4800.71410058732,0,172.8928172061629,0.9784498520083474,2.2176740344305752e-09,4.918078122987584e-18,6.549387575505492e-05
57,990.5095410100297,1109.5960528345836,1487.3844665378174,0,143.46628674458543,2.743580565739719,1.8407863304240468e-07,3.388494314276028e-14,0.005436336871182777
58,2177.399251025325,398.1256863265462,2213.4975853789924,0,155.4929166831524,0.4844456618172125,8.139528291220673e-09,6.625192080358173e-17,0.00024038215099850813
59,34.31673125572796,-1062.7815319807612,1063.3354234499345,0,137.053551933843,1.047979674088515,1.4712120141180569e-07,2.1644647904853097e-14,0.004344884566713745
60,-2075.13500339995,-1956.29061919386,2851.886791070362,0,170.6076931479381,0.29302989030773435,8.640269028137999e-10,7.465424887860077e-19,2.5517037104347013e-05
61,-886.9642384216544,-2988.348487375283,3117.1994229174766,0,151.96177078555868,1.641161143619447,4.140594364663266e-08,1.7144521692681196e-15,0.0012228288227262732
62,600.6334770028077,2534.356963936003,2604.5586563460993,0,158.20444024234908,2.236948828723571,2.7506417933995873e-08,7.566030275596498e-16,0.0008123384639340406
63,2980.5936000538118,3440.130741718472,4551.751061822058,0,168.45458740122297,0.8106243456916642,3.0625999621600494e-09,9.379518528222736e-18,9.044680971820497e-05
64,2973.9795208108167,272.54169797958474,2986.44155598929,0,160.92130964432624,1.9770368208573301,1.778071723979119e-08,3.1615390556140766e-16,0.0005251123779503778
65,-1565.6311542347462,2138.261403821828,2650.162776544965,0,155.50102851026125,0.8314078035697035,1.3956054956394657e-08,1.9477146994590787e-16,0.00041215981932147394
66,-3111.0139832247987,-1972.0532637674835,3683.395455141385,0,160.80138485137792,2.1984266121997207,2.004669256108178e-08,4.0186988263853155e-16,0.0005920327205492091
67,-1462.973761420423,1175.9308643642469,1876.9937731300724,0,151.4849609242848,1.6746754262317038,4.463572584148028e-08,1.9923480213957905e-15,0.001318212973192531
68,-4137.114209112513,1714.412593167217,4478.272492697491,0,163.53778434215366,1.8079146922221958,1.2030639603204148e-08,1.4473628926218405e-16,0.0003552971280688736
69,1125.0568448942322,-773.3131240001728,1365.1981878080087,0,151.9089647528481,0.1906339236031429,4.8389590726861055e-09,2.3415524907131173e-17,0.00014290746943415182
70,-2875.3715903102016,4050.2359971549704,4967.109160770773,0,179.14796617072548,2.5658234438232093,2.8302738606882554e-09,8.010450126495202e-18,8.358559540617606e-05
71,-4376.90997234193,-385.7179363604945,4393.872919465974,0,160.80256641295432,1.610639036013149,1.4684863025379769e-08,2.1564520207416585e-16,0.000433683480769604
72,467.7877193337659,-2179.2353447929445,2228.876855807496,0,145.7084206920878,0.852625781216734,4.419136595962733e-08,1.9528768253777094e-15,0.0013050898313597952
73,-295.77952201557645,224.8719690096948,371.55474440526257,1,94.8921704435121,1.8806394506150867,3.386078482703647e-05,1.146552749102863e-09,1.0
74,-3250.5931781028016,-3133.71659564843,4515.145148427773,0,180.0151004907861,0.813165515264044,8.117530484562677e-10,6.589430116780437e-19,2.3973249663372118e-05
75,2727.372673488907,-3198.8860398733186,4203.740429211874,0,158.68875986350838,2.0305820827607124,2.3614706737875857e-08,5.576543743158794e-16,0.0006974057706725234
76,4056.1594821707877,-1331.4463775235874,4269.095829449683,0,173.56813133582085,0.4887480792414313,1.0248929290601913e-09,1.0504055160375782e-18,3.0267843297059546e-05
77,2645.9061859303297,3504.4170873918906,4391.099938187315,0,174.2046712103531,1.5597022151963411,3.039541857670639e-09,9.23881470453188e-18,8.976584190817952e-05
78,1218.3666269331782,-605.556814615878,1360.5573465871473,0,142.7491515942219,1.2474360672733937,9.08993372954646e-08,8.262689520754643e-15,0.002684501784580172
79,-2989.928435327301,148.22673587465104,2993.600376404108,0,161.88875380799323,0.4505936562503061,3.625328646605171e-09,1.314300779589608e-17,0.00010706570048874037
80,-88.12473164442511,1699.6942430333877,1701.9772290275341,0,159.4362266549051,0.7442201756043723,7.94127264395506e-09,6.306381120562899e-17,0.00023452712878687545
81,-4492.8921856207435,1179.6208947275788,4645.167989092519,0,162.6659093192342,0.1579975219744159,1.162397881003213e-09,1.3511688337607598e-18,3.432873416670146e-05
82,3916.4358785034324,-493.94653583155934,3947.461611046895,0,161.37550588574996,1.1247723117682813,9.600399874834784e-09,9.216767775672773e-17,0.0002835256159558727
83,-2873.0936338957104,133.35513557480047,2876.1868196131195,0,154.37613525739957,0.8467397414048716,1.617868356484544e-08,2.6174980189139997e-16,0.0004778000169661577
84,-598.5862581043305,1109.3481188334197,1260.539074027692,0,138.7462377480192,1.3506982271518475,1.5604377293233452e-07,2.4349659070957975e-14,0.0046083920892388735
85,-1864.8505576970745,-2072.8942183209606,2788.2894474734067,0,153.4965253262247,0.8399246632231211,1.775881845671868e-08,3.153756329786921e-16,0.0005244656480182639
86,176.4273193391769,2845.778707429562,2851.242369681798,0,150.38970790162384,0.8444636115602306,2.5532629612864596e-08,6.519151749477301e-16,0.0007540471889026572
87,3794.7811278893273,1959.538376727184,4270.849383723524,0,163.9438491836405,1.648897342363694,1.0471313421465372e-08,1.0964840477056084e-16,0.00030924603416470286
88,2753.375864319595,2890.996045251991,3992.359801405721,0,158.14216128282396,0.31413466297101106,3.89052129526527e-09,1.5136155948912552e-17,0.00011489755229060273
89,3265.8514211010424,3393.307097758832,4709.5985566084255,0,166.53852763334422,2.1596121699005026,1.017300796395563e-08,1.0349009103470468e-16,0.00030043627210415085
90,1986.193555652496,2803.641968678103,3435.894807622715,0,151.21288781987437,1.955672534763464,5.378383248894068e-08,2.8927006371984312e-15,0.0015883811542961187
91,1111.9704999630812,1324.1517117269445,1729.1200503312493,0,151.90337698567856,1.4846091603606735,3.7708849880623903e-08,1.4219573593194294e-15,0.0011136437053436195
92,-2673.7214106396787,-3268.383927702167,4222.69104725587,0,168.5769501645223,1.3412580960250269,4.996487994368046e-09,2.496489227786402e-17,0.00014755972195832132
93,1810.143936581403,3967.7455997430097,4361.149643777709,0,152.07786388920854,2.111127135178294,5.2555865616183055e-08,2.7621190106662922e-15,0.0015521159915413219
94,-2118.4914466828413,3089.324186544534,3745.921774308348,0,164.07282138631413,0.6402692809810396,4.0060982509028704e-09,1.6048823195887037e-17,0.00011831085048283238
95,3498.984359197792,-2651.657585917391,4390.236838584455,0,171.5016618093722,0.4056149906601146,1.0790235086504306e-09,1.1642917322202859e-18,3.186646482537741e-05
96,-3466.612395370154,572.2660302479702,3513.5295514780814,0,153.62305734771445,0.7399899188966278,1.5419593894528746e-08,2.3776387587218817e-16,0.0004553820584281562
97,-1789.9503525978357,-3140.7639946014306,3615.0132412689513,0,171.3387218579158,1.7791516157217933,4.822551414477932e-09,2.3257002145283103e-17,0.00014242290718044195
98,1533.086571397692,2887.5891369036226,3269.3310415073815,0,162.318930052569,0.26565219176707916,2.0340747128226784e-09,4.137459937344662e-18,6.007169423901103e-05
99,282.7674196149153,745.3326472164641,797.1688457299242,0,133.10557485819749,1.3222752657594161,2.924442799826542e-07,8.552365689457303e-14,0.008636665732246977
100,1588.4915636491298,417.1093706069833,1642.3415219839665,0,148.76165403020605,3.283256952740703,1.1973529019341034e-07,1.4336539717700187e-14,0.0035361049900357465
101,432.2210889667183,773.8957115921888,886.4139225939291,0,142.43311111531727,1.9676553274574127,1.4869400872112412e-07,2.2109908229557735e-14,0.004391333794555109
102,-712.6881227076128,3924.580986722787,3988.7667619948033,0,163.20490731706641,1.2140721329548898,8.394582949210724e-09,7.046902289117943e-17,0.0002479146006830884
103,1241.0508325899555,2513.7009284789515,2803.372884028838,0,160.70724144279478,0.3626464728975908,3.3428846091752207e-09,1.1174877510260567e-17,9.872436880157789e-05
104,3026.101528745747,1885.9949143198191,3565.707121892875,0,155.57574777884665,1.8868328777752095,3.140118562706337e-08,9.86034458785291e-16,0.0009273614237668464
105,3459.2513982482947,3274.559758481977,4763.3141664341565,0,166.31222990437104,1.351843376685114,6.536042723563696e-09,4.2719854484249935e-17,0.00019302691171956918
106,-2421.0367185097007,609.0048738307887,2496.458637494696,0,147.20863529240157,0.494149627750173,2.154897949609179e-08,4.643585173229844e-16,0.0006363992921654256
107,867.8174590389733,3083.2557360163755,3203.0568330722363,0,158.8296367295146,0.44397851991838866,5.080191957124611e-09,2.5808350321233583e-17,0.00015003172499026906
108,-2859.1560967402706,3273.2254548150454,4346.122232930894,0,158.56726537738675,2.192627524585213,2.5858396637705463e-08,6.686566766728972e-16,0.0007636679648682738
109,-2391.091285727213,-51.34783938925895,2391.642560519979,0,150.61264605620607,1.4874421741284944,4.383366541034989e-08,1.9213902233065048e-15,0.0012945259725743415
110,-507.48406407637316,-1291.1071490888555,1387.2626808646676,0,153.80112445697236,1.8803033369764597,3.838589702690622e-08,1.4734770905602478e-15,0.0011336387276013945
111,2609.7405967629525,658.0580069048243,2691.428305350934,0,163.39809305740388,2.0551352124641054,1.3897470076248175e-08,1.9313967452021344e-16,0.00041042965032374583
112,613.3106461232195,-1911.643856135873,2007.6185348193296,0,155.94039965234427,1.302382691120333,2.0783497479246693e-08,4.3195376746985364e-16,0.0006137925504506296
113,-3346.304156095397,-3470.5460382284227,4821.0415169923945,0,158.9120046461932,1.2071977272274652,1.3682900751146249e-08,1.8722177296571857e-16,0.000404092841351421
114,3914.6295555579914,2208.774531694502,4494.775799649013,0,162.57387467426915,1.061008050953973,7.889054306128736e-09,6.223717784504836e-17,0.00023298498089830585
115,2788.5722016571135,-2838.830567136015,3979.333350293814,0,169.99293444823294,0.8731348350780458,2.7633417143122994e-09,7.636057430058437e-18,8.160890919769476e-05
116,4102.515684284568,-2226.1805440916196,4667.602677466553,0,165.8592896042418,1.067908881771412,5.4396344846339045e-09,2.958962332641837e-17,0.00016064702907566915
117,4156.347422080479,1678.2663761878841,4482.387970990224,0,178.34889441509037,1.7243479490327502,2.085355895148176e-09,4.348709209429251e-18,6.158616540639376e-05
118,-362.9909800307359,2128.964307020487,2159.6878182160717,0,155.79345467767604,1.3572847216535742,2.202917467521293e-08,4.852845368710427e-16,0.0006505807466584036
119,1633.6196131536776,-4432.2975894866395,4723.767030903349,0,166.33058880306035,2.1120990060266287,1.019024984115797e-08,1.0384119182522004e-16,0.0003009454710872935
120,-40.15133188167199,-3671.776670556013,3671.9961938830047,0,159.67984323576684,1.082471730736599,1.123115449931352e-08,1.2613883138745034e-16,0.00033168618378703077
121,1796.7405481270464,4117.976114770177,4492.8836930307425,0,165.267559985282,1.3668749970390774,7.453337721334382e-09,5.555224318826599e-17,0.0002201170988624928
122,1195.807974661394,4579.555195193476,4733.104953208553,0,164.2913898425731,1.4126517332243829,8.619173332961328e-09,7.429014894363168e-17,0.00025454735845576934
123,-1936.2304953617495,2049.6581039597286,2819.5898415011707,0,161.81152546840664,1.3384663840825535,1.0865036630029384e-08,1.1804902097188028e-16,0.0003208737389144652
124,-1650.8670905286112,161.04646100276923,1658.7037448537694,0,154.99491822833704,1.5574278876101955,2.771162769078934e-08,7.679343092729225e-16,0.0008183988596939645
125,-1757.9551786075297,-1614.9218722760274,2387.127785341317,0,150.28052855223865,0.7362954837789143,2.2543726608573547e-08,5.08219609402107e-16,0.0006657768484613887
126,-2220.5656541960184,2397.2448542152333,3267.674205862085,0,151.80980898924955,1.1984870436533004,3.0771090955279556e-08,9.468600385780873e-16,0.0009087530342979553
127,-4397.489628470656,1054.7294039493459,4522.2084370429375,0,153.5419040929351,0.46918182718074414,9.868382571143638e-09,9.738497457045151e-17,0.00029143986536496735
128,-73.70970375445273,-4638.192693386188,4638.7783501056165,0,167.96909536958788,0.9852296559676426,3.936250305880092e-09,1.5494066470541117e-17,0.0001162480529021039
129,405.87241110736767,95.24100577828605,416.89718550233414,0,119.94175482006146,1.1565298168821703,1.164311247714772e-06,1.355620681555129e-12,0.0343852410291777
130,-54.71186939468153,3572.9104628840732,3573.3293389273736,0,148.2141143310279,1.4534080162977554,5.6452325200080103e-08,3.1868650204955993e-15,0.0016671889174584402
131,-737.3360948740333,-3145.0930927264117,3230.3676383222196,0,161.9561781715399,2.4521052714889477,1.957628154527115e-08,3.832307991397238e-16,0.0005781402187004325
132,1863.8091203664414,-1441.8428571127747,2356.415765897066,0,169.753113556899,1.354931529143152,4.40820386537336e-09,1.9432261318692635e-17,0.00013018611021247173
133,-1726.4214679181764,-126.89798443363712,1731.0789073124515,0,149.8997111441826,1.6498441298235371,5.27785383474094e-08,2.7855741100889646e-15,0.0015586921158799566
134,-2846.2928803189952,-582.2337370301515,2905.2330861895916,0,163.05027843791356,1.188072799836506,8.362365221797739e-09,6.992915210273235e-17,0.0002469631245853678
135,3795.3755613857893,3027.848567192303,4855.176886356766,0,166.05612453314333,1.4180311877511027,7.061216966285345e-09,4.986078504495601e-17,0.00020853671887271935
136,-2688.7846869544724,922.2311032046266,2842.5469741974157,0,157.09338975725075,0.3835976498784372,5.360514189279338e-09,2.873511237346512e-17,0.00015831039406384887
137,-3525.990958928584,-732.9074301288243,3601.356070091397,0,166.76169987217563,0.7662306752997287,3.517827510859947e-09,1.237511039616309e-17,0.0001038909029672314
138,198.2610051141515,4187.620630648217,4192.31129239939,0,161.72981052193614,0.9478256809239666,7.766725309086176e-09,6.032202202679976e-17,0.0002293722767726506
139,-363.66274324788264,2993.0735822321135,3015.0854149563243,0,160.18769266680596,1.1310117740918604,1.1068340032491922e-08,1.2250815107486327e-16,0.00032687783490636344
140,-3534.9539172914397,3434.916719609068,4928.950402268622,0,167.70702131354017,0.30569096814378144,1.2587269816869127e-09,1.5843936144266454e-18,3.7173591460345305e-05
141,4866.265275492319,616.9640525107146,4905.219910824873,0,161.70061971253077,0.549273903508982,4.516042081942438e-09,2.0394636085874987e-17,0.00013337086263684475
142,-1097.8001280880733,2255.9681456979647,2508.8956525997855,0,161.72005756010284,0.8050953410663126,6.60456829612499e-09,4.362032237817935e-17,0.00019505065608672808
143,845.7228640696002,3422.859255724598,3525.7924850038517,0,159.8829205583693,2.6679576080708594,2.7041631901540463e-08,7.312498558984109e-16,0.0007986120829647402
144,-1283.3127691259108,2423.853560349228,2742.618775079621,0,152.60482424475506,0.897206830830118,2.1020902563162152e-08,4.4187834456995716e-16,0.0006208037607674649
145,1947.9971886878934,1823.8199780408027,2668.522504952261,0,159.93797203615844,1.1470477781058215,1.1552684316984047e-08,1.3346451492788917e-16,0.00034118182363450996
146,741.9467840675458,-609.6627374829027,960.2987471944969,0,135.00681438598932,0.6607231650935859,1.1740289717918951e-07,1.3783440266067344e-14,0.003467223154421632
147,-3247.978202810379,-2165.582125795759,3903.7300559205446,0,162.6032395391823,1.3737617880403545,1.018003931188616e-08,1.0363320039154764e-16,0.00030064392671010423
148,-1527.4523582731235,-3199.0412429237936,3544.9930297140977,0,160.95862035837766,0.8117307779201329,7.2691058887101306e-09,5.28399004212803e-17,0.00021467623759582926
149,276.3997954329388,-1100.2599394390234,1134.446464690923,0,149.6370253595815,0.6810619627453146,2.245615295162503e-08,5.042788053867775e-16,0.0006631905629574982
150,-2639.2222795630146,25.83340808899297,2639.3487086619093,0,159.39803493440357,1.2056982950343926,1.2922213140297617e-08,1.669835924432804e-16,0.0003816276913339514
151,4071.9995280894445,2474.968079068028,4765.149226327161,0,165.15133943901677,0.10508103479990832,5.807074115547651e-10,3.3722109783463527e-19,1.7149850912229703e-05
152,-2381.0402865256515,-565.4152638690915,2447.253004222144,0,160.2891771315942,0.12404476829274422,1.1998296656851006e-09,1.4395912266580203e-18,3.543419539192385e-05
153,-1626.892881132642,-987.7202820639599,1903.2529527838851,0,159.78337810808932,0.7032328730476564,7.2099168889511224e-09,5.198290154558263e-17,0.00021292822732195787
154,-100.22146533431042,-3496.6090237293215,3498.04502643106,0,164.1620921601998,0.27354182801975946,1.6940223539178153e-09,2.8697117355732558e-18,5.0029033956862304e-05
155,-4513.352418238431,2066.618325077548,4963.996510148352,0,165.93817245001733,0.47815900945766193,2.4135912385037182e-09,5.825422666581913e-18,7.127983745304579e-05
156,1711.023066052246,1767.4223760110885,2459.955647524465,0,147.591808087092,0.9097149481074067,3.7959014318973226e-08,1.4408867680680144e-15,0.0011210317336963936
157,-863.4167762226256,4007.2309835701135,4099.19366280089,0,156.75541761563107,1.8013609351963011,2.6171575019344516e-08,6.849513389931779e-16,0.0007729169643595375
158,-2846.0139329431936,3307.6721537527196,4363.541037187337,0,162.21679868590158,1.3028781543884391,1.0094013191174852e-08,1.0188910230361191e-16,0.0002981033441113624
159,-1482.7779015206115,-1934.5046638796518,2437.404069868185,0,151.66297318119038,1.1990071734464833,3.13092830150057e-08,9.802712029137242e-16,0.00092464729258155
160,-3851.7674240984597,-1835.5643344624027,4266.7796656608,0,162.6037817379976,0.8335661425905534,6.176621366520705e-09,3.81506515053601e-17,0.00018241223285494915
161,-1874.957370055392,2383.0889992730654,3032.256308094903,0,159.00931834407774,2.3171673843666176,2.5971168485454847e-08,6.74501592499883e-16,0.0007669984206839152
162,3961.6207226991,-336.46250061566417,3975.8830169962853,0,165.87985259721205,1.0058459390728467,5.111387858433666e-09,2.61262858393431e-17,0.00015095302381628288
163,-3132.690726675325,-2454.483974285591,3979.72898185572,0,162.29280552274744,0.426898138006189,3.278566405022656e-09,1.0748997672143181e-17,9.682487933371388e-05
164,293.409815482431,3648.051230732311,3659.831567417955,0,164.40453154966966,1.385564127862694,8.344494898545321e-09,6.963059511184889e-17,0.000246435365900987
165,1205.5111458496706,896.6532934152541,1502.41280990286,0,148.05568466745547,0.49164203414814506,1.9447544481599435e-08,3.7820698636378864e-16,0.000574338267141149
166,2619.1836562510066,3744.6547724134143,4569.744236796076,0,152.8552901564806,0.9202834100680786,2.0948700378621208e-08,4.3884804755324434e-16,0.0006186714361651333
167,71.91713156336397,2830.9591220081393,2831.8724590442625,0,151.99326484776174,1.1900269154264924,2.991531235251956e-08,8.949259131488096e-16,0.0008834795916671546
168,1149.2425295724177,1828.169677086442,2159.3894414848737,0,152.5668563330475,2.0362912376666147,4.79178226493079e-08,2.296117727450525e-15,0.0014151421148114517
169,391.8349554581537,930.5073382570416,1009.6427778521955,1,97.71488277685398,1.166467251710011,1.5174989936676797e-05,2.3028031957824204e-10,0.4481582460120706
170,-840.6715181601976,3750.412641065017,3843.47805765898,0,165.80587622018294,1.5566184581280733,7.977895896900272e-09,6.364682294177819e-17,0.00023560871189643083
171,1905.8716434202295,3647.8435170472612,4115.7148888202955,0,172.3889585646827,3.1419789120801274,7.54666961799491e-09,5.695222232316745e-17,0.00022287344066429317
172,513.1818526539033,-389.02456131086535,643.9687284305068,0,141.11798629334615,0.5309899545490132,4.668603490049555e-08,2.1795858547302888e-15,0.0013787641113155369
173,3132.9200238498074,1728.334048048278,3578.033881544727,0,159.87030838862648,0.8015152937366843,8.135727506151615e-09,6.619006205435197e-17,0.000240269903598205
174,-2351.413787745379,-365.03092848329635,2379.5786139458487,0,163.89159277211982,1.0018247000712999,6.4004733916034705e-09,4.0966059636624034e-17,0.00018902318491132407
175,-3396.2877652542707,2143.489952348832,4016.132438084711,0,163.74050381935115,1.0467895543245205,6.80509495154104e-09,4.630931729948935e-17,0.00020097274727393343
176,2075.0763013774376,-230.69258459369726,2087.8603222257916,0,150.88006118195025,1.0289459435813748,2.9402854870712308e-08,8.645278745481705e-16,0.0008683453446488139
177,3168.1552314980026,2690.025256701781,4156.133233254397,0,159.66564911325676,2.1825431875277586,2.2681950091007084e-08,5.144708599309363e-16,0.0006698589594679585
178,-2490.7065465639794,1861.3878038755847,3109.402459880907,0,157.2347160214413,1.5823258932150641,2.175505240929182e-08,4.732823053310339e-16,0.0006424851792543596
179,4750.480850063803,-922.5949336493546,4839.240613817251,0,163.1898492234043,1.3683944370186196,9.478046581717478e-09,8.983336700520636e-17,0.00027991219430181785
180,1230.6239128956117,-1386.9348898413814,1854.1908218006665,0,152.05081873528428,0.8604126798570543,2.148650927365273e-08,4.616700807667648e-16,0.0006345543785652783
181,1194.4801342039495,-2664.5592478397957,2920.0443106666144,0,159.06019757118224,1.8633738185762465,2.0763000315568926e-08,4.311021821043153e-16,0.0006131872141070548
182,-83.59900999577842,1682.2155737426913,1684.2915516663754,0,149.51744899836322,2.4909590096178444,8.32710672904729e-08,6.934070647694466e-15,0.002459218465130918
183,2292.762440264889,4226.178042803528,4808.049548097863,0,168.04950613790132,1.8555203102445772,7.34497641407166e-09,5.3948678523268974e-17,0.00021691689816377184
184,-2291.1104872372193,-4084.6415472836975,4683.319745065943,0,172.20048956212727,0.055970192925194534,1.3738278807238391e-10,1.8874030458541552e-20,4.057283042142878e-06
185,2293.458855576285,-1090.2234498751197,2539.3977027789265,0,161.6519237084744,1.4224659469155114,1.1761039077900435e-08,1.3832204019190111e-16,0.000347335099820537
186,-3806.3546694943007,-1418.190847831635,4061.97010708529,0,154.10422214743116,0.3240035416320154,6.387613793841656e-09,4.08016099792762e-17,0.00018864340642043846
187,-4070.1232410677158,-1965.8717678299429,4520.017146541636,0,149.2286982058295,0.7718507928641075,2.6674632470298054e-08,7.115360174254793e-16,0.0007877736031977451
188,-697.6252125936593,3659.6911553763944,3725.589925097307,0,167.35422897246133,0.35034238562288267,1.5023849841401198e-09,2.257160640569708e-18,4.436946727060284e-05
189,444.56519177897036,-3611.5960805658615,3638.8548279507067,0,153.19927743880757,1.360753223864483,2.9772513439159238e-08,8.864025564849175e-16,0.0008792623558857115
190,947.4980560340776,2269.0426849935934,2458.924007063108,0,154.10773285666454,1.5233139961575621,3.001945404223694e-08,9.011676209939756e-16,0.0008865551757166485
191,-681.3203956121714,1365.0537402133127,1525.6373078643167,0,140.89457716497742,0.4931305333414531,4.4486991352745164e-08,1.979092399619223e-15,0.0013138204439143448
192,-4225.752824956932,2138.552550488689,4736.073684903263,0,154.4031871007736,0.9841207203888763,1.8745154350247852e-08,3.5138081161461595e-16,0.0005535947984076436
193,-4739.094889602456,-226.78416264621654,4744.5180397046925,0,168.4890137886545,1.1038486180367209,4.153926701034707e-09,1.7255107037569086e-17,0.00012267662200546412
194,189.66140969386032,3973.8602116210172,3978.383645631942,0,167.26579797046793,0.9597223016255685,4.157724305782968e-09,1.7286671402898464e-17,0.0001227887754823448
195,2185.781059192766,1923.0460050377542,2911.313239110061,0,154.59210613167525,0.5079346880537247,9.466786139475225e-09,8.962003981056024e-17,0.000279579643172251
196,-2269.279151328576,-1892.2503794852257,2954.697846703876,0,142.72993942321318,1.0420313471137812,7.609985210498603e-08,5.7911874904007474e-15,0.0022474332031496027
197,-1023.9130550078415,4135.274359403556,4260.1516371786565,0,160.42573447370904,1.6679434581112598,1.588161269406355e-08,2.522256217642405e-16,0.00046902671557047683
198,-4132.1336736168505,-2313.704346319152,4735.795234046171,0,167.56506294131688,0.3838093029285145,1.6064320126025845e-09,2.58062381111439e-18,4.7442255718772164e-05
199,2662.5733815678173,3884.3099251211206,4709.263276418927,0,156.2613356081812,0.40884543672336565,6.287708136660334e-09,3.953527361182457e-17,0.0001856929237989739
200,-4384.562291280943,522.0173946506044,4415.528127692156,0,165.3181257115922,0.9361094366968323,5.074816435322152e-09,2.575376185221583e-17,0.00014987297138104478
201,-3922.646154255939,-814.6399832799065,4006.3438636563883,0,162.72109598804562,2.384363355500936,1.743081282059532e-08,3.038332355866302e-16,0.0005147787598436738
202,1374.1340588925787,463.9555076379936,1450.3444848987504,0,150.57719643271304,1.4861673114699554,4.3975206048750076e-08,1.9338187470300252e-15,0.0012987060481137358
203,-1040.6398164935756,1719.8216839816744,2010.153688742566,0,153.02295049018574,1.5068420698266178,3.3644975186796265e-08,1.1319843553201364e-15,0.000993626561187445
204,3147.4107842375633,3543.678889013798,4739.604911084571,0,159.38718715799072,0.9479362819196294,1.0172314716615492e-08,1.0347598669387212e-16,0.0003004157986466194
205,3589.043188511076,1509.7998153702356,3893.677759071717,0,169.57585229331818,1.3420633208410444,4.456361282952612e-09,1.9859155884199052e-17,0.00013160832820963996
206,478.5525644169851,-30.228025169840457,479.5062986194667,0,127.94792154980526,0.1427084703340561,5.715492688919152e-08,3.2666856677088275e-15,0.0016879386340612997
207,-699.3904939464945,1430.958248387451,1592.729911708449,0,148.44161038770415,1.4218757399477935,5.379985745174527e-08,2.894424661828111e-15,0.0015888544145258045
208,1496.3028677110542,-3787.957491284857,4072.780896107891,0,157.45262670857645,2.211402658739386,2.965080522546502e-08,8.791702505184636e-16,0.0008756679851611133
209,-10.370765405685228,355.57283836137907,355.7240449498279,0,121.24573767054416,1.3771194892912113,1.1931216903587527e-06,1.4235393680045274e-12,0.0352360908482574
210,-836.5387656698645,-1822.1976234670612,2005.0439609737903,0,146.95652020115276,2.034248811349066,9.132255652892376e-08,8.339809330978476e-15,0.002697000586235863
211,237.85732384546233,-3696.1829808138186,3703.8283888653173,0,160.62426295115463,1.604529085374996,1.4932566119426652e-08,2.2298153091104875e-16,0.0004409988190085778
212,-3430.4282721194218,-2351.497780598803,4159.011894947806,0,173.62634018010417,0.5068888182353148,1.0558341432101507e-09,1.1147857379683132e-18,3.118162052661904e-05
213,-3972.993244528891,717.1862843730414,4037.2059010614025,0,154.69327203642345,2.1575097292859535,3.974560947548639e-08,1.5797134725778733e-15,0.001173794691366726
214,-2013.7867149870751,1245.5504016520404,2367.854036150454,0,145.18907063512125,0.3708211476982862,2.0403795493610716e-08,4.1631487054508895e-16,0.0006025789301055748
215,-2455.8440089766573,3431.225835945785,4219.53558270201,0,172.3920041640827,1.2357182898159653,2.9670117518807575e-09,8.803158735798522e-18,8.762383290985384e-05
216,2200.548418294509,-1043.4624316004572,2435.4110920787075,0,154.0514168595017,0.5537346118990858,1.0983248948669356e-08,1.2063175746844653e-16,0.00032436486646049846
217,1383.7702502883858,-2494.0273351345836,2852.19081654466,0,153.72398876251611,0.15346447546244718,3.16088300329519e-09,9.991181360520419e-18,9.334937212593349e-05
218,4216.106717459028,-941.6630368382645,4319.986704603453,0,170.14344957968981,1.0471300641694303,3.257077930370787e-09,1.060855664450845e-17,9.619026691224659e-05
219,2862.1887605149363,2837.0227308504845,4029.9903816486176,0,159.26495411533293,0.8361999990317839,9.10044138881185e-09,8.281803347119975e-17,0.00026876049788265735
220,-552.5691295186782,-4574.4128169042,4607.665923475187,0,175.78165643966418,1.1537183141678553,1.8750677518180337e-09,3.5158790739079354e-18,5.5375791240398773e-05
221,3754.165224975861,-1531.8504401835478,4054.6667319902613,0,167.05500387516682,1.3121400512844712,5.824115756829359e-09,3.392032434894802e-17,0.00017200179460043224
222,1578.4234917681108,3422.9072970241764,3769.3122825505966,0,158.99262870511393,0.29908014396115484,3.3585834668187367e-09,1.1280082903588164e-17,9.918799826922629e-05
223,1398.6794778833123,620.9387359880011,1530.3166978447016,0,160.90827401713085,0.512351527536869,4.614815413478907e-09,2.129652130048249e-17,0.00013628790463811587
224,-169.06819243559022,-3027.2613073192742,3031.9787394514888,0,155.03374211190865,1.2789838464407959,2.2655724441701744e-08,5.132818499783218e-16,0.0006690844455445719
225,-2298.101253756595,-1161.3741083412804,2574.8901320334303,0,160.62144914779574,0.9168707828162679,8.53563186896917e-09,7.285701140256211e-17,0.00025208015444916126
226,1347.239720175124,-2069.9483618823792,2469.7653905739894,0,157.3202419090267,1.6163395921411183,2.2004956563487867e-08,4.842181133609878e-16,0.0006498655207163953
227,3149.2483250222404,3795.7211246554657,4932.06486867429,0,173.59613442429009,1.453541345302369,3.038230144470074e-09,9.230842410766648e-18,8.972710349123894e-05
228,879.6572689054118,-3008.927750201204,3134.8752952340874,0,168.5417910166307,1.9329960680236098,7.230051982424077e-09,5.227365166855433e-17,0.00021352287075907268
229,1413.3074880893619,4505.965581708139,4722.410812225873,0,165.36625921291247,1.535745333121802,8.279540666391315e-09,6.855079364642755e-17,0.00024451709281647947
230,2050.8215498380746,3401.851939848548,3972.2116824171862,0,158.16771223583868,1.0601867841130697,1.3091721994001364e-08,1.7139318476821904e-16,0.0003866337434549997
231,2286.7835386448196,3826.3433766357516,4457.609515036193,0,167.113535046492,1.4951207584042268,6.5917316516852135e-09,4.345092616782867e-17,0.000194671555469145
232,1399.1295934179846,-3257.048312268614,3544.845176820816,0,156.94642294702805,0.8026325684647108,1.1407635362497188e-08,1.3013414456369634e-16,0.0003368981380900732
233,-1929.1392428914921,-3271.2411860324546,3797.709456456481,0,174.11076814107525,0.8552603672344399,1.6848449488022645e-09,2.8387025015045054e-18,4.97580005132363e-05
234,-3472.1950262805017,-506.7583693877642,3508.980242958287,0,161.6808551970357,1.7639879908039722,1.4536266091453045e-08,2.1130303188152758e-16,0.00042929501385468254
235,-1395.7237155776274,1712.6091219905652,2209.315435819682,0,151.59743428301377,1.087518394249656,2.8613098978837776e-08,8.1870943317276745e-16,0.0008450217301517292
236,3046.3654601697567,-2963.2685272553917,4249.85916020021,0,164.77640416424077,1.7896213176364135,1.032620960217302e-08,1.0663060474801027e-16,0.0003049607283150732
237,-2067.0992011168914,1657.2296020054987,2649.3978676335864,0,148.52555631883473,1.8592188866413082,6.967110626986183e-08,4.85406304886638e-15,0.00205757505697955
238,316.82307892166943,-712.4059920080259,779.6788831219849,0,131.13993769260412,1.9742597763505922,5.475293605910979e-07,2.997884007092965e-13,0.016170013878530003
239,-3726.879049330401,1499.0596883851294,4017.064524958392,0,170.05436182600943,2.22913864575229,7.005175011907633e-09,4.9072476947455105e-17,0.00020688164930879818
240,-1505.9791070138526,1469.623732257336,2104.2259824401517,0,149.0839097893506,1.0619311377860707,3.7316496763017484e-08,1.3925209306642943e-15,0.001102056463062893
241,-4716.163414938629,1126.6176158827197,4848.86219734309,0,159.26538269089087,0.8763531527222883,9.536961267832636e-09,9.095363022413988e-17,0.0002816521033563805
242,-1549.2251536094489,4631.211056353237,4883.463363747565,0,168.86668704246918,1.3211732890503678,4.760202549356789e-09,2.2659528310902868e-17,0.0001405815775881237
243,-71.83273789694924,-4781.887683047088,4782.427182457796,0,172.4667876548115,0.9632218674558732,2.2929096960591135e-09,5.257434874281896e-18,6.771578709033105e-05
244,-3041.5890784466355,-51.994079088448544,3042.033449254973,0,163.03190921956002,1.3557136578756321,9.562523386928389e-09,9.144185352555238e-17,0.00028240702144898607
245,69.32865385298823,617.7450533809383,621.6232084001415,0,139.19571685582628,1.5638208800047793,1.715541248514719e-07,2.943081775355441e-14,0.005066454476108093
246,3889.8276653043577,-2842.042364027317,4817.464485047412,0,160.91465949126305,1.5271221763003031,1.37448754653659e-08,1.8892160155841745e-16,0.00040592312126183123
247,-2439.072186120912,2180.7179044581194,3271.789068374191,0,151.2852328530024,0.968801841700128,2.6422463892062845e-08,6.981465981273648e-16,0.000780326387206642
248,-4733.012052118954,-1328.5207527880284,4915.930275755723,0,174.7477559566349,0.6042413852175575,1.1061720211139799e-09,1.2236165402953871e-18,3.2668233378653005e-05
249,4084.8267902638117,-2721.1559162926274,4908.2073537322485,0,163.7816244436343,1.0611767181745564,6.8660425575849645e-09,4.714254040256788e-17,0.00020277269391885764
250,-3280.9629492588697,-3249.6951414362757,4617.925550145215,0,163.35219336433292,0.5546961239924082,3.770903884923326e-09,1.4219716109329832e-17,0.00011136492860946364
251,2013.6273976366792,1818.3858240831557,2713.157257097281,0,164.9428330785654,2.101503005249846,1.1895655034741287e-08,1.415066087055657e-16,0.00035131067089865816
252,2883.715355786753,-1145.2637084304254,3102.8121462712065,0,162.3548579260126,0.9213691726706945,7.025719086666047e-09,4.9360728684743596e-17,0.00020748837106269004
253,-3205.810625901098,-3316.8049413224517,4612.853432304285,0,167.5769096032684,0.5792745523932498,2.4212463004229885e-09,5.862433647312008e-18,7.15059120097453e-05
254,-1431.4082783049764,2423.6584886709857,2814.7913117861763,0,170.5268577377124,0.22705573939751736,6.757555128162066e-10,4.566455131014943e-19,1.9956876849370697e-05
255,1319.361763641666,1580.064303689146,2058.4748400581225,0,148.81852720868756,1.4408030802442138,5.2200933302754577e-08,2.7249374376786318e-15,0.0015416338862020186
256,1018.9396797464794,-3589.121548582173,3730.955850912572,0,167.33655804314665,1.4234348478218595,6.11659452494595e-09,3.741272858259877e-17,0.00018063947885998486
257,-3525.0570520143765,-3313.2826824862436,4837.754577696095,0,165.85666786602113,0.9126130254502635,4.650003392455723e-09,2.1622531549849732e-17,0.00013732710024910242
258,-4079.56696354352,-870.5620637488362,4171.420012043181,0,165.0107581583285,0.38578006629755907,2.166715426812597e-09,4.6946557407876945e-18,6.398893108592576e-05
259,2966.7580782029368,-2334.4968960467136,3775.119766607958,0,171.1135526813183,1.0266488670541123,2.855908560022068e-09,8.156213703207323e-18,8.434265698832063e-05
260,374.30103261502484,-1513.04695275875,1558.657224751232,0,151.30587519998426,0.8635157503233897,2.349505702317174e-08,5.520177045220917e-16,0.0006938721929567293
261,2271.265946918955,3196.3309693843635,3921.1198231473672,0,165.72893271657173,1.5036465829168113,7.774977409639668e-09,6.045027372040717e-17,0.00022961598348516905
262,-1881.3886123818502,4605.618649194316,4975.0724871710745,0,172.3422824719698,1.3644370604801348,3.2948783410714422e-09,1.08562232824617e-17,9.730661465473816e-05
263,17.76486523399749,1871.3056379106856,1871.3899596057206,0,148.98499118521477,0.9523556967424427,3.3849294759535227e-08,1.145774755717899e-15,0.00099966066741926
264,-136.88933109012385,-3597.152015154088,3599.755729086825,0,156.20539951928887,0.7010893655223253,1.0851840542704781e-08,1.177624431642912e-16,0.0003204840229822442
265,4579.844282163279,979.4657468922578,4683.409740584192,0,158.78802889024453,2.9751807707648723,3.420675789957189e-08,1.1701022859999238e-15,0.0010102175148716333
266,-3895.0980258748687,-1829.5974455275161,4303.395803764175,0,152.05052916169168,1.100126604046365,2.7473640376871844e-08,7.548009155576829e-16,0.000811370454560027
267,326.4372885014707,-4161.59010734569,4174.373429016827,0,175.74668751032053,1.5268473653376913,2.4915020480598265e-09,6.20758245548631e-18,7.358075309791588e-05
268,2995.9749525185684,-2930.228008800525,4190.716179804799,0,156.84670574897171,0.5503927363159556,7.912931502429657e-09,6.261448496214366e-17,0.00023369013869139563
269,-1639.3136044943024,2509.966072801339,2997.8790470087147,0,157.1690070086443,1.1530256564959174,1.5973078302821394e-08,2.551392304680636e-16,0.0004717279408735836
270,1172.8530004201843,-2442.173610949415,2709.2058073561584,0,155.2904228801491,0.23631742391506094,4.064195585314836e-09,1.6517685755692604e-17,0.00012002662094440706
271,3454.533581353743,2881.011388776886,4498.225081847599,0,166.32771545005568,1.186690666914257,5.727324026223932e-09,3.280224050136191e-17,0.00016914327460156492
272,2563.4108992412266,-3698.886241645018,4500.314974196753,0,169.38432813315546,2.578650805561757,8.753386973917463e-09,7.662178351514792e-17,0.00025851104806431534
273,3240.2939544211513,3343.2473814308637,4655.835903949213,0,170.13604902684816,0.9847273173774981,3.065586215131574e-09,9.39781884240473e-18,9.053500179605487e-05
274,-3817.200355519583,2874.020747964939,4778.181015188916,0,161.84156999228418,0.28205219649838975,2.2816603033785686e-09,5.205973740013582e-18,6.738356228402465e-05
275,1046.9201103553858,-3418.7012525309833,3575.410461964255,0,160.1373607568017,0.2507789653293774,2.4684428022847927e-09,6.0932098681516e-18,7.289975158265797e-05
276,2082.769318785136,2863.560603847471,3540.890759001186,0,162.69162374541378,0.9909605064078805,7.2690082079840066e-09,5.283848032773886e-17,0.00021467335282140292
277,580.7505648089223,4429.459138048741,4467.368293992491,0,162.89281584006045,0.5905642621275535,4.232786566170793e-09,1.7916482114755936e-17,0.00012500556581284804
278,-699.2218283223962,-3969.9102136246875,4031.0170266874497,0,172.54642796839522,0.21738940673915352,5.127633531955937e-10,2.629262563803892e-19,1.5143280222677325e-05
279,-784.0280997356627,-4115.151500281304,4189.173179929732,0,166.4064812162335,1.6801564832734541,8.035736203119816e-09,6.457305632613048e-17,0.00023731689162454398
280,-2818.285348255311,-3457.1786809061473,4460.360606038768,0,168.77178972456997,1.1076594282123142,4.034751226332531e-09,1.627921745839186e-17,0.00011915704987177217
281,-1627.1165897058736,-4427.485194661083,4717.004721795301,0,169.13532509908865,0.8263500140126284,2.8866742875026232e-09,8.332888442128777e-18,8.525125162479195e-05
282,-2802.7561667201003,-770.9972705534334,2906.867544503601,0,165.0687420010352,2.146353777605893,1.1974688009298462e-08,1.4339315292003638e-16,0.00035364472709259703
283,-34.63689424286294,3064.0453817715897,3064.241148473566,0,159.91444605495388,0.49690124471139197,5.018197871428156e-09,2.5182309876806076e-17,0.00014820087298807462
284,-867.1104909599213,1263.9888814736341,1532.8237002413957,1,101.18119774818204,2.498688675341918,2.180982902849048e-05,4.75668642251986e-10,0.6441028800689881
285,1584.295650230033,3456.4448234517713,3802.2366476725706,0,164.4460763351489,0.8681349382331369,5.203354536663942e-09,2.7074898434221227e-17,0.00015366904704787804
286,795.3746585680003,-515.6898267625501,947.9223833830235,0,136.27674627512033,2.0942144759160213,3.215021218297029e-07,1.0336361434100112e-13,0.00949482191484813
287,-2954.0242463383306,-1706.9537795021752,3411.7371606428746,0,157.27130361348256,1.3591726311876444,1.8608417448446153e-08,3.4627319993563523e-16,0.0005495565901233359
288,-2991.3271711020448,2148.9712941582197,3683.220855133373,0,165.0977933870748,1.8723106320140277,1.0410899020908915e-08,1.083868184235622e-16,0.0003074618345111786
289,-2600.5734600802743,632.8893915473859,2676.477405697106,0,164.1943576374116,2.876104864569539,1.7745442557135008e-08,3.1490073154857825e-16,0.000524070621746664
290,3634.3765925301786,-1249.8553107836108,3843.283949206104,0,162.33319258994538,0.8249205596887638,6.305978682391469e-09,3.976536714277565e-17,0.0001862325021290233
291,498.27482723645363,717.0972354002754,873.2160376884037,0,140.68946551134354,2.5485971301716774,2.3541162986848606e-07,5.541863547733708e-14,0.006952338260054722
292,-827.8955585056217,-498.2907413719676,966.2839741661663,0,150.71277484839408,0.9934257191069917,2.89398754018737e-08,8.375163882759744e-16,0.000854672316359495
293,-4531.762777694811,-167.75024051030977,4534.866482763463,0,166.0435009266946,0.9868796514367496,4.9214054739389925e-09,2.422023183891668e-17,0.00014534233329433787
294,-2294.577924445965,-1933.824755226497,3000.794234078967,0,174.1213743787848,0.9122523089918486,1.794924776037045e-09,3.2217549516316358e-18,5.300895372643194e-05
295,1770.7513313935356,202.36733596393728,1782.2774240552787,0,153.7931672633881,1.2486740943047392,2.5514715993380364e-08,6.510007322228597e-16,0.0007535181515641627
296,2508.416929691828,-2600.754891989157,3613.3200109276386,0,150.73177546260223,0.5786317998725728,1.68195171626622e-08,2.8289615758508834e-16,0.0004967255557890228
297,3994.4070854643455,-1815.08976721745,4387.463826342648,0,168.64663780601876,1.2702674067231414,4.694218109495136e-09,2.2035683659512086e-17,0.0001386328797006203
298,-2131.01259091991,-924.289470221257,2322.8270894367233,0,156.85855470098326,1.2491931700818035,1.7935020029577647e-08,3.216649434613514e-16,0.0005296693541272339
299,-1298.1348296654955,-3726.541004669658,3946.1705355287177,0,170.3307272906944,1.6941500159705432,5.1572181174041004e-09,2.6596898710481095e-17,0.0001523065145638996
300,1290.9265445804083,-683.5168478844446,1460.7144227549065,0,151.25523294533795,1.8940227283263806,5.1835052051265786e-08,2.6868726211574334e-15,0.001530828429289022
301,-301.73950751069265,-1095.8997667772346,1136.6807068016913,0,142.32296869569757,1.077596335874492,8.247221735747283e-08,6.8016666358582426e-15,0.0024356262791529306
302,2094.9922593503657,2982.4274043915552,3644.70379992719,0,154.07850951178384,0.8485443121357266,1.6778342330170766e-08,2.8151277134840015e-16,0.0004955095522999791
303,-3262.0735356016485,-1695.5100378883114,3676.3947068089224,0,160.2980814434166,0.7748634835145315,7.48722910489015e-09,5.605859966911414e-17,0.00022111800252520725
304,-3127.719328808302,-2480.548192971487,3991.960362710928,0,157.65741943757274,0.6579450237065737,8.616256808047971e-09,7.423988138223301e-17,0.0002544612256349191
305,-3785.5557952321788,1954.9554123433632,4260.549652693481,0,160.22140725467074,0.3446039982599761,3.3593089676916253e-09,1.1284956740413373e-17,9.920942426028334e-05
306,-420.18510620945904,-4921.3561609665185,4939.261279438795,0,169.33758551717355,0.9156761418940539,3.1250906740574552e-09,9.76619172108088e-18,9.229232842713666e-05
307,3291.5181980444418,-1439.936338687289,3592.7021456739053,0,171.23102764340038,0.7937885193238423,2.178479267778407e-09,4.7457719201403446e-18,6.433634893302827e-05
308,2536.353847394027,-1280.9453479132765,2841.462972401919,0,160.04893368356406,2.6052818590047644,2.5906457528773493e-08,6.711445416901448e-16,0.0007650873321780845
309,-4247.645692877879,1355.4191001286617,4458.660658675157,0,157.18177485979743,1.2773306930111055,1.766910717281712e-08,3.121973482844974e-16,0.0005218162326441132
310,1970.7772538416123,1699.071304357874,2602.0773012252835,0,158.99844370582,0.9236909607840718,1.0365840173634222e-08,1.0745064250532916e-16,0.0003061311256246346
311,3297.731129081243,-315.04748519778565,3312.7459180626724,0,167.1824542793849,1.318039850401021,5.765086491008059e-09,3.3236222248803615e-17,0.00017025850169913578
312,742.2223214598558,-1187.6512783992578,1400.5033143683197,0,142.87914570050668,0.5475203329596897,3.9304562540142196e-08,1.5448486364719493e-15,0.0011607693897502072
313,564.1165845353554,561.730419719818,796.0958393224007,0,136.50932642351512,1.0835734155495906,1.619541273371741e-07,2.6229139361545602e-14,0.004782940742940497
314,4311.367316678211,-2340.581600292339,4905.732398627969,0,165.79875724275206,1.4029441940305476,7.196188550696999e-09,5.178512965718257e-17,0.0002125227925889991
315,3127.3030446296157,-3334.588232429227,4571.597424621414,0,160.00446918816618,1.1586075875631707,1.1580115975580774e-08,1.3409908600790105e-16,0.0003419919542542475
316,-4142.06830953027,-492.57006763251803,4171.253427009974,0,167.28830924230166,1.0137008383697352,4.380204061630642e-09,1.9186187621525575e-17,0.00012935920073929376
317,-2685.897917240019,-1734.8705970539913,3197.471440115884,0,158.74503395278433,3.190937562517468,3.68694457276684e-08,1.3593560282654856e-15,0.0010888538442330976
318,-1676.214340985066,1233.962513550207,2081.4317192190438,0,155.37129006578726,2.060529058395827,3.510865888755003e-08,1.2326179288823457e-15,0.0010368530755234353
319,1861.6927764704874,667.1027453209578,1977.6061455146096,0,146.7229876342669,1.3975603627799464,6.444974347451662e-08,4.153769433930998e-15,0.0019033741776432812
320,-1275.8887386717495,2151.320613168919,2501.214195968606,0,153.0956191497984,1.2980933097286473,2.8742527404779883e-08,8.261328816145226e-16,0.0008488440994973671
321,1208.055669621659,-3503.03698478163,3705.4914137875166,0,166.00284849031172,1.3923531472438695,6.976008101873568e-09,4.866468903740566e-17,0.00020602027204943898
322,4224.898833426661,122.99558858592134,4226.68878290105,0,161.35243930659618,0.6704998621711791,5.738213826456016e-09,3.2927097918130994e-17,0.0001694648796762172
323,-2034.9782512944942,3516.2192671535267,4062.626541776057,0,173.37774178012705,1.0027507384092986,2.1493438617988496e-09,4.619679036252392e-18,6.347590207308737e-05
324,-2122.1718780428687,1579.4726789952956,2645.4389850549514,0,154.1874924259824,0.2837575245372718,5.540803715802026e-09,3.070050581704554e-17,0.00016363482843368467
325,-4751.61084279614,-1137.4649072397824,4885.860417222319,0,167.00176944314197,1.136131708072246,5.073880196063714e-09,2.5744260244007553e-17,0.0001498453217189587
326,3761.899121771888,-2072.5679518428606,4295.046323078974,0,169.416261746812,1.2514996474254194,4.232701521063536e-09,1.791576216641357e-17,0.00012500305420221373
327,-2118.459141759134,3061.2060004975438,3722.747817511282,0,153.22686797831454,0.7189528572291033,1.5680395592975482e-08,2.458748059522049e-16,0.000463084233666531
328,-2237.626684742789,3207.1865358263462,3910.628933542379,0,151.89512814100527,2.5787741164746385,6.55627098236978e-08,4.2984689194264e-15,0.00193624306579417
329,-254.0901315407836,-3228.844958456249,3238.8271890755072,0,150.51008098799971,2.1917591187895824,6.535649790659993e-08,4.2714718186154004e-15,0.0019301530735464645
330,-2377.313722019342,735.9716058568287,2488.629087977744,0,163.21781161583505,1.600405906964727,1.104942211138697e-08,1.220897289956073e-16,0.00032631913784126037
331,473.9854520227304,2945.2766860776164,2983.1722991274805,0,155.1107380671224,1.2347098955349247,2.1678439933569302e-08,4.699547579533722e-16,0.000640222606897757
332,-4159.810632321271,1281.4555258908258,4352.717859178243,0,179.36168690299345,2.0198928799233986,2.1739221779726776e-09,4.72593763588147e-18,6.420176582076411e-05
333,379.8735024865194,464.25568155114826,599.8643311148754,0,129.2422694552779,0.5291732591056183,1.8259312311307805e-07,3.3340248608187675e-14,0.005392465769644088
334,760.1035930789404,1524.486320194901,1703.471752825067,0,150.78715497056407,1.7680940537359628,5.10678548186353e-08,2.6079257957772123e-15,0.001508171032641266
335,-1072.354929222891,10.99801414741095,1072.411325259025,0,151.45709699590628,0.5163847975144579,1.3807612749796059e-08,1.906501698483307e-16,0.00040777592192048774
336,-880.9515887563304,492.08165607137875,1009.068906454982,0,153.24570267355855,1.7781463759624339,3.869745245221839e-08,1.4974928262917028e-15,0.0011428397968295183
337,3978.2681992937396,-2357.9433273010045,4624.555611112833,0,177.24658482568927,0.8032968315527488,1.1029271121856459e-09,1.2164482147941682e-18,3.257240249508343e-05
338,-2721.7985281027004,3191.121943285553,4194.215836661317,0,170.72822108441147,2.0475876664750885,5.954310124623569e-09,3.5453809060194745e-17,0.00017584678426795628
339,-3010.9839246118945,-1669.8267972792514,3443.014046904707,0,166.7234957049418,2.4013144510247564,1.1073228177928789e-08,1.2261638228047613e-16,0.00032702219498135387
340,-1054.2514874429037,-1155.1657099738818,1563.9226375607705,0,151.8681015966708,0.5676326720945678,1.4476457678016448e-08,2.0956782690340138e-16,0.00042752871062981334
341,3493.907380417664,288.1112545246768,3505.766232640278,0,165.51818543157748,1.114588066919,5.904798982629007e-09,3.486665102525656e-17,0.00017438458714974213
342,-1778.4791720095504,-2945.1326123355407,3440.464252032586,0,157.26096233975102,2.815191721053105,3.8588674376965426e-08,1.489085790171468e-15,0.0011396272878516959
343,909.1609307014476,1871.7567015604502,2080.8764374057337,0,147.9407068364648,1.1493483305659613,4.606980006818625e-08,2.1224264783226536e-15,0.0013605650401641422
344,3195.339292760206,-797.5575434362288,3293.370800706978,0,159.89448750956583,1.995885204747614,2.0202782267915144e-08,4.0815241136478655e-16,0.0005966424691900242
345,1876.652808972056,2537.8716662809466,3156.3615698988506,0,158.2546542832406,1.3330484214193046,1.6297208087280763e-08,2.6559899144012953e-16,0.0004813003647295293
346,-3372.657985498689,2005.3504841192566,3923.8058631009526,0,159.78979863389637,0.9700841420004392,9.938468682195589e-09,9.877315974698253e-17,0.0002935096966287717
347,3425.280917987114,2035.8762006969991,3984.6381606980444,0,166.91210049108946,0.8204501435920112,3.7020916904017317e-09,1.3705482884141551e-17,0.00010933271952532421
348,1064.0316904966778,-20.899902389590704,1064.2369305286827,0,147.81130774001727,0.6740631319222056,2.7424277003244957e-08,7.520909691507102e-16,0.000809912621438939
349,-3059.989232644813,-42.204996855701054,3060.280275671132,0,159.33918185842896,1.6938931661807692,1.8277926348476537e-08,3.3408259160033286e-16,0.000539796299519979
350,-3266.1831594773225,-2231.265439521404,3955.565432761277,0,171.4921131459601,0.9885757864750441,2.632717811457046e-09,6.9312030747631774e-18,7.775123420514835e-05
351,3236.259673368228,1450.8720794862531,3546.604920836573,0,154.16994795466093,1.196625476591621,2.3413203891867388e-08,5.481781164821542e-16,0.000691454849952943
352,-1.1492999957274583,-4627.336675542161,4627.33681826902,0,163.7241419138279,1.1644009149849626,7.583949672599992e-09,5.751629263652952e-17,0.00022397442089246896
353,1011.5141563768302,3929.9083834006733,4057.997140274205,0,158.69845134727967,1.3122827143367775,1.5244207122511772e-08,2.3238585079403867e-16,0.0004502024155783858
354,1618.179583754806,-1206.1739143899877,2018.2568411963186,0,141.1696660919169,2.0033795536109213,1.7509749479983454e-07,3.0659132685178087e-14,0.005171099715917579
355,369.4476021265104,1275.824107897996,1328.2389412341238,0,145.18596764361607,2.8105838508522325,1.547027965107634e-07,2.3932955248250665e-14,0.004568789450717027
356,1459.1640878423545,3732.4686361587933,4007.553113204851,0,162.08686650039218,1.0232756620272632,8.047283839628544e-09,6.475877719554673e-17,0.00023765792437283124
357,792.7413560739903,185.32108868263265,814.1147115367376,0,146.76318387590675,1.8748161199954267,8.60596321083227e-08,7.406260278619847e-15,0.0025415722803804465
358,-3768.0110695893404,668.1931691425574,3826.7988622132443,0,165.9273683383671,1.700683625194637,8.595182714665201e-09,7.387716589847946e-17,0.00025383885100626187
359,-4451.445218935535,-1921.039171500651,4848.273510810208,0,159.400020177986,1.3055349829435157,1.3989026881253074e-08,1.956928730844211e-16,0.0004131335688971805
360,3474.3022845337687,1521.8666441513228,3793.00071801957,0,173.13676855988737,2.499855061877762,5.509046036936544e-09,3.034958823708624e-17,0.00016269693880626752
361,497.5163315738126,-3075.1789630817234,3115.1642260341664,0,166.40369992734296,0.6689347826274997,3.2003596204791434e-09,1.0242301700393407e-17,9.451522275183019e-05
362,-3838.7782741570163,1160.166722035634,4010.2625177236,0,166.3197827427499,0.481055979735757,2.323841377591824e-09,5.4002387482078674e-18,6.862928279607774e-05
363,-3345.0513799476103,-516.6754569345309,3384.718934016223,0,158.9653685652329,1.961574974806105,2.2097161205928034e-08,4.882845333607709e-16,0.0006525885716708003
364,-3440.414169984107,1343.1195300013107,3693.293886613733,0,155.86328306319928,1.075454752137417,1.731521903863068e-08,2.998168103557584e-16,0.0005113649647247745
365,-3938.5366922368707,2832.763481711275,4851.455474330682,0,163.32112665485394,1.9375829329515644,1.321916330139005e-08,1.747462783888175e-16,0.00039039742784801267
366,-2891.2606638993025,-1137.1797212437086,3106.8578894148595,0,165.56965774094462,2.11460154132504,1.1136421430359816e-08,1.240198822745774e-16,0.00032888846160080245
367,2749.218660460584,4058.5170755552044,4902.016329593146,0,177.0075142971055,0.35914701359633605,5.068699500000592e-10,2.5691714621306247e-19,1.4969232183754465e-05
368,1973.34509145122,4328.934649419759,4757.4957749746445,0,174.538272904165,2.0734327035475846,3.888448031249581e-09,1.5120028091728744e-17,0.00011483632323090197
369,1429.2826162775807,-1688.7656949793611,2212.4146016812515,0,150.87819904447053,1.0906744690038588,3.117347340635593e-08,9.717854442167804e-16,0.0009206364697567545
370,1242.0727244165648,-437.3646866626845,1316.8266863483348,0,138.82473871447107,1.1951844278153105,1.3683525010269123e-07,1.872388567066606e-14,0.004041112774014435
371,-1110.3887686230432,1134.2340221274744,1587.2775543160894,0,149.39582618850145,1.4036274378091234,4.758395539069908e-08,2.2642328106240403e-15,0.0014052821171677396
372,-87.72472109262198,669.2159700709218,674.9412132095233,0,123.97347320603973,2.2842390240799126,1.4456657314286885e-06,2.089949407027245e-12,0.04269439526618364
373,-949.3933719081559,-1208.1913111238102,1536.5786731886558,0,149.9689815967932,0.19647477886785286,6.235305387007802e-09,3.887903326924852e-17,0.00018414532973344325
374,-3471.2210398303614,2241.828233395223,4132.2111920143825,0,162.37683113107963,1.138309767978667,8.658026406385554e-09,7.496142125366955e-17,0.00025569479415824025
375,1317.125061697672,211.8909704391121,1334.0600479385193,0,142.9565596283502,1.525687778107735,1.0855196409441987e-07,1.178352890875622e-14,0.0032058313074818487
376,1570.3094386159423,2347.0234392390967,2823.896378648486,0,148.01797405909582,1.601674384851743,6.36319931841849e-08,4.049030556592154e-15,0.0018792238133056305
377,-975.1376191218064,-4491.212464135917,4595.854955743965,0,167.87072410355873,1.5358291999510283,6.205927749955557e-09,3.851353923766844e-17,0.00018327772913876393
378,-413.0505639936561,-641.2391324460549,762.7570998657741,0,133.41115658364978,0.5373508269190796,1.1473610229444882e-07,1.3164373169722226e-14,0.0033884655326369365
379,4447.157811310933,764.5256477185997,4512.3953799200035,0,157.50865390634064,0.8435779410460826,1.1238090351951029e-08,1.262946747586148e-16,0.0003318910181602722
380,465.05581024761756,2613.4445589470483,2654.499834118473,0,139.40433172202233,0.9426368573415053,1.0095499943210127e-07,1.0191911910335569e-14,0.002981472518956288
381,203.8968853353312,1706.6185135208036,1718.7555645121288,0,149.65718581877053,1.8065844916784388,5.942907722085268e-08,3.531815219322071e-15,0.0017551004066923153
382,-1966.9823782418594,-3680.952248778808,4173.539161683255,0,174.04006255581217,0.8084344737536023,1.6056160356437145e-09,2.578002853916238e-18,4.741815772567962e-05
383,3934.925685677012,489.8275387280668,3965.2958489244024,0,172.6303489322605,0.6879172788006542,1.6070107108883007e-09,2.5824834249097212e-18,4.745934623479748e-05
384,3716.848592266764,2849.883660843175,4683.673807832514,0,162.31510500194412,2.512778887586414,1.924859453585553e-08,3.7050839160576737e-16,0.0005684627404290495
385,1322.5486551493582,-4077.700473288808,4286.814212803856,0,160.17982258550143,0.13343760843394367,1.3070347080735111e-09,1.7083397281088085e-18,3.8600248480652364e-05
386,1945.283039295872,4037.6846281809862,4481.85489051366,0,167.24386397036233,3.501092113585156,1.520583727800408e-08,2.3121748732513852e-16,0.00044906925092482895
387,-1523.476900018888,-2174.8292920115596,2655.346364277674,0,150.65249609423122,1.503030175636373,4.409028388041387e-08,1.943953132655483e-15,0.0013021046058332812
388,156.23964424888598,2100.375625467514,2106.178671075431,0,154.85059790669848,1.8777609094016043,3.39711616956398e-08,1.1540398269513048e-15,0.0010032597256433111
389,3513.4969908272847,2533.911538801043,4331.901290544541,0,168.54009959342739,0.8354851985582038,3.1256027525195066e-09,9.769392566557516e-18,9.230745148068272e-05
390,192.6150896056468,4487.066737740571,4491.199002680865,0,171.82255946778446,0.16981595766011817,4.3536200570614824e-10,1.8954007601248025e-19,1.285741036216412e-05
391,-862.732438273487,-4900.849037663526,4976.206240703537,0,165.30950104390888,1.6364063544454357,8.880064189262305e-09,7.88555400054188e-17,0.0002622521667652527
392,1979.6007355048148,-2529.1545723372583,3211.766168759124,0,158.31581104454108,1.8955943323893965,2.3012025643533076e-08,5.295533242186239e-16,0.0006796069778382367
393,1472.877405962198,-2670.409012085161,3049.664267557919,0,153.4882361861908,1.6425021178361348,3.476114945258213e-08,1.208337511264751e-15,0.0010265901877391443
394,-3517.915688465333,2652.2807595349705,4405.7149270634745,0,159.22481042878243,0.5552345120941631,6.070660301985877e-09,3.6852916502107264e-17,0.00017928291777627968
395,-1436.8723081269945,-2540.7649392384274,2918.919064709648,0,156.73201393237127,1.6733803653707988,2.4377769832980364e-08,5.942756620297675e-16,0.0007199410751258105
396,1346.2511010637793,4632.120584891296,4823.788256141548,0,167.6780932317642,1.7117262326248415,7.071794708740693e-09,5.001028040257286e-17,0.00020884910804235557
397,-1240.5744974899717,4463.327650111832,4632.52833732027,0,170.3835223878661,1.4659646976185212,4.435549115828381e-09,1.967409595892593e-17,0.0001309936889675036
398,2604.419718610407,-1985.4089285808975,3274.8817817404433,0,155.0112032263957,1.7046581626193642,3.027451128070192e-08,9.165460332853477e-16,0.0008940877016095902
399,4318.191236297357,353.5550049881086,4332.6408453491085,0,172.90220290493718,1.9340592931339022,4.378845670302566e-09,1.9174289404327528e-17,0.0001293190837917683
400,3731.3099048172007,2222.8131379695683,4343.221368076587,0,162.35437806478478,1.3790524459301252,1.0516273675190424e-08,1.1059201201150311e-16,0.0003105738313186883
401,419.92661995236415,1549.7607411319009,1605.6452662086715,0,148.60655645594414,0.43076344411966005,1.5992303304145738e-08,2.5575376497179066e-16,0.0004722957068430537
402,4684.286053347098,788.2175064073572,4750.139226063712,0,160.7736910020762,1.1564635608505978,1.0579067860870933e-08,1.1191667680491228e-16,0.0003124283124242287
403,1484.1783231633428,3229.32253208757,3554.055333164697,0,146.50578727769755,0.40206913976162195,1.9011280815321682e-08,3.614287982390182e-16,0.0005614542283184749
404,-3940.665656642297,-2265.522199240933,4545.48530441949,0,169.93657856619862,1.0232077353356308,3.2593791749074928e-09,1.0623552605820648e-17,9.625822884958681e-05
405,-2490.859449662135,1340.469778769421,2828.6463239092463,0,162.0329300941322,1.0224876263805163,8.091174291711859e-09,6.54671014188589e-17,0.00023895412740851133
406,3695.8776385213237,-2954.4152032987945,4731.604454347913,0,163.51376239296903,0.36956563848266727,2.4660590118971098e-09,6.0814470501589495e-18,7.282935184443987e-05
407,1282.6291419520662,-2843.396640036241,3119.3015193075003,0,159.49948578064328,0.9262505031570895,9.811923824455554e-09,9.627384913691852e-17,0.00028977248680370606
408,-283.908809620767,436.27637436283214,520.520208068293,0,133.3630652698635,0.4850894863384951,1.0415223610062507e-07,1.0847688284760347e-14,0.0030758955125418036
409,-281.5277305318668,4749.241154902872,4757.578103455748,0,155.90378089805395,1.8174078849149302,2.912482758154713e-08,8.482555816548486e-16,0.0008601344514109471
410,-1099.2407459330927,1036.2609237705515,1510.684255446299,0,144.58274258126275,2.4292097418963223,1.4332695853886606e-07,2.054261704400183e-14,0.00423283037504864
411,-2382.747853210421,-1518.3390951238466,2825.392174506111,0,162.3598707395803,0.3874651822614666,2.9528347679149543e-09,8.719233166607363e-18,8.720514846298645e-05
412,-551.9482048000214,4842.200156487561,4873.556111944349,0,158.09251121584913,2.491447865827694,3.1033177330964874e-08,9.630580952551122e-16,0.0009164931495086356
413,-3465.4974914507,-3428.6303110991425,4874.954222701881,0,167.38362472371307,1.216019366119439,5.197078243584712e-09,2.7009622269941552e-17,0.00015348369124141078
414,-3189.3437301940417,2040.5964259877828,3786.284089061749,0,153.84667132282806,0.8438657195058963,1.7137196586120955e-08,2.936835068313557e-16,0.000506107483144856
415,-3763.7781324702933,-1276.677121978543,3974.4094283610216,0,165.49486850548902,0.3999415575795346,2.124482257070986e-09,4.513424860609431e-18,6.27416720528779e-05
416,-3082.2565840762322,1307.9879201952556,3348.303757047439,0,159.94868488344645,1.1784706163255778,1.1854534754525082e-08,1.4052999424624305e-16,0.00035009627848494863
417,-746.6220801387642,2602.465131735847,2707.4470063976532,0,147.25054521272818,1.7789799831350648,7.720471086313392e-08,5.9605673794601085e-15,0.002280062652342573
418,2717.4320905256836,-912.2370676688779,2866.4636111850264,0,164.80301744554114,1.5670851015714813,9.014501378456628e-09,8.126123510219645e-17,0.0002662224583542114
419,350.10374960271054,-4085.3872235615663,4100.361130672024,0,158.7426827275225,0.3210334234812521,3.7103605498843264e-09,1.3766775410137921e-17,0.00010957692117407018
420,2762.1157281939436,3343.6626534394345,4336.976278000838,0,159.09893028279222,0.38909079675122743,4.316228661692557e-09,1.8629829860016318e-17,0.00012746983520140452
421,3013.8765323682505,-3272.0061645397523,4448.53639899082,0,165.52798039126367,1.0155057175772944,5.373822945558008e-09,2.887797305020575e-17,0.00015870343741315848
422,-4429.175554648752,350.51030793083305,4443.023021532057,0,171.19864943397243,0.8366237020071198,2.3046113293354393e-09,5.3112333793012606e-18,6.80613677771373e-05
423,1190.5392650541783,-928.8535054471813,1510.0174092431052,0,141.65503430459185,0.7272772397546338,6.011021498707604e-08,3.6132379457925006e-15,0.0017752162359532925
424,1083.3855484554085,-3344.6649116111034,3515.7513588939332,0,161.26037860157695,0.8122809593429008,7.0256634665215825e-09,4.935994714481606e-17,0.00020748672845030675
425,-1069.5546029238046,543.1592324361335,1199.5703399201345,0,146.60284278490843,1.8038874860460206,8.434654670929711e-08,7.114339941783639e-15,0.0024909802634565576
426,3669.633989491125,521.5442850466675,3706.510765948669,0,165.83125066291063,2.3014311176063593,1.1760761631740964e-08,1.3831551415863038e-16,0.00034732690608962115
427,-388.99893227975895,3299.5366894489343,3322.3880770214705,1,117.41191812903041,1.0191825000239492,1.3729542048615313e-06,1.8850032486469595e-12,0.040547028424612386
428,-4550.63113311034,-1218.3434898764776,4710.90273397334,0,162.93756190370598,2.1751515203511183,1.550998650611983e-08,2.4055968142001926e-16,0.00045805159524051357
429,-1979.8960095090447,-2202.9269405343716,2961.9040014494,0,153.3476710002174,0.8807547491296877,1.89439894688325e-08,3.5887473699523664e-16,0.0005594669339650535
430,-84.7498487381869,1708.6523560481814,1710.7528783229175,0,150.2647313358608,1.1376272552901712,3.489501758743767e-08,1.2176622524275843e-15,0.0010305436736237552
431,1211.0694887617283,1451.930695560674,1890.7120487585876,0,144.90461989726916,0.7158503628172421,4.0699704359736844e-08,1.6564659349699823e-15,0.001201971678082304
432,2219.417748102837,-3756.587634056064,4363.22882656145,0,146.51901693391318,1.4303667096039006,6.7529968492549e-08,4.56029664460466e-15,0.0019943415026408085
433,3912.4774757417863,-384.67074845861083,3931.3422113708857,0,165.15657078273026,2.7793286844043195,1.535010570519212e-08,2.3562574516057167e-16,0.00045332988539992973
434,-1569.320794095896,-255.53698027483819,1589.9895921262366,0,154.00146469896168,1.3601925053536326,2.7134832345896595e-08,7.362991264399161e-16,0.0008013645426266236
435,685.1250062261327,1277.9960401811024,1450.0586722181058,0,132.9206793413095,0.9411455026792448,2.1262915055966538e-07,4.521115566772485e-14,0.006279510402543582
436,-584.8223340956434,4145.143076423409,4186.194965177566,0,157.39196382582261,1.4447183936501147,1.950675416650917e-08,3.8051345811262283e-16,0.0005760868883031269
437,1339.7366477109672,155.50200604821146,1348.730943926489,0,149.6445294561606,0.5121676371117384,1.6872741773184517e-08,2.846894149445658e-16,0.0004982974216153524
438,3891.389292761553,-2324.562508180764,4532.824889873742,0,176.93753702106068,2.095308299829076,2.9810625057617803e-09,8.886733663258704e-18,8.803878944298783e-05
439,3103.398778550982,2832.8380998921693,4201.91095561441,0,163.62927925675382,1.1826531040023822,7.78741668183556e-09,6.064385857653076e-17,0.00022998334863218005
440,-1264.4248951098516,-659.50678591955,1426.0853817522618,0,142.46169924951656,1.0923876710271878,8.227953477822012e-08,6.769921843320334e-15,0.002429935844621157
441,-219.27994247914341,1439.7427405464289,1456.3457186155347,0,146.07055082049555,1.3278273687042006,6.601065998245809e-08,4.357407231319693e-15,0.0019494722381553082
442,-4681.498271516044,-1658.1807489901928,4966.486631667238,0,174.13233292635647,1.4001807405844626,2.7514869246539174e-09,7.570680296541472e-18,8.125880539121368e-05
443,-1775.8099397130154,-2490.6362544377016,3058.883766000762,0,154.92604660067968,0.3859585139769946,6.922106798528118e-09,4.7915562530229195e-17,0.0002044284216649667
444,1462.138104678579,-2669.8700042360124,3044.019329221198,0,153.93292186957294,1.5150225935769934,3.0463024239844176e-08,9.279958458373339e-16,0.000899654996050791
445,1218.9215448807267,4339.840947415371,4507.769867843474,0,161.6170624836938,0.7442872642891459,6.178562775165707e-09,3.817463796666336e-17,0.00018246956787110186
446,4854.725268108915,335.9419678773278,4866.334805024873,0,159.87744193563574,1.582149083537663,1.6046314770266756e-08,2.5748421770648106e-16,0.0004738908106304265
447,3238.980625781999,3762.8488012914663,4964.879313293705,0,166.61456703830103,1.8595594714779728,8.68323831122125e-09,7.539862756946046e-17,0.00025643936948230555
448,3511.325764736573,-2550.4991678827632,4339.868043094576,0,173.7180933959741,1.805230703259547,3.720729019832659e-09,1.3843824439024899e-17,0.00010988312996401097
449,2153.5197964711856,-2183.7678733051275,3067.000104054921,0,160.7804114044855,1.2681331973218763,1.1591624429478424e-08,1.34365756914081e-16,0.0003423318298346995
450,-1182.5362060962348,-830.1361567467366,1444.8245282617258,0,145.52591949554383,1.2118772050390503,6.414497524327405e-08,4.114577848960241e-15,0.0018943735525012665
451,-3557.5499303968168,-2602.404924472654,4407.796830411528,0,162.4419940632599,0.5552884565057172,4.191977492417737e-09,1.75726752969369e-17,0.00012380036416257585
452,-1901.2017984776185,-3216.448035467167,3736.322556123217,0,152.4115481583041,1.7281171879461348,4.139956537776324e-08,1.7139240134676926e-15,0.0012226404553005918
453,1471.6998365293875,2905.1075405798288,3256.616377649417,0,165.04496855404818,0.7957930247352091,4.451964580458609e-09,1.9819988625658003e-17,0.00013147848176584188
454,4088.264973505207,-2438.2266370825473,4760.1323119602885,0,164.81960979426978,1.1718018355504676,6.7278094763052645e-09,4.526342034946292e-17,0.00019869029943255718
455,-1454.830142006419,814.4975847498666,1667.3143247911544,0,148.2545359854222,0.8178728466745208,3.161979067947693e-08,9.99811162613936e-16,0.0009338174186154658
456,-2605.088673750703,2351.412471083557,3509.3628491895047,0,180.02190954201106,0.5360451378518346,5.346947058220285e-10,2.8589842843410565e-19,1.5790972021271533e-05
457,-529.0082374118438,-63.17755879971233,532.7674156566604,0,132.447309456501,1.4092959756388452,3.362302154914103e-07,1.1305075780940022e-13,0.009929782112520442
458,3274.980592629802,995.4989541688674,3422.939679552235,0,155.98117330807338,0.33425666702675166,5.309106202454704e-09,2.8186608668943003e-17,0.00015679217801873268
459,595.6805386989766,1026.0343989658586,1186.4155646509084,0,141.29254150587184,1.6618603599087862,1.4320805735768207e-07,2.0508547692161157e-14,0.0042293189035398915
460,-129.46265141450596,-1718.6294913652926,1723.4987399768524,0,156.75687661510625,0.8742081360338584,1.2699043571159897e-08,1.6126570762221752e-16,0.00037503689403620155
461,1487.329331880291,852.0608123579851,1714.1050637074795,0,150.45870338454299,0.01641353565827142,4.923421000448741e-10,2.4240074347659677e-19,1.4540185721027907e-05
462,-3211.73505878396,-2432.0804807981954,4028.679380752654,0,154.2642439306253,1.1963752862747083,2.315555723177868e-08,5.36179830714178e-16,0.000683845851478608
463,126.18468115206934,4316.850635344954,4318.694476532877,0,169.41509277500163,0.3097902269641577,1.0478836739290973e-09,1.0980601940871427e-18,3.094682179641638e-05
464,-2931.733034051867,2447.276147981266,3818.929055040037,0,158.10341629664208,0.8039876987986566,1.0001809746004091e-08,1.0003619819526242e-16,0.0002953803285155414
465,-1180.6746447853736,4760.285820728045,4904.519722853966,0,176.94694635726668,1.5668455096743412,2.2267879343623127e-09,4.958584504621575e-18,6.576303371988923e-05
466,-1886.5206046829364,2410.9758389912017,3061.3337760023164,0,165.29423851253898,0.35983553092719117,1.9561047994895e-09,3.8263459865858564e-18,5.7769033100722144e-05
467,-516.5244153545743,-2622.213699412985,2672.602132201222,0,154.05846109010668,1.9123051870529382,3.789955830176896e-08,1.4363765194691845e-15,0.0011192758376795714
468,-1359.6181956006405,4457.17585102138,4659.933283292424,0,172.67177772041947,0.08748985308475557,2.0340836138334794e-10,4.1374961480658674e-20,6.007195710978754e-06
469,-2161.4722337424796,-958.0885897173653,2364.2960819208565,0,155.25418508826436,0.75293581810337,1.300315391327394e-08,1.6908201169229137e-16,0.00038401808994372296
470,-4851.740184396943,735.6498277871109,4907.195073156893,0,170.83145214125844,1.6435065234498487,4.722792068077576e-09,2.2304764918296467e-17,0.00013947674550964979
471,-284.5539894062946,-472.1132219694455,551.2366708097426,0,134.13050878067097,0.8720004531188613,1.713922860829991e-07,2.937531572875661e-14,0.0050616749422225235
472,4541.318750606348,-1903.52165027934,4924.121309197305,0,160.68495546914667,0.46360626126874843,4.284513536405333e-09,1.8357056243640537e-17,0.0001265332022955452
473,-113.51859378859943,-1032.526671630647,1038.7481883326693,0,137.82203469692007,0.9451483138267855,1.2145019852011698e-07,1.4750150720575823e-14,0.0035867508429144237
474,1031.3657307207927,4605.9594626903245,4720.018839205176,0,171.34683553767726,0.7940398459633572,2.1503072518088353e-09,4.6238212771816655e-18,6.350435356985293e-05
475,3562.6585456164794,707.100993142681,3632.1519416397623,0,159.36462715461136,1.923370030512605,2.06933825744315e-08,4.282160823717853e-16,0.0006111312150658915
476,-383.54880158745544,4967.596020187565,4982.38094719608,0,163.50587676885246,0.8670957793621645,5.7912622763615e-09,3.3538718753607777e-17,0.00017103154300597933
477,-1123.0298565260143,-764.0144368636834,1358.276156893351,0,140.31283377285774,1.7638464546163595,1.7014495952904198e-07,2.8949307253139334e-14,0.005024838036039499
478,3528.504062479966,1181.5312907813304,3721.0693503390958,0,164.27200989268212,2.109237259155085,1.2898076242732807e-08,1.6636037076334847e-16,0.0003809148638644139
479,-4921.375178860574,112.38211322328097,4922.6581630738365,0,178.13407894999406,1.066619587803727,1.3222257402247375e-09,1.748280908112855e-18,3.9048880496384526e-05
480,-2967.2150162041066,-2067.1432344824543,3616.2751698748975,0,154.903256524808,2.194226092799553,3.94564991411496e-08,1.556815324475539e-15,0.0011652564860116644
481,-2002.9876260872054,3423.8876329580535,3966.732402542622,0,162.81339606491062,0.9733646907090026,7.040536992336239e-09,4.9569161140455016e-17,0.0002079259836504042
482,546.4186211961927,-4134.627421549067,4170.577564872212,0,171.8696052806786,2.5793088036017386,6.576927832183976e-09,4.325597970975621e-17,0.0001942343588838663
483,2642.7171688294993,2092.7428377056094,3370.9830345456103,0,159.78564934985363,0.4325048943361485,4.433110522832886e-09,1.9652468907651663e-17,0.00013092167076095726
484,3527.6547858513713,1801.2783554913165,3960.928174317427,0,165.36094023714017,1.5242136626208205,8.222404506059929e-09,6.760793586127463e-17,0.00024282970840931815
485,-522.1476102347609,-3786.188013187358,3822.022736467891,0,155.74980692167864,1.1669200214506161,1.9034906383789366e-08,3.6232766103962513e-16,0.0005621519548652269
486,-4744.56267978843,134.44418854513782,4746.467134856695,0,167.81588147385773,0.9904032651021635,4.027337163827268e-09,1.6219444631144264e-17,0.00011893809267561933
487,-402.31516791529907,-987.0673807809331,1065.9078330401962,0,140.98223466460684,1.4153506049070157,1.2640152150756721e-07,1.5977344639427978e-14,0.003732976720806563
488,-2431.179977009324,1055.1983980250827,2650.2980473534967,0,162.5279195571784,1.5600725256443204,1.1661349473768046e-08,1.3598707154935028e-16,0.000344390997826398
489,110.18585975002009,4873.206970591862,4874.452492528158,0,172.7451476069684,0.09351808907100714,2.1559478106654026e-10,4.648110962312943e-20,6.3670934435753705e-06
490,1984.5859580479098,-4279.9548096203025,4717.68954015341,0,180.69747231044332,0.6044258802718643,5.577883459076542e-10,3.1112783883039686e-19,1.6472989292979494e-05
491,1031.1808129588155,-3213.7338020795096,3375.1176008611646,0,163.7596199593537,1.5801477976877139,1.0249831175971545e-08,1.0505903913591821e-16,0.0003027050680699955
492,-1340.8179399866353,-3702.096999924288,3937.424912939727,0,164.51457993029575,1.4817347165855785,8.811329862483377e-09,7.763953394549132e-17,0.00026022225732487707
493,-365.2283503173116,2607.899121256958,2633.3494972237013,0,157.68112926969974,2.6010739862758774,3.397005438640193e-08,1.1539645950151048e-15,0.0010032270238248646
494,-1829.3630004139295,-1164.671630035942,2168.646811514967,0,151.3794344430377,1.692010554196835,4.5649008130068047e-08,2.0838319432590185e-15,0.001348137923064889
495,-2186.2946426350445,2610.0911591522727,3404.7702012763725,0,162.4433932592266,2.454101500906953,1.8523491828275817e-08,3.43119749512201e-16,0.0005470485082639183
496,2493.533125483834,1617.4357028228794,2972.171882757005,0,156.59337814347117,1.5572265107408667,2.3050634344679112e-08,5.313317436921003e-16,0.0006807471965704148
497,3315.839866954643,-1896.472718756064,3819.8694737218184,0,163.126661345899,0.8413040461132525,5.869754133038769e-09,3.445401358232571e-17,0.00017334961853429954
498,909.8907484836532,1056.1556466489576,1394.046600413566,0,154.36887469888086,0.47188849999133464,9.023928772588848e-09,8.143129049275687e-17,0.00026650087464551636
499,4696.277169125875,-1518.1735547694213,4935.571921434654,0,159.75639125056168,1.7449656593265557,1.7945985891917093e-08,3.2205840963288735e-16,0.0005299932055203856
500,-4682.391932123384,1652.4147197286482,4965.407194983113,0,172.71930422522684,1.437528293601225,3.323924801628123e-09,1.1048476086878558e-17,9.816443471723974e-05
