User1_ID,User2_ID,alpha,R_sum_bitsHz,score
1547,519,0.9991633892059326,19.77630699922552,0.9612885117530823
1441,235,0.9991579055786133,18.739751895043586,0.956752598285675
1969,770,0.9978923201560974,17.81153328973791,0.9384676814079285
1818,192,0.9979332685470581,18.533921908666294,0.9256377816200256
384,1621,0.9981977343559265,20.60925464431093,0.9253171682357788
1649,1131,0.9971954822540283,18.424801564766156,0.9243943691253662
1251,1242,0.9958290457725525,18.65321208907056,0.9238046407699585
691,750,0.9986404776573181,18.85331035472133,0.9204090237617493
1431,90,0.9989799857139587,18.33843917940208,0.9152491688728333
1575,617,0.9961918592453003,15.782227125547596,0.89952552318573
199,861,0.9982445240020752,15.851833629039126,0.888353168964386
154,1772,0.9959803819656372,18.633058393412636,0.885064423084259
1742,224,0.9968258142471313,17.821634139660645,0.8850391507148743
1068,589,0.9978570342063904,18.23760255819966,0.8846542239189148
1211,185,0.9910913109779358,15.210393123875036,0.8817030191421509
424,1109,0.9920380115509033,15.813338911718404,0.8809834122657776
702,973,0.9944683313369751,15.744342035226982,0.8778269290924072
1107,763,0.9939119815826416,15.716110681623425,0.8765794038772583
1325,1445,0.997610330581665,15.92740502668975,0.8760805726051331
1030,620,0.9874469637870789,15.61750858683077,0.8744770884513855
1635,1513,0.9861899018287659,15.639063988135447,0.8730172514915466
1394,1791,0.9907785654067993,15.646646275202095,0.8724545836448669
1726,31,0.9896863102912903,15.196080723332365,0.872326135635376
497,1747,0.9969621300697327,15.339158646980959,0.8721681237220764
1354,1718,0.9928431510925293,15.8345278218497,0.8712736368179321
1634,1064,0.9960112571716309,15.4484568609118,0.8700928092002869
1197,391,0.9962387084960938,14.97122974958771,0.8690240979194641
1258,1640,0.9970152378082275,15.375206167948864,0.8686761856079102
310,1717,0.9943667054176331,16.027674311078496,0.868004560470581
1822,232,0.9942286014556885,15.857599885370458,0.8672537207603455
571,1482,0.9960641264915466,15.579909169562494,0.8670392036437988
139,1158,0.9932726621627808,15.61903247778302,0.8663639426231384
478,389,0.9939325451850891,15.438740749004829,0.8646557927131653
360,1299,0.9945072531700134,15.432775276162188,0.8639125227928162
911,1670,0.9939351677894592,15.409580570700484,0.8637473583221436
87,1295,0.9967984557151794,15.686061076657825,0.8634192943572998
1958,1133,0.9961661100387573,15.590442491218358,0.8625423908233643
843,337,0.9934398531913757,15.327741234998228,0.862492561340332
67,707,0.9944899082183838,15.265623900511233,0.8618581295013428
135,479,0.9949106574058533,15.917082900545447,0.8614879250526428
714,1152,0.9954029321670532,15.381617588044149,0.8610987663269043
1831,1686,0.9929112792015076,15.23950051934699,0.8608978986740112
1013,191,0.9949241876602173,15.704598062102535,0.8608319163322449
646,1748,0.9938430786132812,15.841737478871558,0.8608112931251526
1097,1817,0.9956207871437073,16.015255800646745,0.8600153923034668
286,741,0.9957730174064636,15.327098295082267,0.859898030757904
1075,1310,0.993924081325531,15.234267669774896,0.8598256707191467
624,812,0.9948425889015198,15.840519277267868,0.8598093390464783
767,1861,0.9953820109367371,15.429114518363868,0.8597487211227417
1001,674,0.9943522214889526,15.531839906219108,0.8592453002929688
1459,1243,0.9960734844207764,15.760625208503939,0.859036386013031
1301,916,0.993819534778595,15.484330461618658,0.8587415218353271
1208,572,0.9939848780632019,15.104862015085983,0.8580745458602905
1231,790,0.9913662075996399,15.637501964387416,0.8580069541931152
1919,121,0.9963709115982056,15.59839079968129,0.8577184081077576
1397,522,0.9942783117294312,15.531986101397461,0.8568345904350281
987,1765,0.9955957531929016,16.038986449610853,0.8562133312225342
1035,79,0.998696506023407,17.71455794310502,0.8559548258781433
1122,1510,0.9968312382698059,15.31441018778052,0.8559439778327942
636,711,0.9932242631912231,14.947091447469397,0.855873703956604
1723,1316,0.995945394039154,16.035730369379024,0.8554366230964661
772,1184,0.9952545166015625,15.775626528553499,0.8553221821784973
1409,1136,0.9955978989601135,15.715650499351709,0.8550333976745605
1500,1643,0.9892366528511047,15.842960331983553,0.8546167016029358
211,942,0.9933591485023499,16.043754787260735,0.8546105623245239
1641,594,0.996040940284729,15.782245043566107,0.8541500568389893
1709,470,0.9958410859107971,16.338007937162207,0.8535746335983276
214,1974,0.9962747097015381,15.53132666635226,0.853371798992157
485,1155,0.9957183003425598,15.88073764812128,0.8527606129646301
1183,255,0.9959222078323364,15.7948194664657,0.8525339365005493
1816,1240,0.9957230091094971,18.558596915962553,0.8521987199783325
1462,170,0.9920364022254944,15.427736059542763,0.8521385788917542
1883,574,0.9966564178466797,16.196382432794188,0.8519490957260132
1467,616,0.9974260926246643,15.790193174766959,0.851857602596283
1378,238,0.9935491681098938,15.769537840060543,0.8516002297401428
351,392,0.9973136782646179,15.581063812679552,0.8514875769615173
1444,879,0.9907143115997314,15.370779214812796,0.8510320782661438
1147,566,0.9903517365455627,15.78910473740357,0.8508974313735962
1485,1954,0.99469393491745,15.558815346717086,0.8507456183433533
681,1383,0.9933239817619324,15.627314985950676,0.8504813313484192
676,1229,0.9978376030921936,18.457027438936926,0.8503596186637878
643,1537,0.9926068782806396,15.758201484781566,0.8500146269798279
717,659,0.9894582033157349,15.264670724875629,0.8497591018676758
1203,1786,0.9965528249740601,15.9094391862243,0.849757730960846
1407,1222,0.9940137267112732,15.911117973789217,0.849649965763092
397,477,0.9954875111579895,16.29572145818109,0.8492230176925659
1049,1313,0.9913135170936584,15.573658478024164,0.8490550518035889
1540,133,0.9946081638336182,15.287192167510092,0.8488290905952454
985,1496,0.9925808906555176,15.629238679232808,0.8487284779548645
683,1215,0.996337890625,15.509481115095124,0.8485684990882874
1680,248,0.9935996532440186,15.951719937395593,0.848497211933136
1708,100,0.9947444200515747,14.882032674466807,0.8483358025550842
457,1755,0.9975053668022156,17.49160833820033,0.8480859398841858
1180,1977,0.9940722584724426,15.747036508012412,0.8480091094970703
991,1320,0.9956157207489014,15.462738574769297,0.8476654291152954
343,229,0.9940263032913208,15.277540010686938,0.8476216197013855
737,27,0.9955192804336548,16.061518341403023,0.8474726676940918
735,1933,0.9898849725723267,14.970284353322292,0.8471426963806152
1636,773,0.9934600591659546,15.633695323581698,0.846400797367096
1730,1532,0.9972330927848816,16.076850814885194,0.8463135361671448
1824,260,0.9971005320549011,16.824957764807163,0.8461318612098694
68,1474,0.9974687099456787,15.550051693629513,0.8458755612373352
1062,1187,0.9947013854980469,15.498009323391898,0.8457918167114258
1710,1841,0.9953964352607727,15.29499008265002,0.8456901907920837
921,1669,0.9940739274024963,15.48614041886793,0.8454696536064148
1253,745,0.9965762495994568,15.821002271510906,0.8453837633132935
1028,994,0.9933252334594727,15.499091055356493,0.8452117443084717
1583,1903,0.9938410520553589,15.489260522068506,0.8451307415962219
1282,1173,0.997305154800415,16.465895558328455,0.8447787165641785
288,138,0.9896926283836365,14.386797772401671,0.8439005017280579
740,86,0.9970113039016724,15.191049455159042,0.8436518311500549
1788,1707,0.9960678815841675,15.761252746634295,0.8428864479064941
1437,442,0.9937365055084229,15.154008250918299,0.8428003787994385
405,1344,0.9885923266410828,15.053280416733589,0.8427663445472717
1869,234,0.9922351241111755,15.320010193745706,0.8427457809448242
1090,1665,0.9940120577812195,15.807243450066498,0.8426221609115601
1433,1387,0.9966561794281006,15.347004679834466,0.8425779938697815
1117,1009,0.9923821091651917,15.346990253278154,0.8425594568252563
738,1373,0.9969971179962158,16.579254651796376,0.84218829870224
1548,630,0.9935286641120911,15.29465192440587,0.8419572114944458
1335,1728,0.9964439272880554,16.11152204668938,0.8417506814002991
505,1918,0.9918334484100342,14.85598178454789,0.8417320251464844
811,1522,0.9924180507659912,15.214458603848172,0.8416281342506409
960,1329,0.9953662157058716,15.678220800583116,0.8414099216461182
16,1885,0.9950516819953918,15.943421016190985,0.8412560224533081
1618,1497,0.9932464361190796,15.706775864395272,0.8412531614303589
844,292,0.9978860020637512,17.580700971937645,0.8403019309043884
1950,679,0.9960711002349854,15.458578576610256,0.8400442600250244
1941,649,0.9953872561454773,18.012998864301746,0.83961021900177
373,40,0.9939401149749756,16.419482917641226,0.8395109176635742
859,1105,0.9943931102752686,15.89219204403951,0.8394704461097717
1044,1592,0.9974356293678284,16.44192343237412,0.8391954898834229
6,354,0.9917716383934021,15.86646683593798,0.8387051224708557
1351,1080,0.9967671632766724,15.565297397536717,0.8383985757827759
213,1491,0.9941431879997253,15.935711332405308,0.8383721709251404
1172,724,0.9939688444137573,15.372464733099994,0.838291347026825
422,17,0.9975771307945251,15.966842164026438,0.8382900953292847
1955,897,0.9967209696769714,16.401902159282336,0.8382212519645691
983,1514,0.9916531443595886,15.559893539753146,0.8381003141403198
1345,682,0.9949634075164795,15.460023060114178,0.8380607962608337
665,769,0.9951561689376831,15.353547018665072,0.8379954695701599
180,452,0.9893592596054077,14.100134539624921,0.8372846841812134
1998,992,0.9965760111808777,15.598526323371189,0.8369957804679871
29,874,0.9911864399909973,15.127618442345863,0.8368685245513916
193,560,0.9951938986778259,14.76885900510159,0.8368405699729919
1305,200,0.996572732925415,16.301839073583537,0.8367440104484558
1944,1810,0.9955612421035767,16.0946860706562,0.8367409706115723
1829,296,0.9955162405967712,15.799776164502962,0.836689829826355
1999,995,0.9929592609405518,15.45754931622238,0.8365842700004578
935,382,0.9923853874206543,15.074417779745845,0.8365712761878967
1997,1550,0.9919769167900085,15.863681388495326,0.8365530967712402
1739,1005,0.9955222606658936,15.315129010504826,0.8364600539207458
1082,621,0.9910123348236084,15.618597466912167,0.8364380598068237
1851,357,0.9897599816322327,15.14179095099334,0.8358643651008606
794,332,0.9957692623138428,15.273458726005824,0.8358540534973145
1336,632,0.9913278222084045,16.15785561700924,0.8358470797538757
207,1423,0.9961588382720947,15.471753294141454,0.835594117641449
21,1935,0.9928429126739502,14.307070595474862,0.8352845311164856
252,637,0.9969383478164673,15.702573544181922,0.8350790739059448
644,1840,0.9966408014297485,15.260750440569911,0.8350719213485718
1612,1411,0.9959871172904968,16.37738879594189,0.8349862694740295
889,1980,0.9953784942626953,15.641056559087936,0.8349857330322266
895,1732,0.9966270923614502,15.044089416792565,0.8349366188049316
786,355,0.9970539808273315,15.403955293516585,0.8348584771156311
1590,1594,0.989503026008606,14.957706814323373,0.8347282409667969
1070,1317,0.9970167875289917,16.57851816419194,0.834631085395813
734,1156,0.9976565837860107,18.263829799406828,0.8342317342758179
1362,531,0.9959322810173035,16.20780898214368,0.8340393900871277
1038,1339,0.9911124110221863,15.206247934788383,0.8336355686187744
1212,311,0.993256688117981,14.912144220623354,0.8329789638519287
831,1785,0.9939455389976501,15.058497732433816,0.8328133225440979
517,550,0.9967312812805176,15.386450149222679,0.8328130841255188
1271,699,0.9957188963890076,14.985928949699673,0.8327445983886719
807,829,0.9964989423751831,15.934333098049805,0.8325091600418091
258,236,0.993115246295929,15.493121379869955,0.8322067260742188
325,1051,0.995449960231781,15.437713457812517,0.8321846127510071
1095,1803,0.9942480325698853,15.787282336024518,0.8321231603622437
1662,1020,0.99671870470047,15.603663740693712,0.831720232963562
1495,1775,0.9955965876579285,16.01584315953877,0.8309820890426636
1832,1855,0.998562753200531,15.965182906804742,0.8309073448181152
1660,1567,0.996107280254364,15.260728940462627,0.8306794166564941
1137,1393,0.9924530386924744,15.518518048046976,0.8306661248207092
317,579,0.9943307638168335,16.4689344939984,0.8304842710494995
1185,1486,0.9964706897735596,15.653180595143429,0.8304271697998047
1629,1501,0.9928706288337708,15.30883777309706,0.8302817344665527
1943,588,0.9937306642532349,15.237690835347323,0.8300221562385559
1554,1207,0.9951483607292175,15.718024832992246,0.8299669623374939
334,1878,0.9977854490280151,16.53180626397282,0.8292186260223389
1031,367,0.996920108795166,16.118773964659425,0.8291270136833191
787,1458,0.9955077171325684,15.734221084721671,0.828934371471405
1483,1616,0.9936734437942505,15.635856061986988,0.828801155090332
475,209,0.9945439100265503,16.235005412592255,0.828642725944519
1448,1367,0.9922387003898621,15.41155071777628,0.8286269903182983
825,694,0.9859572649002075,15.297046212450566,0.8279390335083008
1505,726,0.9969149827957153,16.462731542774407,0.8277567625045776
1536,836,0.9939455389976501,15.697523307298432,0.8274444937705994
1899,1443,0.9968385696411133,17.999620003771575,0.8269574046134949
1877,33,0.9983668923377991,17.45417531809681,0.8268178701400757
1086,1342,0.9969093203544617,16.324949880369175,0.8267585635185242
514,1854,0.9948533177375793,15.347035850822753,0.8266890645027161
299,167,0.9918261766433716,15.76222038113481,0.8263633847236633
761,1915,0.9944748282432556,16.098825986493996,0.8263415694236755
1114,1045,0.9976444840431213,16.23101149362499,0.826121985912323
1475,1545,0.996856689453125,15.893686718921884,0.8260062336921692
1400,237,0.9903013706207275,15.231574107286072,0.8257536292076111
1432,1226,0.9960173964500427,15.681277258734085,0.8255228400230408
1796,1692,0.9961339235305786,14.873993549083153,0.8253843188285828
1630,1371,0.9986326098442078,16.658291771030537,0.8253706693649292
394,1490,0.9917769432067871,15.400291221930008,0.8253632187843323
140,1771,0.9947546720504761,15.854842481028545,0.8250044584274292
899,1470,0.9976759552955627,15.98098431548706,0.8247191905975342
634,426,0.9958059787750244,16.169818331574618,0.8239994049072266
1108,263,0.9934684038162231,14.587431474726795,0.8239619731903076
1415,1270,0.993645429611206,15.436838665478486,0.8239476680755615
1066,601,0.9930483102798462,15.89822924097404,0.8236682415008545
970,1632,0.9873473644256592,15.590648271476674,0.8235626220703125
799,1719,0.9966028928756714,15.931580334264357,0.823552668094635
801,1558,0.9970358610153198,15.658420297758145,0.8234593868255615
1343,146,0.9909377098083496,14.740498837503253,0.8234386444091797
201,1678,0.9893491268157959,14.772990228121007,0.8234061002731323
908,119,0.9979725480079651,16.568996938172067,0.8233455419540405
1017,1799,0.9941834807395935,14.143730489238541,0.8233078718185425
1897,88,0.9949630498886108,14.849712236590666,0.8228204846382141
936,416,0.996222972869873,15.617505083536189,0.822687029838562
1627,115,0.9901658892631531,16.208139293841594,0.8225229978561401
297,1220,0.9962567090988159,16.461604529970096,0.8224944472312927
202,626,0.9933958649635315,15.622406482006248,0.822390615940094
1154,1889,0.9956933856010437,15.996521562524254,0.8220944404602051
1570,1511,0.9953954815864563,15.31968663230629,0.8220778107643127
1735,455,0.9977512955665588,16.3374609033533,0.8220601081848145
855,1863,0.9930371642112732,16.3750792902525,0.8219481706619263
1403,1201,0.9990012049674988,19.108443044851537,0.821843147277832
1642,961,0.9956657290458679,15.50624144599484,0.8217784762382507
1769,1163,0.9884374737739563,15.376344974899196,0.8215521574020386
523,1994,0.9948670864105225,16.207892430274,0.8214362263679504
809,109,0.9971116781234741,15.855602627233935,0.8214191794395447
59,93,0.9968749284744263,15.971979985321632,0.8213950395584106
941,1647,0.9937344193458557,15.278073848720066,0.8212007880210876
1659,184,0.993626594543457,16.003696285507225,0.8207630515098572
1613,544,0.9973428845405579,15.35480486160192,0.8205963969230652
513,596,0.9933913946151733,15.451912748469788,0.8203397989273071
1904,349,0.9975984692573547,16.475059635899264,0.8200759887695312
132,1390,0.9985571503639221,16.239815750714264,0.8198911547660828
217,818,0.994286835193634,15.196701643601887,0.8196051716804504
1296,1416,0.9935770630836487,14.591740005126372,0.819516122341156
114,1120,0.9943494200706482,15.190442266885203,0.8194102644920349
1250,1098,0.99456787109375,15.670570460084598,0.8193490505218506
438,612,0.9938157796859741,15.685350843998371,0.8192649483680725
359,194,0.9970300197601318,16.38440000183484,0.8191307783126831
352,158,0.9969694018363953,16.545293497623717,0.8191155195236206
893,1159,0.9976179003715515,16.059337436986166,0.8189830780029297
977,728,0.9974539875984192,16.746457260316063,0.818973958492279
143,1217,0.992921769618988,15.91562382148685,0.8188017010688782
1639,1323,0.995505690574646,15.553940702151522,0.8185129165649414
1888,1449,0.9895267486572266,14.999362410841893,0.8184788227081299
830,1959,0.9909199476242065,14.929448985611113,0.8182886838912964
1683,598,0.9978873133659363,16.012906941004914,0.8182656168937683
1923,914,0.9949445128440857,15.050016818155083,0.8182398676872253
306,1862,0.9966980218887329,15.966272961762723,0.8178271651268005
250,230,0.9956602454185486,15.0507703232328,0.8176308274269104
275,1809,0.9917517304420471,15.211833031180944,0.8176283240318298
1248,1375,0.9969673752784729,15.842019689801539,0.8175017833709717
1193,273,0.9940273761749268,16.09951573370101,0.8174853324890137
98,1225,0.9926984906196594,14.829003479392522,0.8170936703681946
638,664,0.9970295429229736,15.436772800023299,0.8170708417892456
1952,110,0.990528404712677,15.912831243325952,0.8169412016868591
54,361,0.9962407350540161,15.876972837767164,0.8165419101715088
841,1337,0.9964205026626587,16.260781848601965,0.816331684589386
1346,1129,0.991007387638092,17.553680208712233,0.8161147236824036
1656,156,0.9935135245323181,16.131580699071687,0.8158814907073975
1430,529,0.9960075616836548,15.680251885709946,0.8148170709609985
1372,82,0.996605396270752,15.610759014560468,0.8147696256637573
257,1116,0.9973841309547424,15.666572041395952,0.8146670460700989
1866,342,0.9937536120414734,15.237859508259769,0.8145871758460999
1442,1341,0.9918928146362305,15.089965152035077,0.8144627809524536
1247,1734,0.99720698595047,15.160190368310452,0.8144468069076538
1153,203,0.9947239756584167,16.361786604301273,0.8144153952598572
1574,558,0.9900083541870117,15.194241897675843,0.8141975998878479
1096,129,0.9933862090110779,14.437651886561707,0.8139983415603638
904,312,0.9935385584831238,15.823704811751863,0.8139684200286865
276,26,0.9896626472473145,15.06129108909678,0.8137805461883545
340,1837,0.9947428703308105,16.134577900508447,0.8136473298072815
1573,1912,0.996234118938446,16.15549112320021,0.8135551810264587
1764,423,0.9944933652877808,15.451028498156177,0.8135100603103638
1779,198,0.9932011961936951,15.861090132155162,0.8131590485572815
530,47,0.9916723370552063,14.363208666703642,0.8129212260246277
388,877,0.9949511289596558,16.169985195420434,0.8127345442771912
1111,1160,0.9944538474082947,15.031873364286326,0.8124819993972778
502,867,0.9974356293678284,15.785497246942496,0.8123056888580322
1645,1646,0.9973946809768677,15.677701871683405,0.8121647238731384
1606,1219,0.9904454946517944,15.622283016437482,0.8121248483657837
269,1839,0.9872786998748779,15.15930126179284,0.8117409348487854
1766,1284,0.9907880425453186,15.79906597753085,0.8116947412490845
639,329,0.9915518760681152,14.029267020961772,0.8114710450172424
493,984,0.9929035305976868,15.286289340196587,0.8114294409751892
883,411,0.9982230067253113,16.31122729592202,0.811404824256897
1671,1304,0.9944222569465637,15.059499968430814,0.8112894296646118
0,1535,0.9948877692222595,15.396934626097579,0.8112266063690186
803,1838,0.9902284145355225,15.253208863076374,0.8110787868499756
1356,1504,0.9848300218582153,14.307554619689267,0.8107311725616455
1261,43,0.9935427904129028,15.098619820279742,0.8103966116905212
282,1048,0.9874661564826965,15.49585084654915,0.810378909111023
1563,1056,0.9951673746109009,14.722534019048569,0.8102803230285645
279,1476,0.9874796271324158,14.868107778392407,0.8102049827575684
1012,951,0.9962218999862671,16.297014250841155,0.8101063966751099
1724,501,0.9912980794906616,16.011280018606875,0.8100934028625488
10,36,0.9902381300926208,15.722340278932142,0.8100547790527344
752,1648,0.9969394207000732,17.25816575750669,0.8099861145019531
206,1429,0.9957605004310608,16.089201751538106,0.8098656535148621
1257,1538,0.9928164482116699,15.597042695243292,0.8098320364952087
456,971,0.9936675429344177,15.212336971689274,0.8097286224365234
1057,1964,0.9972020387649536,16.38743197195353,0.8097037076950073
1654,61,0.9986722469329834,17.263034544637925,0.809459924697876
1910,19,0.9956639409065247,15.842938163619742,0.809449315071106
833,542,0.9929109215736389,15.06002177650266,0.8088898658752441
66,1406,0.9901857376098633,15.811226796064854,0.8087909817695618
85,1879,0.9959335923194885,15.402134730000775,0.8083903789520264
875,451,0.9967362284660339,16.18953644078142,0.8081288933753967
824,1218,0.9950169920921326,15.388487132228779,0.8080841898918152
652,1700,0.9945350885391235,14.79829443968909,0.8079192638397217
998,210,0.9930439591407776,16.153247923478173,0.8077077269554138
1019,615,0.9946399331092834,14.726654874939992,0.8067908883094788
145,503,0.9927389025688171,15.47030323825879,0.8066061735153198
736,381,0.9936901330947876,15.094133545914268,0.8066021203994751
1901,521,0.9977600574493408,15.837381232483212,0.8063263893127441
300,1287,0.9945695996284485,16.20062811422771,0.8062292337417603
1925,1880,0.9932743310928345,16.101597399749036,0.8059093952178955
437,854,0.9959321618080139,15.016647493504358,0.8056280612945557
625,582,0.9947762489318848,17.10503543902302,0.8054823875427246
1931,283,0.9956156015396118,14.839720958997091,0.805336594581604
1280,1392,0.9957067370414734,16.714806327747773,0.8047738671302795
1749,1089,0.9962300658226013,15.37917591436815,0.8046972155570984
1971,1874,0.9931966066360474,14.835830973725674,0.8045817613601685
1426,83,0.9959604144096375,15.915507423281191,0.8043720722198486
187,1376,0.99363774061203,15.953756105616147,0.8043671250343323
1942,796,0.9967465400695801,15.309713803521403,0.8043107986450195
23,553,0.9947077035903931,16.34328100777051,0.8038457036018372
1699,1189,0.9949721097946167,14.826084940213665,0.8033047914505005
1358,915,0.9940061569213867,15.614053629851872,0.8033038973808289
1814,1896,0.989568293094635,14.379835252563126,0.8031440377235413
764,1175,0.9937601685523987,15.054299310935876,0.8031425476074219
780,222,0.9903033375740051,15.0820732730092,0.8028351664543152
1256,267,0.9946519136428833,14.775758185108781,0.8025786280632019
225,1970,0.9910436868667603,14.68369732934214,0.8025479912757874
1884,1789,0.9952958226203918,15.65635159545645,0.8022792935371399
537,1908,0.9886102676391602,14.782633599106575,0.8019826412200928
1003,1577,0.9947496056556702,16.226914454580747,0.801948606967926
723,1328,0.9963629841804504,14.816375770553693,0.8019450902938843
254,631,0.9950615763664246,14.784851041065266,0.8013723492622375
701,1525,0.9927418231964111,14.892898207844807,0.8011653423309326
1531,1720,0.9893417358398438,12.526493563078821,0.8011095523834229
1602,1135,0.9948575496673584,15.403233740683532,0.8009899854660034
586,697,0.9919580221176147,14.519271877945608,0.8009505271911621
1370,1381,0.9952360987663269,15.680407100606148,0.8007189631462097
63,1664,0.9956016540527344,15.786356131002798,0.8005564212799072
516,1127,0.9908915162086487,14.727621517572791,0.8001799583435059
228,891,0.9910535216331482,15.452670851434526,0.8001490235328674
1813,395,0.9939544796943665,15.82286635662786,0.7994184494018555
1705,1587,0.9935118556022644,16.326736124660112,0.7992393374443054
1800,112,0.9916788935661316,15.134524879807794,0.7991081476211548
492,1466,0.9985978007316589,17.879018247606385,0.7990652918815613
1963,685,0.9916987419128418,14.286192020084519,0.7990381121635437
1401,1420,0.9977614879608154,16.36066770191783,0.7988744974136353
568,1906,0.9955368041992188,14.881651382550722,0.7980409860610962
733,1326,0.9930991530418396,15.902406350168274,0.7978029251098633
963,748,0.9922269582748413,14.687004208871524,0.7967560887336731
1928,1402,0.9932345747947693,14.859982030212876,0.7967413067817688
1279,933,0.994926929473877,16.412070971308196,0.7965990900993347
797,151,0.9976587295532227,16.374639159172247,0.7962283492088318
1991,890,0.9968447685241699,16.309810458220696,0.7962057590484619
1303,287,0.9961208701133728,15.953256468963602,0.7959535121917725
333,1170,0.9968249797821045,16.215066070248543,0.7958016991615295
1638,1353,0.9892249703407288,15.75272192949669,0.7956129312515259
1419,1712,0.9963129162788391,16.479774728463084,0.7950904369354248
1795,552,0.9946371912956238,14.9987915115562,0.794854462146759
95,149,0.9972453117370605,15.53817971731579,0.7948131561279297
1990,435,0.9987762570381165,18.704707098973536,0.7944722175598145
1200,205,0.9951208233833313,14.644442456699029,0.7944490313529968
1759,1518,0.9974098801612854,16.64952022546639,0.7944484353065491
1552,462,0.9963110089302063,15.914047561192056,0.7943632006645203
1192,362,0.9874221086502075,14.459419206617863,0.7942641377449036
12,1318,0.9977479577064514,16.3949062610111,0.7941545844078064
464,1210,0.9965174198150635,15.960413400725475,0.7941290736198425
533,1451,0.9836465716362,14.414123161945838,0.7941240072250366
1233,1768,0.9924760460853577,14.994755463159873,0.7941216826438904
1812,1615,0.9966436624526978,16.60146748756881,0.7929373383522034
1676,955,0.9954337477684021,16.376433746836895,0.7927616238594055
1052,628,0.9924417734146118,15.552557660663886,0.7923367023468018
1844,609,0.9920766353607178,14.313736913624867,0.792061984539032
483,1561,0.9964227080345154,16.31284654382356,0.7920061349868774
658,1541,0.9958974123001099,15.841475973734923,0.7919176816940308
320,74,0.9962546825408936,15.552499392182916,0.7918439507484436
680,1827,0.9970329999923706,16.66720131087847,0.791841983795166
871,1653,0.9955434203147888,16.38919551948672,0.7916445136070251
1694,1565,0.9977149963378906,16.27732610642647,0.7910496592521667
543,1701,0.994625985622406,15.172107969574373,0.7910094261169434
304,592,0.9957436919212341,14.387265069983773,0.7909470200538635
1544,549,0.9920783638954163,15.01280435544739,0.7909441590309143
398,943,0.9960606694221497,15.659269992196899,0.7907255291938782
1121,710,0.996370792388916,16.334991208198645,0.7904695868492126
137,627,0.9947190284729004,14.921704030736159,0.7903803586959839
826,1140,0.9921033978462219,14.674383477549421,0.7902637124061584
1388,51,0.9972397089004517,16.346924694885402,0.7900000810623169
1489,75,0.9931409955024719,14.916199637120853,0.7899118661880493
1951,1191,0.9923532605171204,16.218919048510443,0.7898750305175781
760,1199,0.9953036308288574,15.412520765124993,0.7897624373435974
1626,1324,0.9974706172943115,15.567700840998308,0.7897583842277527
387,383,0.9931888580322266,15.318590244387892,0.7897332906723022
1872,308,0.9980021119117737,16.54963616196946,0.7896983623504639
575,670,0.9956269264221191,15.302563651913683,0.7896916270256042
993,981,0.9957910776138306,15.377540903318874,0.789456844329834
614,176,0.9887402653694153,14.46048153033534,0.7892487049102783
3,1396,0.9912286996841431,14.138837473334554,0.7890241146087646
651,673,0.9978150129318237,16.86706010312734,0.788745641708374
1579,1404,0.9910707473754883,14.77716154690328,0.7887095808982849
593,663,0.9967488050460815,14.953833081275278,0.7886305451393127
1124,835,0.9935534000396729,14.73152556207189,0.7886287569999695
1966,1312,0.9918648600578308,14.14239534651833,0.7884460091590881
1162,540,0.995071530342102,16.077172515538827,0.7883840203285217
38,1179,0.9936237335205078,14.726473543178248,0.7883599400520325
817,938,0.9966642260551453,16.52463781326461,0.7881481051445007
1967,599,0.9968114495277405,16.376949538431557,0.7880950570106506
570,486,0.9963938593864441,15.99715534083761,0.7880774140357971
9,856,0.9970279335975647,16.071735804434613,0.7879406213760376
1945,1236,0.9955423474311829,15.024540453285663,0.7868201732635498
1349,1508,0.9872211813926697,14.163689336713194,0.7867342829704285
669,784,0.9961487054824829,16.44256050975122,0.7867276668548584
375,440,0.9974550604820251,16.592792671870278,0.7866690754890442
1703,1460,0.9924442172050476,14.163824989555252,0.7866212725639343
1263,1473,0.9972877502441406,16.622386859753817,0.7861564755439758
559,1783,0.9910688400268555,14.384290269896827,0.7856943011283875
1975,1608,0.9965453743934631,16.239749249066715,0.7856078147888184
272,692,0.9964767098426819,15.076596970771746,0.7854727506637573
5,1252,0.9927252531051636,14.737121000266077,0.7853518724441528
603,295,0.9934877157211304,15.736246532269185,0.7851054072380066
775,60,0.9952316880226135,15.839755720719769,0.7847803831100464
450,1422,0.9924088716506958,15.389579397201262,0.7846340537071228
1517,587,0.9961836934089661,14.925337574309113,0.7843837141990662
886,1259,0.9972164630889893,16.550859286468203,0.7841609716415405
1892,896,0.9944871068000793,15.37234267819036,0.7841053009033203
323,1151,0.9952772855758667,15.614376550671981,0.7839464545249939
695,777,0.9988112449645996,16.62493730721311,0.783929169178009
1196,1860,0.9931389689445496,15.243112930517096,0.7835696339607239
1939,1033,0.9960644841194153,15.193091103213872,0.7831305861473083
142,1598,0.9952635765075684,16.335935347201485,0.7830726504325867
460,281,0.993402898311615,15.075243861556912,0.7827964425086975
261,1447,0.9936747550964355,15.207255686382634,0.7826328277587891
880,1745,0.9974373579025269,16.79643758662231,0.7826287150382996
1015,302,0.9934042096138,16.004440995120873,0.7822988629341125
1171,1611,0.995576024055481,18.44805741891912,0.7819802165031433
271,555,0.9959969520568848,16.890636647238786,0.781501293182373
888,1018,0.994164764881134,14.598597811382227,0.7812657356262207
744,175,0.9915054440498352,15.320021572022615,0.7811726927757263
1763,266,0.9967048764228821,16.1500443380256,0.7810998558998108
762,218,0.9917215704917908,14.760425508036473,0.7807831168174744
903,118,0.9897884130477905,16.999389195414338,0.780204176902771
1054,708,0.9939126372337341,14.684965549287082,0.7795530557632446
919,1088,0.9954171180725098,15.357523604421466,0.7793217301368713
1169,120,0.9917900562286377,14.370174603908161,0.779205322265625
215,336,0.9914718270301819,14.827946781677532,0.779146671295166
1696,712,0.9943932294845581,15.257548878777015,0.7789626121520996
677,1753,0.9939467310905457,14.664328806293794,0.7787610292434692
1275,1681,0.9859998822212219,14.19858707307225,0.7786476612091064
1157,1292,0.996606707572937,16.179201633696263,0.7784550189971924
672,1385,0.9957833290100098,16.04645947045931,0.7782567143440247
168,581,0.9973950386047363,16.823688020440507,0.7780426740646362
1752,166,0.9906259775161743,14.879366024860017,0.7779961228370667
136,524,0.9955894947052002,15.013747899798297,0.7775467038154602
99,1327,0.994125485420227,14.88043799109889,0.7774606943130493
1077,528,0.993802547454834,14.293953573746013,0.7773070335388184
1687,1027,0.9901047348976135,14.877840535069293,0.7769798040390015
898,396,0.9930124878883362,14.572124518373188,0.7767339944839478
37,1101,0.9965535402297974,16.58805060517959,0.7765669226646423
1306,924,0.9947687387466431,15.099272208343063,0.7765591144561768
1454,1930,0.9898391962051392,14.672304498749146,0.7764306664466858
930,1960,0.9889357686042786,15.005056875634665,0.7763806581497192
1691,1957,0.996161699295044,17.39102432714776,0.7763522267341614
666,1182,0.9954432249069214,16.09779411536571,0.7763132452964783
445,1820,0.993844747543335,15.780508067423979,0.7759252786636353
468,755,0.9944479465484619,15.077252151519374,0.7755816578865051
1610,798,0.9945107698440552,16.80680679182185,0.7751151919364929
1729,1704,0.9901534914970398,14.490067705301394,0.7747538685798645
1527,849,0.9945167899131775,14.20788259012324,0.7744114995002747
1787,988,0.9989129304885864,19.426997194182697,0.7743179798126221
1022,1006,0.9973592162132263,15.693425723963145,0.7742835283279419
1695,1520,0.9942411184310913,15.338301148084136,0.7738458514213562
1515,399,0.991287887096405,14.387023433924426,0.7738217115402222
268,1507,0.9962712526321411,14.248113525986943,0.7734468579292297
1264,221,0.9911400675773621,14.990099864550627,0.7733289003372192
159,1395,0.9950372576713562,15.488755002556744,0.7729988098144531
58,480,0.9966585636138916,16.49919635540607,0.7726157903671265
155,1465,0.9982241988182068,16.22555504013642,0.7725117206573486
688,709,0.9901472926139832,14.787594590072471,0.7724617123603821
1979,1412,0.9971778392791748,17.860432598236372,0.7723341584205627
372,541,0.9977352619171143,16.677943399720643,0.7723212838172913
443,244,0.9964970946311951,16.233479947397065,0.7717120051383972
853,1239,0.9941539168357849,14.105755436789046,0.7713877558708191
1291,1099,0.9938358664512634,14.989397425537632,0.7710725665092468
380,1534,0.9866683483123779,14.825953013962392,0.7706124186515808
1285,57,0.9953795671463013,16.57880588606548,0.7705220580101013
1450,881,0.9961800575256348,16.300731593491626,0.7700788974761963
602,105,0.9950085878372192,16.107222942042135,0.7698789238929749
704,429,0.9919520020484924,14.897990028349092,0.7696846127510071
1413,1798,0.9974712133407593,16.623885366185995,0.7696490287780762
1480,1244,0.9920849204063416,14.688376055163294,0.7694599628448486
1667,1130,0.997244119644165,18.165580939282165,0.7690736651420593
348,958,0.9879060983657837,14.923993500383592,0.7690644860267639
611,1596,0.9940720200538635,14.917295238062554,0.7690120935440063
715,223,0.9909135103225708,14.909916634865684,0.7688629031181335
821,77,0.9975640773773193,16.23879088038519,0.768861711025238
419,117,0.9974253177642822,16.318921799675913,0.76874840259552
1290,1146,0.9937241673469543,14.831595201976885,0.7685316801071167
1968,1010,0.9938597679138184,16.32675077280361,0.7684172987937927
409,1321,0.9960141181945801,15.093707908082438,0.7683873772621155
242,1139,0.9938509464263916,14.2728196267277,0.7681170105934143
1881,698,0.9924566745758057,16.312386008504863,0.7680552005767822
274,7,0.9947769641876221,14.817430752800696,0.7680187225341797
892,102,0.994549572467804,14.6008610447265,0.7677417993545532
1858,1842,0.9915645122528076,14.565109219758813,0.767163097858429
1849,62,0.9903514981269836,14.575129000092343,0.7671204805374146
906,920,0.9881477952003479,15.094269715262076,0.7668496966362
1934,290,0.9935768246650696,14.297674709548458,0.7666330933570862
1757,1690,0.9892106056213379,15.097351880350535,0.7665165662765503
705,1455,0.9896242022514343,14.382345006773747,0.7661257386207581
346,376,0.9940965175628662,15.010477075080729,0.765999972820282
314,1472,0.9852803349494934,14.808095469451754,0.7656407356262207
330,781,0.994841992855072,14.489978268149573,0.7656131982803345
1743,1421,0.9981922507286072,16.301115815681605,0.7656037211418152
1113,1042,0.9913220405578613,15.06739814204947,0.7655150890350342
1125,1145,0.989884614944458,15.023547678029034,0.7654116153717041
1623,407,0.9947913885116577,15.684312365179807,0.7653518915176392
418,469,0.9909176230430603,14.109582714192351,0.76530921459198
948,655,0.9890496730804443,14.957545286010294,0.7649734020233154
126,1119,0.990670919418335,15.392971592240002,0.7649457454681396
14,1859,0.9849138855934143,14.690727156096838,0.7644625306129456
538,163,0.990120530128479,15.051533289124807,0.7643728256225586
1452,369,0.9957006573677063,16.68602123641765,0.7642566561698914
1625,46,0.9898796081542969,14.686141005418346,0.7640130519866943
1512,975,0.9913696050643921,14.449946380518345,0.7637497782707214
739,561,0.9884135127067566,14.86403602295005,0.7637194991111755
174,350,0.9836505055427551,14.802747266388828,0.7631540298461914
918,1802,0.9942992925643921,16.69774840085292,0.7628777027130127
607,1886,0.9953508377075195,16.04279247348847,0.762847363948822
1410,1283,0.9910475611686707,16.42011803676641,0.7628310322761536
1657,956,0.9899342656135559,14.59092275385559,0.7622048854827881
1083,240,0.9946052432060242,15.454350542799716,0.7617457509040833
1144,1542,0.9883040189743042,14.373858993025022,0.7614954113960266
937,1484,0.9950396418571472,14.727084120658269,0.7614332437515259
595,1092,0.9933878183364868,14.342745314495323,0.7611122131347656
189,1666,0.9943839311599731,14.313450821236437,0.7610852122306824
865,1087,0.9928215146064758,14.376826708569206,0.7609714269638062
539,81,0.9935158491134644,14.071443813096902,0.7607743740081787
925,1936,0.9919141530990601,14.211379524439383,0.760653018951416
1178,1216,0.9955437779426575,14.531502388251571,0.7605270743370056
97,1293,0.9969075322151184,16.699451486624213,0.7604811787605286
1348,1834,0.9970664381980896,17.738269456062117,0.7603641748428345
466,1873,0.9968495965003967,16.646159254783512,0.7603560090065002
111,557,0.9980219602584839,16.806147160775687,0.7600547075271606
196,1995,0.9950437545776367,14.2989153249388,0.7597755193710327
902,1668,0.9894395470619202,14.325485210576918,0.7593252658843994
474,1777,0.9964787364006042,15.849659071834063,0.7587487697601318
583,1988,0.9879773259162903,15.469075121262655,0.7585122585296631
641,990,0.991692304611206,14.247646064199419,0.7584975957870483
1115,1224,0.9925084710121155,14.067963556166328,0.7581760287284851
564,510,0.9923099279403687,14.111270039663506,0.7578994035720825
134,1576,0.9898747205734253,14.093661532706134,0.7576101422309875
454,613,0.9926804900169373,14.857927387865157,0.7572476863861084
1794,1597,0.9909907579421997,15.29398371957385,0.7572081685066223
847,65,0.9976765513420105,16.14919035087661,0.7572054266929626
1046,622,0.9888818860054016,14.640131850033434,0.7571590542793274
89,901,0.9937319159507751,14.252590842743079,0.7569631338119507
410,870,0.9854469299316406,14.361620660195344,0.7565311193466187
1733,499,0.988838791847229,14.199581221286016,0.7558216452598572
1568,459,0.9910835027694702,13.960388530990693,0.7558199167251587
536,1281,0.9929201006889343,16.51776686441125,0.7553932070732117
962,197,0.9929210543632507,14.281957906722127,0.7546510696411133
25,1962,0.9936229586601257,15.113471348847865,0.7545678615570068
113,1937,0.9962792992591858,14.578883319508945,0.7543936967849731
439,164,0.997510552406311,17.41317755314173,0.7543119192123413
979,259,0.9961856007575989,16.766377436134107,0.7538580298423767
408,270,0.9936138987541199,14.848467502367022,0.753835916519165
629,172,0.9984216690063477,16.562551190686115,0.753828227519989
1289,810,0.9877973198890686,14.749637824592526,0.7537294030189514
747,1142,0.9923823475837708,14.309323067848482,0.753553032875061
498,1238,0.9971617460250854,17.75545351786795,0.7533765435218811
1727,1622,0.996300458908081,16.761046703279124,0.7531967759132385
1946,944,0.9938165545463562,15.282891951731127,0.7530272006988525
1887,1948,0.9900708794593811,14.076314801060931,0.7524492740631104
406,839,0.9896682500839233,14.306856174042817,0.7515805959701538
1254,1487,0.9919956922531128,14.694562953493424,0.750856339931488
13,1389,0.9981036186218262,16.973911579072617,0.7504922151565552
1294,1808,0.9830825328826904,14.668642429555238,0.7504149675369263
862,444,0.9905186295509338,14.54692366565993,0.7501384019851685
1756,1519,0.98948073387146,14.505735222677254,0.7500028610229492
1053,848,0.9972493052482605,15.744306493897344,0.7496541142463684
640,1591,0.996173083782196,16.810574940889822,0.7494546175003052
307,2,0.9919914603233337,14.304722224084571,0.7490849494934082
371,321,0.9930868744850159,16.20994563727625,0.7488128542900085
1871,219,0.9983135461807251,17.76303949226537,0.7481198906898499
1528,1134,0.9925549626350403,14.714092471169575,0.7478842735290527
872,1181,0.9939802885055542,14.780103430494247,0.7477837204933167
1186,157,0.9970493316650391,17.21142135324142,0.7470788955688477
1555,390,0.996436595916748,16.976035979333584,0.7468611001968384
1085,1713,0.9891400337219238,14.383863998763616,0.7468575835227966
1265,1464,0.9906010627746582,15.624859857093702,0.7466082572937012
1106,789,0.9952108263969421,14.715543635056214,0.7465354800224304
850,1557,0.993995726108551,15.021610425267575,0.7464025020599365
520,1920,0.9963312745094299,16.561101842851862,0.7462885975837708
1848,1900,0.9898920059204102,14.175162068372826,0.7460638880729675
1297,610,0.9929848313331604,15.109789993538389,0.7459195256233215
208,1024,0.9974759221076965,16.488319320140626,0.7459104657173157
746,1340,0.9840570092201233,14.605729074758553,0.745682418346405
1909,216,0.9966977834701538,16.44115818391331,0.7446118593215942
147,1023,0.9918960928916931,14.873857666825565,0.7445075511932373
578,647,0.9896955490112305,14.380927763307138,0.7440515756607056
725,303,0.9962865114212036,16.372148419158172,0.7439699172973633
860,838,0.9903810620307922,14.717624343280416,0.7439073920249939
700,532,0.995591402053833,14.368471519657287,0.7435703277587891
430,1823,0.9962615370750427,16.663662337469322,0.743353009223938
1428,1350,0.9982224106788635,17.951191994795593,0.7432278990745544
600,1875,0.9835250377655029,14.467913361834544,0.7431113123893738
1867,1637,0.9897778630256653,14.819862130789634,0.7428236603736877
1081,1399,0.9952223896980286,15.65798455250783,0.7425777316093445
1593,567,0.9902481436729431,14.231209243908324,0.7425700426101685
366,551,0.9893561005592346,14.513394776668237,0.7422559857368469
656,1738,0.9951287508010864,17.008773016515494,0.7421681880950928
729,1103,0.9885242581367493,14.71918157280712,0.7416514754295349
35,1502,0.9952343106269836,14.644384601629442,0.7414059042930603
730,1989,0.9931720495223999,16.153072276815106,0.7412620782852173
446,834,0.9860520362854004,15.428083684201445,0.7409591674804688
1091,364,0.9960760474205017,16.560296758443215,0.7406527996063232
562,1516,0.9960512518882751,16.301949722663785,0.7403419613838196
1148,1479,0.9955565333366394,17.898377473971628,0.7402434945106506
489,927,0.9974258542060852,17.747044244410816,0.7397986650466919
1167,414,0.9925320744514465,15.436354051217911,0.7394314408302307
331,1843,0.9954491257667542,15.106171018628551,0.7393062710762024
1559,757,0.9952396154403687,14.086684430515469,0.7392876744270325
678,722,0.9931057095527649,14.94763754964654,0.738972544670105
52,1338,0.9983351826667786,17.08331850277721,0.7385948896408081
212,905,0.9916951060295105,14.064146107872421,0.7381548881530762
1359,1477,0.9918672442436218,14.433626552242252,0.7377918362617493
428,1895,0.9872844219207764,14.361148210091631,0.7375660538673401
339,922,0.99174565076828,14.837364180793102,0.7373805046081543
851,161,0.9952192902565002,14.853845312816091,0.7369965314865112
1334,526,0.9979046583175659,16.612049933973836,0.7368659377098083
1347,668,0.9965757727622986,16.695756871193034,0.7365199327468872
1914,131,0.9893736243247986,14.802614840086827,0.7356570363044739
1391,689,0.9916188716888428,15.09476451210725,0.7356088161468506
1161,1982,0.9867975115776062,14.107493610271064,0.7353143095970154
684,1586,0.9963728189468384,13.99069418562349,0.7347741723060608
1581,1100,0.994318425655365,14.659684061650701,0.7344769835472107
1595,1819,0.9904354810714722,14.565592017185923,0.7344427704811096
412,1870,0.9970863461494446,16.29841686776693,0.7342920303344727
1047,1331,0.994143545627594,14.226732462656623,0.7341079115867615
1286,1793,0.9910097122192383,14.591925116918109,0.7335072159767151
605,1262,0.9911680221557617,14.58150727458808,0.7334487438201904
928,828,0.9941028952598572,14.756018224888418,0.7326564192771912
1093,939,0.9899067282676697,14.169227049672898,0.7326532006263733
1202,1865,0.9975582361221313,17.306366481230867,0.7321100234985352
1308,929,0.9918278455734253,15.177459119111687,0.7318017482757568
433,1386,0.9852725863456726,14.826012014600629,0.7311682105064392
404,909,0.9982798099517822,17.366692112592183,0.7305886149406433
1716,41,0.9988860487937927,17.162777620882203,0.730480432510376
1651,802,0.9938126802444458,14.128337539754803,0.7302980422973633
1965,720,0.9970921277999878,17.444443320228046,0.7302208542823792
525,1209,0.9968736171722412,16.377600966052803,0.7301269769668579
1230,181,0.9941231608390808,15.523157442291552,0.7297206521034241
654,1628,0.9931829571723938,14.106984727824099,0.7293534874916077
857,1138,0.9923532605171204,14.307706276229649,0.7289804220199585
465,1267,0.9988678693771362,17.250804198348213,0.7281571626663208
1034,1571,0.9973813891410828,16.80772800391505,0.7271283864974976
107,463,0.989280641078949,14.185319184952132,0.7270923256874084
997,11,0.9961177110671997,17.498482597043086,0.726919949054718
1368,1213,0.9917882084846497,14.759858845420469,0.7266559600830078
965,1434,0.9973961114883423,16.708360628338497,0.7260988354682922
512,1986,0.9962365031242371,16.384702771797805,0.7257480621337891
1272,774,0.9957026839256287,14.587404110931978,0.7253766655921936
1315,1546,0.9951672554016113,14.028319377315878,0.7252652645111084
124,1424,0.996174156665802,17.338584850577913,0.725100576877594
1677,1684,0.9985601305961609,16.8819866412026,0.724641740322113
1722,1911,0.995511531829834,16.662226574696597,0.7243420481681824
1760,20,0.9950047135353088,14.23320737790528,0.7238938808441162
1302,92,0.995170533657074,16.624721706094086,0.7237387299537659
1744,1037,0.99775630235672,17.510613819804483,0.7236912846565247
1245,585,0.9798657298088074,14.471994483341433,0.7233107686042786
1011,716,0.9923990368843079,14.01760236617924,0.7232386469841003
482,758,0.9975812435150146,17.5876821288198,0.7226753234863281
1702,1206,0.9950590133666992,16.32094704275458,0.7226700782775879
1237,806,0.9944159984588623,14.06573617440099,0.7226065397262573
1002,1675,0.9980547428131104,16.746300229976022,0.7217556834220886
779,1750,0.9979873895645142,17.362908280574615,0.7216626405715942
1996,1530,0.9928416013717651,14.08149389316566,0.7216284275054932
1379,554,0.996960461139679,17.597902433008855,0.7211448550224304
766,1234,0.9941509366035461,14.536586991680831,0.7210453152656555
820,932,0.9984378218650818,16.598223889455195,0.7207171320915222
846,1076,0.9986600875854492,16.609892148064223,0.7207016348838806
527,1857,0.9990392923355103,17.86971616479587,0.7204018235206604
515,1150,0.9913477301597595,14.400737791020687,0.7198086380958557
1893,1679,0.9971380233764648,16.693115036175556,0.7190293669700623
1078,1876,0.9977933168411255,19.198669140103014,0.7187082171440125
347,1894,0.9990345239639282,17.36589465504187,0.7183604836463928
385,1806,0.9922541379928589,14.107433186636893,0.7182814478874207
1214,1815,0.9937560558319092,14.416564310446294,0.7180507779121399
1278,285,0.9912452101707458,14.720793355592312,0.7177851796150208
1776,1737,0.9903124570846558,14.14681499253788,0.7177783250808716
144,344,0.9946618676185608,14.48541553637028,0.7176048159599304
162,432,0.9918699264526367,14.539770996799138,0.716773509979248
1582,650,0.9824827909469604,14.342188431678885,0.7167409658432007
1601,289,0.9946390986442566,14.289952273634125,0.7166155576705933
815,693,0.994193971157074,14.231893728192585,0.7158353924751282
324,1309,0.9871950745582581,14.2541611262505,0.7156788110733032
1471,471,0.9879841804504395,14.56495136512797,0.7153921723365784
805,662,0.9911795258522034,14.816895366513062,0.715142548084259
604,1614,0.9929270148277283,14.089722111977917,0.7147946357727051
481,1494,0.9966919422149658,18.271472041041903,0.7146913409233093
1384,220,0.9966614246368408,16.373574555806112,0.7146463990211487
882,101,0.9827296733856201,14.138601133089438,0.7146393060684204
169,591,0.9947659969329834,14.523228849737883,0.7142212390899658
1605,1620,0.998421311378479,16.76986862168594,0.7134189605712891
71,78,0.9886397123336792,14.236568285538667,0.7134106159210205
768,319,0.9896787405014038,14.21185014890238,0.713302731513977
950,989,0.9932343363761902,14.576417725600058,0.7132570743560791
982,814,0.9919483661651611,14.978650361149379,0.7131386995315552
917,402,0.9907750487327576,14.744173692307989,0.7126453518867493
1041,1792,0.9938101172447205,15.04784633707477,0.7125667929649353
1360,1940,0.9983745813369751,16.950531539525816,0.712256669998169
1456,1427,0.9943457245826721,14.128067360055137,0.7117711305618286
863,996,0.9922040700912476,14.847160021637158,0.7109387516975403
1481,1492,0.9947870969772339,14.293444987207552,0.7108361721038818
548,584,0.9983546137809753,17.440514878231703,0.7102276086807251
370,1826,0.9978941082954407,16.833591570538516,0.7101870775222778
1631,48,0.9972510933876038,17.00017384458655,0.7099720239639282
1021,1585,0.9882199764251709,14.216009900882653,0.7097614407539368
425,1352,0.9919185042381287,14.958221398811933,0.7091440558433533
1029,239,0.9905270338058472,14.301465643665168,0.7086333632469177
721,1835,0.9892822504043579,14.527232097441932,0.7084507346153259
1269,39,0.9979763627052307,17.47425860417843,0.7083582878112793
233,227,0.9926818013191223,14.076444488737124,0.7082140445709229
103,1661,0.9970217347145081,16.933107677217926,0.7082111835479736
1741,518,0.9942026734352112,14.299760817832231,0.707847535610199
1112,368,0.998671293258667,16.591368746570573,0.7065802812576294
458,1521,0.9894713163375854,14.203733540490207,0.706314742565155
1674,1767,0.9865260720252991,14.136162612650633,0.7061442732810974
1978,778,0.9898421168327332,14.288801371453047,0.7053952217102051
1762,1506,0.993255615234375,16.511054383200708,0.7047392129898071
1457,1235,0.9938480257987976,14.662545035487653,0.704430103302002
1584,1529,0.9789014458656311,14.13121775522402,0.7038107514381409
687,686,0.9958030581474304,16.503621387864037,0.7036336660385132
968,1104,0.9849379062652588,14.175591863205675,0.7031070590019226
1706,1549,0.996025800704956,17.412664522660375,0.7028792500495911
265,1526,0.9954988360404968,15.426465622979785,0.7022989392280579
315,1825,0.9936947226524353,14.052383759110107,0.7020268440246582
706,980,0.9932644367218018,14.711676581014977,0.7019035220146179
32,1300,0.9937088489532471,14.253940133292545,0.7011622190475464
1194,1398,0.9959554672241211,16.419321289021173,0.7008742094039917
427,301,0.9969843029975891,17.568708427697146,0.7005899548530579
186,1246,0.9728083610534668,15.071912954455374,0.7005539536476135
1463,1562,0.9907218217849731,14.086119420833636,0.6994012594223022
243,1168,0.9971606731414795,17.464117829981227,0.6986347436904907
313,808,0.9948268532752991,17.608392324629143,0.6985102891921997
907,280,0.9909895658493042,14.377887821037714,0.6981346011161804
1564,495,0.9851205945014954,14.290880879171546,0.6972262859344482
1778,1715,0.9844234585762024,14.866159083328714,0.6972132921218872
1007,1922,0.99393230676651,14.712474296083943,0.6969010829925537
1932,776,0.9953828454017639,16.440494048434243,0.6965535283088684
173,141,0.9979301691055298,17.611702239997463,0.6962782144546509
1365,69,0.9973646998405457,16.696140759215083,0.6962478756904602
1828,1330,0.9980247020721436,16.712166967799,0.6961755156517029
1985,1689,0.99480140209198,14.930282057521492,0.6960238814353943
878,251,0.9895192384719849,14.482556741189784,0.695889949798584
1604,1905,0.9969239830970764,17.881055223361802,0.6951057314872742
284,1126,0.9927623867988586,14.521325572224779,0.6950162053108215
931,953,0.9905232787132263,14.297553286062765,0.6949307918548584
1332,15,0.9963446259498596,16.92891568795546,0.694882869720459
713,1273,0.9939077496528625,14.825244740255528,0.6947965025901794
104,546,0.9986275434494019,17.812868561257126,0.6947274804115295
1039,1916,0.9921627640724182,14.139282209815189,0.6943109631538391
1072,1055,0.9907417893409729,14.198135980993559,0.6936030983924866
1469,386,0.9961040019989014,14.063140363247532,0.6935046315193176
171,341,0.991655707359314,14.367860955195983,0.6927656531333923
356,845,0.9969800114631653,17.695332716592304,0.6926788091659546
393,1361,0.9937724471092224,14.422353538100964,0.692233681678772
1071,1907,0.9960253238677979,18.276601242485352,0.6913596391677856
1255,504,0.9856786131858826,14.215404038230389,0.6903077363967896
73,1205,0.9977502226829529,16.945380579424672,0.6901424527168274
507,642,0.9922497272491455,14.616212059656089,0.6893901228904724
461,64,0.9931846261024475,14.987966441223065,0.6888512372970581
8,326,0.9903911352157593,14.313009263214203,0.6884685754776001
1488,108,0.9920841455459595,14.655920084866493,0.6875960826873779
1177,1414,0.9884080290794373,14.29535071385163,0.6871842741966248
972,363,0.9946950078010559,17.19344194696132,0.6866745352745056
322,1736,0.9935652613639832,14.529567288554166,0.6860132217407227
1509,563,0.9923869371414185,14.425022383012216,0.6858205199241638
753,1355,0.9884129166603088,14.253037135423599,0.6857284903526306
1852,1118,0.9918518662452698,14.425895426129497,0.6857028007507324
804,1672,0.9929189085960388,14.1195233255688,0.6854443550109863
1917,751,0.9947064518928528,13.946085838365807,0.6852516531944275
1102,309,0.9928457140922546,14.179732023219861,0.685181200504303
759,1833,0.9982112646102905,18.918562689512513,0.6848716735839844
675,535,0.9873486757278442,14.453579889371337,0.6848108768463135
506,1043,0.9987078905105591,19.723602008985377,0.6846650838851929
900,1926,0.98866206407547,14.176631701117511,0.6845465302467346
1000,204,0.989694356918335,14.587082709404315,0.6841155290603638
946,1249,0.9939109086990356,15.004959750828736,0.6839165091514587
1,1976,0.9990293979644775,16.4680450822522,0.6837628483772278
179,1374,0.9939456582069397,14.576022892638413,0.6835703253746033
345,56,0.9891682863235474,14.626223455365928,0.6830954551696777
511,718,0.9890971183776855,14.213225673408736,0.683090329170227
623,1751,0.9942358136177063,14.84073865474587,0.6825523376464844
791,96,0.9928485155105591,14.57788652649021,0.6824028491973877
190,827,0.990027129650116,14.488767658149026,0.6820577383041382
1856,885,0.989254355430603,14.259489187528324,0.6820287108421326
957,1425,0.9971022009849548,17.448214601452317,0.6817931532859802
182,1268,0.9975355863571167,17.27021115586739,0.6811392307281494
1781,1008,0.9913474917411804,13.91979103114621,0.6805272102355957
226,1580,0.9944762587547302,14.98083094425532,0.6804843544960022
116,1553,0.9949325919151306,15.00630445315307,0.6799348592758179
1693,577,0.9895708560943604,14.154905389293486,0.6797736883163452
1731,1079,0.9950790405273438,14.075138928767515,0.6796581745147705
949,1288,0.9932894110679626,14.811994889614558,0.6792822480201721
923,1228,0.9933860898017883,14.651173955363566,0.6792637705802917
1227,55,0.9883092641830444,14.791460304400633,0.6789754033088684
353,1307,0.9905940294265747,14.094405622030902,0.6785569190979004
1440,18,0.9924168586730957,14.187045736721503,0.678412914276123
749,400,0.9960722923278809,17.673277285970183,0.6781623363494873
967,453,0.996501088142395,17.01342486905091,0.6778885126113892
869,1953,0.9887509942054749,14.945165736530923,0.6775400042533875
959,667,0.9955904483795166,17.31173452717399,0.6773650646209717
298,1461,0.9927070736885071,14.700711934510341,0.6773040294647217
434,421,0.9984138011932373,16.830300335658958,0.6771963238716125
472,327,0.9977092742919922,17.10421497902196,0.6760822534561157
1987,978,0.9927364587783813,14.348080480979842,0.6749696135520935
822,1195,0.9960177540779114,16.942325439195653,0.6745871305465698
1232,952,0.9921988844871521,14.863103482801733,0.674219012260437
887,148,0.9918849468231201,14.909595936335096,0.6734821200370789
508,291,0.9957705140113831,14.025853261860686,0.6733832955360413
264,127,0.9924705028533936,14.794365560628163,0.6733603477478027
1377,1132,0.9914883375167847,14.519830690620642,0.6727294325828552
153,496,0.9975658655166626,17.14726000861485,0.6719468832015991
1633,1566,0.9850903749465942,14.659278489532284,0.671212375164032
1322,487,0.9872883558273315,14.644443255635498,0.6709854602813721
606,106,0.9905592203140259,14.628819575746473,0.670823872089386
580,1784,0.985914945602417,14.18129034051086,0.6707155108451843
783,1619,0.9967104196548462,14.790307407493653,0.6704395413398743
945,657,0.9880111813545227,14.506287789078787,0.6702172756195068
1058,84,0.9938766360282898,14.322315849132515,0.6678456664085388
1938,635,0.9977890253067017,17.786298682512438,0.6677746772766113
913,645,0.9973130822181702,17.51084129586134,0.6675041913986206
1658,1198,0.9946512579917908,14.6318073243085,0.6672745943069458
1609,1624,0.996852695941925,17.34928608028663,0.6671846508979797
1069,1821,0.9928051829338074,14.44525402741126,0.6661887168884277
1435,1921,0.989686906337738,14.901562681310363,0.6660833954811096
1468,1418,0.9886584877967834,14.553426720302834,0.6657625436782837
1478,969,0.9972768425941467,18.175531358222262,0.6650164127349854
488,1380,0.9966523051261902,17.5049873844535,0.6644966006278992
49,294,0.9981829524040222,17.252559670536087,0.6644865274429321
727,1850,0.9985679388046265,16.998948066876547,0.6642780303955078
365,653,0.9914358258247375,14.431005999810488,0.6636545658111572
262,1830,0.9931815266609192,14.321400082885251,0.6633925437927246
858,1836,0.9933109283447266,14.740757273269633,0.6633327603340149
150,28,0.9978912472724915,17.438879021462846,0.6630800366401672
1026,800,0.9702609181404114,14.343704633850365,0.6625799536705017
1074,743,0.9889228343963623,14.384215470356846,0.6618344187736511
813,1556,0.9974442720413208,17.708187242134755,0.6618116497993469
1754,703,0.9930619597434998,17.39737245319905,0.6617525219917297
545,999,0.9979181885719299,16.914557096251478,0.6613535284996033
1685,1617,0.9960570335388184,14.838507198051037,0.6613473892211914
1063,241,0.9962844848632812,17.33484848551001,0.6612942814826965
1740,1801,0.9976441264152527,16.819238028777946,0.6611397862434387
1973,50,0.9922487735748291,15.193253138392368,0.659314751625061
1050,1758,0.9975590705871582,17.343397328720485,0.6585720777511597
1924,868,0.9963567852973938,16.90394674857754,0.6581598520278931
1143,338,0.99750816822052,16.754488225737013,0.6577417254447937
335,1770,0.9929947257041931,14.498657359622579,0.6569452881813049
1560,1600,0.9976518750190735,17.114605877800926,0.6567332744598389
573,1277,0.9908822774887085,14.630512275092425,0.6552780866622925
494,947,0.9893442392349243,14.64829765354873,0.6552028656005859
1060,1498,0.9975851774215698,17.557654728975393,0.6551198363304138
1790,1314,0.9970177412033081,18.251781554266383,0.6549345850944519
690,1369,0.998999297618866,16.596047431177492,0.6538781523704529
765,1868,0.9878915548324585,14.401425943988936,0.6533443927764893
500,509,0.9929807186126709,14.358958078998985,0.6531447172164917
1572,1123,0.9908860921859741,14.562512375775029,0.6528636813163757
1588,1961,0.9974833130836487,17.858555030056372,0.6528090238571167
788,1073,0.9903081059455872,14.317407332188669,0.6522907018661499
1438,1014,0.9969973564147949,17.6311463630299,0.6510063409805298
1981,30,0.9968480467796326,17.908791065126312,0.6505213379859924
1782,378,0.997364342212677,17.98590445873271,0.6504335999488831
318,1241,0.9979200959205627,17.044164466805036,0.6483002305030823
448,1453,0.9974506497383118,17.619389125288556,0.6482672691345215
1040,660,0.9961482286453247,16.869923023167242,0.6472958326339722
1276,1993,0.9982790946960449,16.952795867476148,0.6457143425941467
1417,1032,0.998954176902771,17.559925867391676,0.645371675491333
1688,1644,0.9940716624259949,14.285885678077577,0.640918493270874
1721,1956,0.9922274351119995,14.485241286769401,0.6403549909591675
1204,24,0.9967405200004578,17.503244983749468,0.6402057409286499
1697,1503,0.998737633228302,17.66930347179151,0.6392987966537476
792,1059,0.9971994161605835,16.97038276788368,0.6365765929222107
1067,1274,0.9925987720489502,14.273811821518578,0.6351666450500488
1436,247,0.9977849721908569,17.354249566653085,0.6341110467910767
964,1176,0.9977499842643738,17.585123727128785,0.6305615901947021
1673,986,0.9973242282867432,17.382632402186285,0.6291534304618835
565,188,0.9980954527854919,18.05171133970223,0.6274920105934143
122,1364,0.9985760450363159,16.90352952943819,0.6233618855476379
1149,195,0.9972935318946838,18.433697997612324,0.6182265281677246
1845,873,0.9962298274040222,17.38558425637799,0.6173176765441895
420,1036,0.9878432750701904,13.934718533181453,0.613089919090271
1804,1523,0.9958155751228333,15.555534064993028,0.6054677367210388
1333,1992,0.9917516112327576,14.084542295290058,0.6024388670921326
374,1382,0.9956023693084717,17.191450493093605,0.586292028427124
1599,1949,0.9980990290641785,17.39318447580297,0.5853351354598999
123,436,0.9968204498291016,17.36716937125547,0.5743092894554138
379,1607,0.9990822076797485,18.90087483304351,0.5630207657814026
70,742,0.9987389445304871,18.06975826379056,0.5604379773139954
305,1898,0.997529923915863,17.182915375966644,0.5366439819335938
491,1084,0.9968721270561218,17.44073239903279,0.5035586953163147
840,484,0.9987882971763611,17.790199664926384,0.4381769597530365
