User1_ID,User2_ID,h1,h2,P1,P2,R1_bitsHz,R2_bitsHz,R_sum_bitsHz,Throughput_Mbps,Mode
130,161,3.048875059577466e-10,1.9248079213224247e-09,0.8632604694670541,0.1367395305329458,0.32499919112038467,0.3370800286573786,0.6620792197777633,0.04922522080132069,NOMA
440,274,9.632120544234255e-10,5.1654472017998185e-08,0.9816941381703975,0.018305861829602487,0.9479994646731698,0.9602000273702087,1.9081994920433785,0.14187356818166383,NOMA
195,162,5.22631436451671e-10,3.323374864667877e-09,0.8641106135734784,0.13588938642652154,0.5075812609138126,0.5376552633529499,1.0452365242667625,0.0777127527335883,NOMA
495,338,3.7182443289539255e-10,2.387014065993519e-09,0.865224284406231,0.134775715593769,0.3855514070072097,0.4024073347335394,0.7879587417407491,0.0585842930662267,NOMA
85,473,3.2398992171617e-10,2.0860319061774355e-09,0.8655655654374956,0.13443443456250434,0.34338494569208866,0.35663347675808155,0.7000184224501702,0.05204597936432493,NOMA
494,199,2.1227855290735893e-10,1.3583953650214837e-09,0.8648487439154281,0.13515125608457193,0.23691335088603754,0.2431679984167391,0.4800813493027767,0.03569378061730682,NOMA
126,419,1.5779013265075468e-10,9.979329837488352e-10,0.8634706441259768,0.13652935587402312,0.18062385421763547,0.18427667256994146,0.3649005267875769,0.027130150690526166,NOMA
160,366,4.424168128129962e-10,2.8010489747695297e-09,0.8635975090266804,0.13640249097331952,0.44395198497666866,0.46683074817301107,0.9107827331496797,0.06771618833826616,NOMA
470,238,1.4702204641283181e-09,7.567773882497797e-07,0.998061028551581,0.0019389714484190908,1.3005329441598874,1.3029739274488836,2.6035068716087713,0.19356928413448116,NOMA
247,346,7.101519831671334e-11,5.307341509805493e-10,0.8819854173508511,0.11801458264914885,0.0869383573790352,0.08764528050008843,0.17458363787912362,0.012980196124841907,NOMA
206,427,7.894424614397416e-10,2.1631441231898393e-08,0.9647898596577482,0.035210140342251846,0.7999556796632925,0.8169241128874605,1.616879792550753,0.1202141109703162,NOMA
79,298,8.476233874997154e-10,2.7677802713171173e-08,0.9702853382624921,0.029714661737507937,0.8497838456771887,0.8658685827643536,1.7156524284415422,0.12755780137111838,NOMA
439,397,8.654648602941763e-10,3.14197805826019e-08,0.973193176993963,0.026806823006036953,0.8664465027889325,0.8814802064171385,1.747926709206071,0.1299573761491503,NOMA
189,484,5.903760037041949e-10,4.8966589192548576e-09,0.8924052768037029,0.10759472319629715,0.5805189086261179,0.610562740701791,1.1910816493279088,0.08855625645560661,NOMA
318,43,4.309707207669562e-10,2.759878652090888e-09,0.8649354230152949,0.13506457698470506,0.43536972650178857,0.4570813573160707,0.8924510838178592,0.0663532404325546,NOMA
68,11,8.139666107648677e-10,2.2897421249165417e-08,0.9656719119280072,0.0343280880719928,0.8193891515194991,0.8367520270445853,1.6561411785640843,0.12313317312744122,NOMA
117,474,7.088927186508308e-10,1.0068061747102754e-08,0.9342214239743231,0.06577857602567695,0.7073103766776967,0.7331484566504353,1.4404588333281318,0.1070973110281139,NOMA
362,412,2.2547407377578624e-10,1.4241032939325263e-09,0.8633140353465035,0.13668596465349653,0.24954873079984435,0.2565939662689775,0.5061426970688219,0.03763142729136223,NOMA
401,196,1.8861630050215628e-10,1.2281508519399242e-09,0.8668685251651702,0.13313147483482976,0.2135032654574261,0.21847807296872548,0.4319813384261516,0.03211757163019715,NOMA
283,405,3.5815519748454877e-10,2.2860360199411984e-09,0.8645501901964447,0.13544980980355528,0.3733049006044735,0.38917375499527207,0.7624786555997456,0.05668986286986956,NOMA
149,240,5.837802592135104e-10,4.894075581364308e-09,0.8934290576088012,0.10657094239119877,0.57629771709079,0.6055571481190688,1.1818548652098588,0.0878702502014765,NOMA
22,19,5.923815641814677e-10,5.094271717467443e-09,0.8958294914702977,0.10417050852970235,0.5847980994817366,0.6141659931781508,1.1989640926598875,0.08914231172192472,NOMA
41,481,2.4849239620185937e-10,1.574637805814813e-09,0.8637001373094543,0.13629986269054575,0.2721329701463543,0.2805084943946943,0.5526414645410486,0.04108858472424153,NOMA
435,490,1.1955603657356477e-10,7.58432021523833e-10,0.8638295413349437,0.13617045866505634,0.13962879955213664,0.14179379390988597,0.2814225934620226,0.020923612896804653,NOMA
209,120,7.929547120036119e-10,2.1800954156829367e-08,0.9649040492901408,0.03509595070985916,0.8027380835371438,0.8197705274446534,1.6225086109817972,0.12063261048191802,NOMA
372,263,9.058301856124402e-10,3.1750446568662484e-08,0.9722616821131067,0.027738317886893245,0.8946180429608485,0.9112727886623214,1.8058908316231699,0.1342669763288602,NOMA
487,9,5.520752974571981e-10,3.7010896425342164e-09,0.8701965935376321,0.12980340646236788,0.5343495996923104,0.5660007262363486,1.100350325928659,0.08181043315454714,NOMA
332,16,1.317766756861031e-09,3.1335764421933455e-07,0.9958122982892975,0.004187701710702515,1.2047958893224802,1.209296356154263,2.414092245476743,0.17948641230310358,NOMA
497,230,8.24232993602801e-10,2.5376725511873916e-08,0.9685418763046202,0.03145812369537984,0.8303593606882727,0.8466370629174431,1.6769964236057158,0.12468374896696771,NOMA
237,163,1.2794851464347459e-09,1.9678065679804595e-07,0.9935399160382637,0.006460083961736255,1.176832307404344,1.1834671820327314,2.3602994894370752,0.1754869508875149,NOMA
374,324,7.700015736303579e-10,1.999021687291174e-08,0.9629097557131624,0.03709024428683756,0.7831253246234691,0.8002824462141289,1.583407770837598,0.11772548482063927,NOMA
201,207,5.797416453829979e-10,4.4174807986900985e-09,0.8839872245289793,0.11601277547102079,0.565780419747873,0.5969200791854539,1.1627004989333267,0.08644613374968972,NOMA
312,184,1.2963916605611823e-09,2.0350699303629997e-07,0.9936700672087034,0.006329932791296545,1.1875781731781443,1.194204069913216,2.38178224309136,0.1770841816424803,NOMA
259,114,7.758335556161209e-10,2.032154441006582e-08,0.9632260673872303,0.03677393261276974,0.7879118606366502,0.8051298943168576,1.5930417549535076,0.11844176616754705,NOMA
429,461,8.044361707325715e-10,2.2349105421163384e-08,0.9652564525586818,0.03474354744131821,0.8117794689160313,0.8290272973871711,1.6408067663032022,0.12199306812663215,NOMA
181,414,7.153452619331205e-10,1.0729687616889563e-08,0.9374973170014426,0.06250268299855735,0.7153950889646407,0.740395932342482,1.4557910213071228,0.10823725065480468,NOMA
109,444,7.528899663743506e-10,1.3372850291834571e-08,0.9467008487617616,0.05329915123823844,0.752973807657594,0.7763243309638483,1.5292981386214424,0.11370246383802546,NOMA
132,418,5.716613029465556e-10,4.3817114460914e-09,0.8845915032222067,0.11540849677779319,0.5601173229565131,0.590421638401778,1.150538961358291,0.08554193021251236,NOMA
415,361,3.873835247170096e-10,2.487222531450434e-09,0.8652394390229988,0.13476056097700118,0.39895218908406505,0.4170337131212729,0.815985902205338,0.060668096818240744,NOMA
98,306,1.3095259116478016e-09,2.7967834051821903e-07,0.9953395642015216,0.00466043579847834,1.1988187789386562,1.2037793404171042,2.40259811935576,0.1786318304353725,NOMA
27,383,2.527876575183809e-10,1.6079423392529742e-09,0.8641459760647675,0.13585402393523258,0.276428312422959,0.28504164747530897,0.561469959898268,0.04174497843109799,NOMA
354,479,8.650537835555399e-10,3.11040335937822e-08,0.9729409296754352,0.027059070324564838,0.8658364514941619,0.8809959562224087,1.7468324077165707,0.12987601544361121,NOMA
133,38,1.8587176359205645e-10,1.227370467701646e-09,0.8684784819783465,0.13152151802165346,0.21110387776704653,0.21589677285697978,0.4270006506240263,0.031747260269444334,NOMA
131,257,5.706987959008342e-10,4.2385434446772276e-09,0.8813329070668237,0.11866709293317637,0.5568689075504953,0.5878216157605121,1.1446905233110074,0.08510710210490763,NOMA
434,304,7.160031620458311e-10,1.0866109591930545e-08,0.9381802631993881,0.061819736800612014,0.7165669320925774,0.7413505176655035,1.457917449758081,0.10839534942439263,NOMA
143,286,4.2528545740043544e-10,2.7498103788210795e-09,0.8660558674957851,0.13394413250421483,0.43132398170924946,0.45240668151852176,0.8837306632277713,0.06570488202436961,NOMA
386,53,5.660476507966934e-10,4.108636685775261e-09,0.8789121125530824,0.12108788744691759,0.5514851511237172,0.582561914985521,1.1340470661092383,0.0843157669969694,NOMA
483,242,6.320807629393311e-11,5.220457496808043e-10,0.8919988670067036,0.1080011329932963,0.07860881155260548,0.07913098578243585,0.15773979733504134,0.011727865972865528,NOMA
77,359,9.168841732731827e-10,3.7359417082729616e-08,0.9760456433044352,0.023954356695564713,0.90741967777567,0.9221375529427207,1.8295572307183907,0.13602655990471307,NOMA
413,101,2.361278257281437e-10,1.5133759683254107e-09,0.8650315440693949,0.13496845593060516,0.26056698133608686,0.2681445291059536,0.5287115104420405,0.039309405980820854,NOMA
291,20,9.506172768934422e-10,4.376684328882376e-08,0.9787416981003113,0.021258301899688737,0.9350667013571947,0.948906373337456,1.8839730746946506,0.14007234756094059,NOMA
99,97,7.395255234104324e-10,1.1895389943314855e-08,0.9414696896581531,0.0585303103418469,0.7375609988574371,0.7623410461369526,1.4999020449943896,0.11151688066872785,NOMA
26,91,6.808648959172965e-10,8.684386050331603e-09,0.9272988092016898,0.07270119079831022,0.6795020299909388,0.7060797885812155,1.3855818185721542,0.1030172355815728,NOMA
486,451,1.0006726754431583e-09,5.843487029512688e-08,0.9831637329209114,0.0168362670790885,0.9763816904049988,0.9882848266403743,1.964666517045373,0.14607186000337347,NOMA
190,62,6.182337063869352e-10,6.192871585865097e-09,0.9092315153180488,0.09076848468195117,0.615651487185465,0.6435030391454352,1.2591545263309003,0.09361743690192569,NOMA
156,103,3.065270411763961e-10,1.9478197795275598e-09,0.864028445684911,0.13597155431508898,0.3268262718017627,0.3389641176161174,0.66579038941788,0.04950114419463793,NOMA
371,147,1.2710910395690588e-09,1.8195783559635612e-07,0.993062825488823,0.0069371745111769904,1.1707199310390342,1.1777732024903456,2.34849313352938,0.17460915490924758,NOMA
353,315,7.048640078622941e-10,1.001094404934718e-08,0.9342220386834879,0.06577796131651216,0.7042711396466733,0.729878568852467,1.4341497084991404,0.10662823111517772,NOMA
301,488,2.821551891788058e-10,1.846274043251139e-09,0.8674350150431451,0.13256498495685487,0.30559319682975966,0.31585751143629887,0.6214507082660585,0.04620451362572926,NOMA
293,154,3.7058559554449353e-10,2.3765126872403045e-09,0.8650992584186604,0.1349007415813395,0.3844137207394013,0.401186257696122,0.7855999784355232,0.05840892032977868,NOMA
336,125,2.281731312795055e-10,1.4591381139588484e-09,0.8647711665980907,0.1352288334019093,0.25267170853236326,0.2598058254061302,0.5124775339384935,0.03810241888018539,NOMA
69,74,2.1915976573363689e-10,1.4166876481337658e-09,0.8660267676093895,0.1339732323906106,0.24413740901595252,0.25071692930941997,0.4948543383253725,0.0367921441134106,NOMA
34,89,1.1071550705177992e-10,7.023550804750161e-10,0.8638303872378964,0.13616961276210368,0.12990146706800135,0.13177307791800327,0.2616745449860046,0.01945535650453566,NOMA
243,25,4.505530112373797e-10,2.859559259690091e-09,0.8638858823023734,0.13611411769762657,0.4507343034082551,0.47428171726213675,0.9250160206703919,0.06877442532865369,NOMA
145,185,1.2670650393830067e-09,1.7213983376072975e-07,0.9926931105500966,0.007306889449903378,1.167530323517085,1.1749219989183537,2.342452322435439,0.17416002397289512,NOMA
368,471,4.496336359527811e-10,2.8421373215087943e-09,0.8634067674321082,0.13659323256789188,0.4496968949955032,0.4732328146338761,0.9229297096293794,0.06861930926612486,NOMA
456,382,1.5471973317919349e-09,1.0079106739271925e-06,0.9984672987592217,0.0015327012407781691,1.3454935854294336,1.3475669830853845,2.6930605685148183,0.20022755156244001,NOMA
4,45,7.399107128579625e-10,1.2179014183166567e-08,0.942726603118062,0.057273396881938006,0.739135840011213,0.7634400566377683,1.5025758966489813,0.11171568004825141,NOMA
277,258,2.5350123402272403e-10,1.625262347211935e-09,0.8650701788374396,0.1349298211625604,0.2774414043382702,0.28604882492339845,0.5634902292616686,0.041895184331722575,NOMA
90,197,8.289984588483805e-10,2.5589994215759803e-08,0.9686211178049514,0.03137888219504854,0.8340047856045337,0.8503877254308265,1.6843925110353601,0.12523364394314945,NOMA
254,357,6.944174174822113e-10,8.841535778580897e-09,0.9271790241410897,0.07282097585891041,0.6896195667924134,0.7170780138681462,1.4066975806605595,0.10458718071825722,NOMA
449,157,8.645244133624531e-10,3.042298529891812e-08,0.9723683852977559,0.027631614702243977,0.8647494858452476,0.8802045137263901,1.7449539995716377,0.12973635684547494,NOMA
158,231,6.269870342276607e-10,6.5220111719286216e-09,0.9122972175755006,0.08770278242449937,0.6249754709729732,0.6525998655573509,1.2775753365303242,0.09498701386842559,NOMA
290,78,1.0996700283032602e-09,1.1757084822974509e-07,0.9907334185065912,0.009266581493408785,1.055535694947182,1.0631438435217284,2.1186795384689106,0.1575226422653465,NOMA
141,245,4.1584049977669224e-10,2.6885112116935953e-09,0.8660459450389592,0.1339540549610409,0.4234540172260901,0.44375195178194554,0.8672059690080356,0.06447628022364577,NOMA
100,0,9.286421704284214e-10,3.829196904365548e-08,0.9763225982032898,0.023677401796710174,0.9162074766950772,0.9310433166314099,1.847250793326487,0.13734206641832616,NOMA
356,142,1.3305753390009994e-09,3.2110415827806025e-07,0.9958733498588237,0.004126650141176334,1.2127862421770628,1.2172831611664998,2.4300694033435626,0.1806743050813058,NOMA
111,491,5.804806273531867e-10,4.523275112040806e-09,0.8862640265338969,0.11373597346610313,0.5681267767324558,0.5988026149559932,1.166929391688449,0.08676054956791442,NOMA
377,482,1.2969716088816798e-09,2.257151695378574e-07,0.9942867742565217,0.005713225743478302,1.1890822230176632,1.1950714547422352,2.3841536777598984,0.1772604964877248,NOMA
10,106,1.2424074151309572e-09,1.6449985346100022e-07,0.992503979319677,0.007496020680322929,1.1516746197552894,1.1590441773817504,2.3107187971370395,0.17180065406223344,NOMA
175,384,6.521451799177124e-10,6.892699193985383e-09,0.9135641310013733,0.08643586899862653,0.6452269583713967,0.6742585557653702,1.3194855141367667,0.09810301220347709,NOMA
148,3,1.0368335418123968e-09,9.120573904659827e-08,0.9887597070125225,0.011240292987477501,1.0096116839993152,1.0180495926297068,2.027661276629022,0.15075548525122842,NOMA
406,408,4.1091002228253647e-10,2.616450636123796e-09,0.8642678991214584,0.1357321008785416,0.41832537953541243,0.4384380099400112,0.8567633894754236,0.0636998802583958,NOMA
268,212,3.288708662846814e-10,2.1108332354443005e-09,0.8652005109752385,0.13479948902476147,0.34762100815190955,0.3612509639881559,0.7088719721400655,0.05270423584684502,NOMA
234,345,6.399536500489816e-10,6.590455973998646e-09,0.9114913700158067,0.08850862998419329,0.6341691701752296,0.6629457830454963,1.297114953220726,0.09643977347365994,NOMA
472,146,1.1058599570673041e-09,1.307436541655058e-07,0.991612711169802,0.008387288830198101,1.061089936399625,1.0680411769192462,2.129131113318871,0.15829971102742538,NOMA
171,316,1.5213426086024937e-09,9.567885498165569e-07,0.99841247322956,0.00158752677044008,1.3307120138824209,1.3328095625119818,2.6635215763944027,0.19803134396984406,NOMA
151,246,6.090650843336458e-10,6.042650389183967e-09,0.9084348861946202,0.09156511380537978,0.6079283160621249,0.6353327521932942,1.243261068255419,0.09243576715653673,NOMA
31,165,6.581615562505156e-10,7.745687601676184e-09,0.9216833210732105,0.07831667892678949,0.6570739490604259,0.6840256242372001,1.341099573297626,0.09971000544963764,NOMA
360,249,4.759660608379779e-10,3.008160756727273e-09,0.863390144572697,0.13660985542730292,0.4707767830434271,0.4966611440976115,0.9674379271410386,0.07192847041940809,NOMA
269,55,2.7885913560706514e-10,1.845580419886049e-09,0.8687375525060125,0.13126244749398755,0.30299286854061525,0.3129618166382043,0.6159546851788196,0.04579588737388993,NOMA
443,302,2.4942937087318434e-10,1.6008718706324968e-09,0.8651952637343466,0.13480473626565337,0.27355751192396377,0.28191198789756,0.5554694998215237,0.04129884757037352,NOMA
400,331,6.738059811507578e-10,8.384084271559647e-09,0.9256111564225307,0.07438884357746925,0.6725730986131779,0.6992694029465315,1.3718425015597093,0.10199572502302673,NOMA
168,399,6.673036230626853e-10,7.961458942732003e-09,0.922665200487965,0.07733479951203504,0.6649228561493118,0.6921574095687639,1.3570802657180758,0.1008981610199313,NOMA
244,202,1.336053820195579e-09,6.498431034901099e-07,0.9979482546313151,0.0020517453686849365,1.2201241467924262,1.2223795882747164,2.4425037350671426,0.18159879071131174,NOMA
56,176,8.646529881313933e-10,3.094576160497236e-08,0.9728185564636167,0.027181443536383305,0.8653925205888077,0.8806075386840112,1.7460000592728189,0.12981413080095308,NOMA
42,49,1.03546364174477e-09,8.302809490378986e-08,0.9876823720092234,0.012317627990776661,1.0070730190832904,1.016288911911892,2.0233619309951827,0.1504358313007571,NOMA
1,215,3.5524306820632034e-10,2.2790926020618067e-09,0.8651488979875662,0.13485110201243378,0.371043806755328,0.3866323490554155,0.7576761558107434,0.05633279968853112,NOMA
128,82,1.8742974999879497e-09,1.5014519476321763e-06,0.9987532330350402,0.0012467669649598725,1.5198420191282696,1.5220360012746617,3.0418780204029314,0.22616193460244846,NOMA
63,81,2.5760084645937233e-10,1.6435675229864912e-09,0.8645039279006859,0.1354960720993142,0.2811772828352456,0.29006686326611475,0.5712441461013604,0.04247168372500821,NOMA
44,229,5.975334279122923e-10,5.7758626575446085e-09,0.9062456781439066,0.09375432185609343,0.5972071287853972,0.6243462012829214,1.2215533300683186,0.09082180892701254,NOMA
14,188,6.696860103759636e-10,8.03806227091073e-09,0.9230930903440163,0.07690690965598376,0.6671231981369482,0.6943743510650857,1.361497549202034,0.10122658358379436,NOMA
40,271,7.461481884551584e-10,1.2861188071536765e-08,0.9451657419057856,0.054834258094214335,0.7463244527369265,0.7699694773985943,1.5162939301355207,0.11273560818851455,NOMA
422,373,5.904636734759822e-10,5.009985784657127e-09,0.894568520278583,0.10543147972141709,0.5823193795606918,0.6118430085486325,1.1941623881093242,0.08878530766612076,NOMA
138,187,2.731540855991138e-10,1.7493017690372914e-09,0.8649394077141817,0.13506059228581835,0.2961409092294428,0.30598421326269926,0.602125122492142,0.04476766709978751,NOMA
166,267,5.520660017258642e-10,3.5957196675805158e-09,0.8669010296720119,0.1330989703279881,0.5318953812912172,0.564218729482897,1.0961141107741141,0.0814954729200085,NOMA
309,270,5.806654066832684e-10,4.700468209323752e-09,0.8900490976173596,0.10995090238264037,0.5712444701758842,0.6010505780911033,1.1722950482669874,0.08715948314252694,NOMA
71,423,5.058775151600535e-10,3.2096964371151254e-09,0.8638494290094034,0.13615057099059663,0.49451059088275684,0.5230620723502307,1.0175726632329876,0.07565596009167194,NOMA
299,12,8.614233802591028e-10,3.023463829949317e-08,0.9722979910082952,0.027702008991704743,0.8623833247697339,0.8777915319111153,1.740174856680849,0.12938103023649436,NOMA
67,172,1.8518435892014216e-10,1.1866910717942244e-09,0.8650137215273893,0.13498627847261066,0.2094913158143326,0.21435737327207413,0.4238486890864067,0.03151291368672169,NOMA
322,252,1.7236604537060099e-10,1.0908230333150827e-09,0.8635469160721817,0.13645308392781824,0.19588396755111082,0.20018563080696253,0.3960695983580733,0.029447553781269394,NOMA
73,194,7.06299341471189e-11,5.286699859006327e-10,0.8821459309697702,0.11785406903022977,0.08650057149056557,0.08719927448908794,0.17369984597965352,0.012914486689937065,NOMA
424,464,1.0740475907709708e-09,1.1302182950046905e-07,0.9905864469588845,0.009413553041115394,1.0379357261462565,1.0453989251170717,2.0833346512633284,0.1548947696106564,NOMA
29,17,1.0420459161244801e-09,1.052188519531469e-07,0.9901935148580575,0.009806485141942508,1.0153474995175165,1.0227776459261708,2.0381251454436873,0.1515334680627277,NOMA
6,88,9.868154437514137e-10,5.8138034389423283e-08,0.9833096329794361,0.01669036702056393,0.9668897871862521,0.9784483587907071,1.9453381459769592,0.14463480639233897,NOMA
385,344,3.384913254538239e-10,2.1453435262240712e-09,0.8637222900608049,0.13627770993919514,0.35554726988372765,0.3700107972909108,0.7255580671746384,0.05394483770815156,NOMA
84,35,5.829286122075318e-10,4.835689287436275e-09,0.8924211629231412,0.10757883707685878,0.574847174089406,0.60427806034996,1.1791252344393661,0.08766730367578932,NOMA
208,330,2.0196510910389685e-09,2.1664242814385212e-06,0.9990686173339594,0.0009313826660406109,1.5916706031002092,1.5934828657424416,3.1851534688426506,0.23681438430056884,NOMA
355,47,1.8161540554757965e-10,1.147776612237405e-09,0.8633846125763679,0.13661538742363208,0.20540202829980783,0.21014437931376986,0.4155464076135777,0.03089564368874184,NOMA
348,96,5.715622695528854e-10,4.300742583062865e-09,0.8826916034931525,0.11730839650684746,0.5585729368882755,0.5892967799007199,1.1478697167889953,0.08534347336721156,NOMA
70,442,3.4294005265788095e-10,2.1714448780389644e-09,0.8636087702916524,0.13639122970834752,0.35944488857851536,0.3742505373920592,0.7336954259705746,0.054549845797068744,NOMA
124,80,5.915721536593409e-10,5.050874777738671e-09,0.8951568068159449,0.10484319318405513,0.583638484634581,0.61310711758697,1.196745602221551,0.08897736819491085,NOMA
339,395,5.544194117314227e-10,3.794244985448529e-09,0.8725081171839896,0.12749188281601034,0.5378431086311226,0.5692338698103199,1.1070769784414425,0.08231055601795112,NOMA
441,135,1.183190206932245e-10,7.475129529935183e-10,0.8633464410081578,0.13665355899184223,0.13819184793847689,0.14032098443171573,0.27851283237019264,0.02070727378217046,NOMA
323,289,2.644189058691389e-10,1.6993378538313569e-09,0.8653504796034582,0.1346495203965419,0.28800223802773367,0.2972677637989575,0.5852700018266912,0.043514498277077415,NOMA
492,226,2.7485425349907806e-10,1.7626143985536798e-09,0.8651001313702857,0.1348998686297143,0.29780819103108724,0.30775077947118334,0.6055589705022706,0.04502297178455544,NOMA
223,211,5.432697493408325e-10,3.5941384224890578e-09,0.8686932188514154,0.1313067811485845,0.5265805782729464,0.5577137163054036,1.08429429457835,0.08061667617682901,NOMA
136,118,2.494791163151226e-10,1.6018187997596517e-09,0.8652409673511208,0.13475903264887923,0.2736215057711756,0.2819765878027393,0.5555980935739149,0.041308408444157244,NOMA
369,210,7.839994461692379e-10,2.0444515901713053e-08,0.9630685691711621,0.03693143082883787,0.7939363699418768,0.8115082070715889,1.6054445770134658,0.11936390907163316,NOMA
432,159,1.1045397660979363e-10,6.994721551431727e-10,0.8636246291118769,0.13637537088812307,0.1295800424584449,0.13144563510608515,0.26102567756453005,0.01940711357357101,NOMA
387,310,4.4923753972756356e-10,2.841310216383641e-09,0.8634763653275538,0.13652363467244616,0.4494186818202787,0.4729098583692054,0.9223285401894841,0.06857461265349324,NOMA
327,30,1.7094029314441112e-10,1.0860856645572648e-09,0.8640121215500153,0.1359878784499847,0.19451475780870975,0.19873864972448566,0.3932534075331954,0.02923817156380635,NOMA
358,457,2.333804091887626e-10,1.4728098028597387e-09,0.8632154799970635,0.13678452000293645,0.25728275379603716,0.26478571429767395,0.5220684680937111,0.03881549948652127,NOMA
317,340,6.960281235643173e-10,9.0679482546732e-09,0.9287146858409385,0.07128531415906154,0.692297673734141,0.7193249995922818,1.4116226733264228,0.10495335861162995,NOMA
102,186,5.653698621884946e-10,4.091145788832031e-09,0.8785852116561472,0.12141478834385269,0.5507218958178388,0.5818097512859128,1.1325316471037516,0.08420309643894064,NOMA
123,218,8.071146183523704e-10,2.2537223042840766e-08,0.9654256792346655,0.03457432076533452,0.8139804611895285,0.8312361358160744,1.6452165970056027,0.12232093658034222,NOMA
205,425,1.9221813502707433e-09,1.6344324080028151e-06,0.9988253271248313,0.0011746728751686124,1.5437918759122735,1.5459305304619693,3.089722406374243,0.2297191380203898,NOMA
375,320,5.595528483438466e-10,3.888277751673214e-09,0.8741964569555098,0.1258035430444901,0.542990870502091,0.5744979149447079,1.117488785446799,0.08308466806295904,NOMA
94,493,2.971063977326975e-10,1.888242493521874e-09,0.8640462404325133,0.13595375956748662,0.3181685986865838,0.3296559785231992,0.647824577209783,0.04816539607507681,NOMA
110,28,5.70351411525348e-10,4.183344555552395e-09,0.8800193753501736,0.11998062464982635,0.5555935390090843,0.5868082508759642,1.1424017898850485,0.08493693605093297,NOMA
455,438,3.2117979196424316e-10,2.077147414616606e-09,0.8660817460257519,0.1339182539742481,0.34107127740475457,0.3540774230948151,0.6951487004995697,0.05168391825275611,NOMA
294,255,7.691755318746409e-10,1.7282001169765962e-08,0.9573891749780095,0.04261082502199059,0.7765509262976367,0.7960996001194692,1.5726505264171058,0.1169256896964391,NOMA
404,280,4.427896340541823e-10,2.8214665648630823e-09,0.8643520584563634,0.13564794154363655,0.4447102719488617,0.4675154387553224,0.9122257107041841,0.06782347291480922,NOMA
328,278,2.6804217836163456e-10,1.7443143935117077e-09,0.866801847094072,0.13319815290592804,0.29199276722855494,0.3013997097880277,0.5933924770165826,0.04411839977818458,NOMA
329,295,5.420968125513959e-10,3.5131380177534556e-09,0.8663217211244352,0.13367827887556485,0.5239606637374592,0.5554532212307979,1.079413884968257,0.08025382044373659,NOMA
297,321,2.7625666443403e-10,1.789764638931304e-09,0.866285665116794,0.133714334883206,0.29958680497703694,0.30954547513936537,0.6091322801164023,0.045288645361814296,NOMA
282,192,2.880880041194166e-10,1.8496919849239973e-09,0.8652396385053981,0.13476036149460194,0.3102815197741264,0.3210797261034845,0.6313612458776109,0.04694135657082609,NOMA
64,314,3.9071203255139283e-10,2.510971791801036e-09,0.8653498946810345,0.13465010531896537,0.4018535135825892,0.420188757409478,0.8220422709920672,0.06111838446037674,NOMA
460,107,7.161958761307202e-10,1.103852975713187e-08,0.9390716637312159,0.06092833626878418,0.7175947456050387,0.7420573214382501,1.4596520670432889,0.10852431725228914,NOMA
448,169,5.375360604479767e-10,3.4632423057268642e-09,0.8656421297933788,0.13435787020662104,0.5200163355899701,0.5512097131572744,1.0712260487472445,0.07964505938641224,NOMA
251,296,2.489485681068602e-10,1.584404810160632e-09,0.8642113566004852,0.13578864339951477,0.2727508363399527,0.28112750320933955,0.5538783395492922,0.041180545691397195,NOMA
112,220,2.1045395752110074e-10,1.3302770444035925e-09,0.8634064237961072,0.13659357620389284,0.23466045920711395,0.24087273364592593,0.47553319285303985,0.03535562772141561,NOMA
15,214,7.250447845973252e-10,1.1530869702586497e-08,0.9408412334015944,0.05915876659840557,0.7260430093667809,0.7503080992714094,1.4763511086381902,0.10976588168313683,NOMA
466,248,6.253911954603624e-10,6.408293961353642e-09,0.9110862682196539,0.08891373178034617,0.6227157129960856,0.6505672827658437,1.2732829957619294,0.094667880725794,NOMA
233,46,2.260394873468601e-10,1.457513610497901e-09,0.8657366449349119,0.13426335506508805,0.25087260699533165,0.25784420363972094,0.5087168106350526,0.03782281119963217,NOMA
311,200,9.52325592402292e-10,4.7486376116268176e-08,0.9803395723087304,0.01966042769126958,0.9384316685828684,0.9512912166172582,1.8897228852001267,0.14049984276580868,NOMA
452,139,3.6656268405018386e-10,2.352531039555222e-09,0.8651893898073741,0.13481061019262583,0.38096420504322126,0.3974154297872767,0.7783796348304979,0.057872091808958956,NOMA
334,13,1.111285235075903e-09,1.5451522363015132e-07,0.9928592805738624,0.007140719426137598,1.066718357068144,1.0726888395506222,2.139407196618766,0.15906373209061458,NOMA
213,86,6.229116643507152e-10,6.337014341569567e-09,0.9105002461490466,0.0894997538509535,0.6203156263618043,0.6481536065476978,1.268469232909502,0.09430998014197042,NOMA
32,193,8.066519303222e-10,2.245490009505017e-08,0.9653225232158907,0.034677476784109255,0.8135166971850493,0.8308063939232042,1.6443230911082534,0.12225450491511179,NOMA
250,50,5.598590931513761e-10,3.945670327177446e-09,0.8757395544627214,0.12426044553727862,0.5443870450816712,0.5755938251162295,1.1199808701979008,0.08326995317456512,NOMA
180,92,5.744704478716487e-10,4.389812379083785e-09,0.884279266936133,0.11572073306386697,0.5620122826150203,0.5926290682795481,1.1546413508945683,0.08584694058695676,NOMA
59,275,4.099731655259195e-10,2.609680128711754e-09,0.8642317095448472,0.13576829045515285,0.4175205969391008,0.4375599357616337,0.8550805327007345,0.06357476079559364,NOMA
18,475,3.910362603065374e-10,2.5136463207726144e-09,0.8653772832688456,0.1346227167311545,0.40214466474673155,0.4205027714694172,0.8226474362161488,0.06116337815733448,NOMA
61,217,6.557345509401174e-10,7.340505564792619e-09,0.9179946397995291,0.0820053602004708,0.6519062526448728,0.6798388480202042,1.331745100665077,0.09901450562565628,NOMA
370,417,9.309448437489812e-10,3.849097768570548e-08,0.9763850978334855,0.02361490216651451,0.9179341033368601,0.9327873812109795,1.8507214845478397,0.13760011037530406,NOMA
468,129,6.540904764205654e-10,7.240596124095257e-09,0.9171480123887592,0.08285198761124075,0.6498995485215568,0.6779797323238577,1.3278792808454145,0.09872708407772599,NOMA
454,75,4.780809198249244e-10,3.0192523605047916e-09,0.8633012980164554,0.1366987019835446,0.4723936581664731,0.4984835987631266,0.9708772569295997,0.07218418267134571,NOMA
333,496,9.282137332319368e-10,3.7759883162393714e-08,0.9760077696316748,0.02399223036832518,0.9154888039056024,0.9305055912965419,1.8459943952021443,0.13724865391837507,NOMA
152,365,7.309038035322865e-10,1.1825675106952288e-08,0.9417911671050789,0.058208832894921056,0.7314158116038426,0.7556214836247944,1.487037295228637,0.11056039369729645,NOMA
83,104,1.0021002986008618e-09,6.649228680274942e-08,0.9851528350484005,0.014847164951599568,0.9802074456134284,0.9907530142717629,1.9709604598851913,0.1465398111438804,NOMA
122,95,5.576032097771684e-10,3.846916066420649e-09,0.8734020275968648,0.12659797240313525,0.5409197452399302,0.5724160705538925,1.113335815793823,0.0827758970850426,NOMA
265,480,1.7063139990503115e-10,1.079806638932974e-09,0.8635426989540451,0.13645730104595494,0.194080419260102,0.19830240968159013,0.39238282894169213,0.02917344453098083,NOMA
256,477,1.9541180129107374e-10,1.2405601718785167e-09,0.8639167024550308,0.1360832975449691,0.2196443706268239,0.22505217609978045,0.44469654672660436,0.033062940277070955,NOMA
222,216,7.697162238834997e-10,1.745958035736217e-08,0.9577758680674829,0.04222413193251708,0.777375421816747,0.7967768335439858,1.5741522553607328,0.11703734240600244,NOMA
116,363,1.6711084669231617e-10,1.0616838021193616e-09,0.8640042525787991,0.13599574742120088,0.19052139142198046,0.19457184002185313,0.38509323144383356,0.028631467021846362,NOMA
300,337,7.269044660606489e-10,1.1769648916818092e-08,0.941831603979977,0.058168396020023015,0.7284414077406036,0.7524245687065041,1.4808659764471077,0.11010155958714556,NOMA
458,93,8.573115622973153e-10,2.7873269429622176e-08,0.9701603123675628,0.0298396876324372,0.8567731274943482,0.873206590252876,1.729979717747224,0.12862302734180106,NOMA
224,134,4.3736437020453463e-10,2.77026353202825e-09,0.8636486576575508,0.13635134234244922,0.43985812938036906,0.4622922954604987,0.9021504248408678,0.06707438102906081,NOMA
33,2,1.4460032003733203e-10,9.125483787077372e-10,0.86321666932099,0.1367833306790101,0.16658750350850846,0.1696959559306701,0.3362834594391786,0.02500248769064525,NOMA
430,367,6.781206833136071e-10,8.619820848928218e-09,0.9270676546026737,0.07293234539732642,0.6772035101574472,0.7036887805140712,1.3808922906715184,0.10266857179713892,NOMA
179,303,7.144785948391197e-10,1.046122213893876e-08,0.9360685641232632,0.06393143587673669,0.7133317208459311,0.738811886302051,1.452143607147982,0.10796606744594663,NOMA
155,403,5.93215402007784e-10,5.207885948336628e-09,0.8977409001874161,0.10225909981258383,0.5869767891082437,0.6159376534972153,1.202914442605459,0.0894360180375806,NOMA
239,198,5.341321294386143e-10,3.447884551131345e-09,0.8658639146227378,0.1341360853772622,0.5175937987501198,0.5484225543028469,1.0660163530529667,0.07925772141657746,NOMA
390,65,1.941828583962374e-10,1.2405199124267392e-09,0.8646529006946506,0.13534709930534944,0.21859643672320556,0.2239177038875856,0.4425141406107912,0.032900679599315336,NOMA
343,219,2.767660714060103e-10,1.8085087957335025e-09,0.8672759760512216,0.13272402394877836,0.30044912350989605,0.31037800798160503,0.610827131491501,0.045414656616468485,NOMA
426,52,1.0829248338357099e-10,6.866480114050942e-10,0.863772843258714,0.13622715674128608,0.127210945736621,0.129006133110385,0.256217078847006,0.019049596940297845,NOMA
459,183,7.587595409102774e-10,1.5872625035655983e-08,0.9543778488545461,0.04562215114545394,0.7654625040813985,0.7858796858970536,1.551342189978452,0.11534142676419719,NOMA
409,228,9.138490879862763e-10,3.456165484346859e-08,0.9742399969919526,0.025760003008047448,0.9029085254170881,0.9186215750924397,1.821530100509528,0.13542974724977902,NOMA
347,463,9.787595324496627e-10,5.633161017756257e-08,0.9829217724924453,0.01707822750755474,0.9606802947048843,0.9723574352703386,1.9330377299752228,0.1437202773215779,NOMA
379,431,5.047384734963232e-10,3.200160096463183e-09,0.8637645635999585,0.13623543640004152,0.49357043773343134,0.5220308406469344,1.0156012783803656,0.07550938872716474,NOMA
225,437,5.729403346329183e-10,4.382890381385361e-09,0.884390656690299,0.11560934330970093,0.5609354490453068,0.5913951375977529,1.1523305866430595,0.08567513655338733,NOMA
108,398,5.953852240804533e-10,5.3058637605019075e-09,0.899108608086871,0.10089139191312896,0.5897463162777296,0.6185356041347198,1.2082819204124493,0.08983508701951297,NOMA
5,287,7.048430555371451e-10,9.855765359787942e-09,0.9332573439126568,0.06674265608734324,0.7033181070354763,0.72926993133452,1.4325880383699963,0.10651212181189565,NOMA
54,308,3.5392968556558183e-10,2.2508722588539775e-09,0.8641241472028885,0.13587585279711148,0.3693895240990213,0.3849772419231075,0.7543667660221288,0.05608674840313226,NOMA
402,48,2.3493487672169237e-10,1.512599127985325e-09,0.8655620571108256,0.1344379428891745,0.25957343653055276,0.26705717560974135,0.5266306121402942,0.03915469235243823,NOMA
236,272,5.811212798405667e-10,4.803177205384793e-09,0.8920711246905838,0.10792887530941626,0.5731868181974268,0.6025533356898725,1.1757401538872991,0.08741562482433451,NOMA
285,341,1.0731982090324694e-09,1.0592463615878746e-07,0.9899699071913624,0.010030092808637616,1.0364114698714018,1.0443479043876915,2.0807593742590935,0.15470329920141962,NOMA
36,485,2.9830948648904614e-10,1.8989448388928466e-09,0.8642353399681219,0.135764660031878,0.3193575219152031,0.33091355238832726,0.6502710743035304,0.04834729176977921,NOMA
23,137,5.637055225140815e-10,4.01503776833798e-09,0.8768864103737116,0.1231135896262883,0.5481675234444819,0.5794753317126718,1.1276428551571538,0.08383961748380327,NOMA
433,121,7.871167852079927e-10,2.127815095224712e-08,0.9643277935906536,0.0356722064093465,0.7976839196578004,0.8147871354524864,1.6124710551102868,0.11988632380002133,NOMA
462,410,2.063136341851603e-10,1.3025902939729725e-09,0.8632692046623536,0.13673079533764634,0.23047090309031337,0.2364671555691183,0.46693805865943167,0.03471658428694659,NOMA
411,392,1.3868394000992822e-10,8.957630173947171e-10,0.8659342182629872,0.13406578173701286,0.16078997619075552,0.16361616439729487,0.3244061405880504,0.02411941565710412,NOMA
58,253,1.00542462185033e-09,6.708316036073458e-08,0.9852335803114797,0.014766419688520308,0.9826461792958197,0.9931874763804343,1.975833655676254,0.1469021305335505,NOMA
164,170,7.124348474829849e-10,1.0359802313197076e-08,0.9356557453435882,0.06434425465641191,0.7113854419577827,0.7369024820021415,1.4482879239599242,0.10767939955092375,NOMA
57,352,5.806342332205991e-10,4.5708824519038536e-09,0.8872886823996433,0.11271131760035674,0.5690487256748065,0.5994988893637316,1.168547615038538,0.08688086357163853,NOMA
167,288,6.026250600288062e-10,5.850494706500553e-09,0.9066149270691574,0.0933850729308426,0.6014498348314351,0.6288658452856615,1.2303156801170965,0.09147328476707038,NOMA
173,182,4.2235644611343573e-10,2.7145125114959758e-09,0.865357319090782,0.13464268090921816,0.42848894039630075,0.44941794778679484,0.8779068881830956,0.06527188759725618,NOMA
428,396,3.6093285011568544e-10,2.322243775452862e-09,0.8654830074635113,0.13451699253648877,0.37619802313687706,0.39218688579470595,0.7683849089315831,0.05712898951164187,NOMA
37,447,8.151662925014787e-10,2.4496201927204577e-08,0.9677944595714572,0.03220554042854287,0.8227154656218232,0.8390835666087633,1.6617990322305864,0.12355383139260867,NOMA
342,204,7.232269756590502e-10,1.1267860491897219e-08,0.9396862897034275,0.06031371029657252,0.7235155475473034,0.748123253586531,1.4716388011338344,0.10941552424786873,NOMA
105,203,2.7749646773740244e-10,1.8289176626851143e-09,0.8682612010005172,0.13173879899948288,0.30151977855951656,0.3114326836686053,0.6129524622281219,0.04557267377160758,NOMA
436,174,7.944363909592339e-10,2.1902814911983494e-08,0.9649985639073294,0.035001436092670576,0.8039622223365873,0.8209998966370206,1.6249621189736079,0.120815027432982,NOMA
281,389,4.166723672436724e-10,2.7044405694866923e-09,0.8664987856286377,0.13350121437136225,0.42440699119960523,0.44471593343616694,0.8691229246357721,0.06461880480563362,NOMA
24,376,3.7946729488617817e-10,2.470647619544711e-09,0.8668589491024259,0.13314105089757414,0.39300395155143575,0.41028098614383923,0.803284937695275,0.059723787189239784,NOMA
350,498,2.661745392596806e-10,1.7392090831355117e-09,0.8672700144315696,0.13272998556843044,0.29038652239737717,0.2996493253656229,0.5900358477630001,0.04386883626490708,NOMA
273,305,8.673222430044287e-11,5.49656055854284e-10,0.8637117825624391,0.13628821743756095,0.1030430089111603,0.1042180775627971,0.2072610864739574,0.015409746206242187,NOMA
407,394,1.5520664756165288e-09,1.2939757370941422e-06,0.9988019813458732,0.0011980186541268288,1.3489858456750583,1.35061439540331,2.699600241078368,0.2007137725708824,NOMA
388,445,1.786749977106159e-10,1.1375524685464397e-09,0.8642521887051086,0.13574781129489147,0.20259140212667004,0.20716852166593053,0.40975992379260057,0.030465421843316028,NOMA
60,115,4.3614626422050645e-10,2.76674827076808e-09,0.8638274662321778,0.13617253376782218,0.43896733713185065,0.46127197616178034,0.900239313293631,0.06693229095119933,NOMA
66,284,6.033250348303387e-10,5.93061765301355e-09,0.9076629435466586,0.09233705645334145,0.602854354819555,0.6300473413932455,1.2329016962128003,0.09166555362176955,NOMA
307,499,5.319639267348196e-10,3.383625440831328e-09,0.8641420545419762,0.13585794545802382,0.5147120476570733,0.5456643835596088,1.0603764312166821,0.07883839637298752,NOMA
380,416,6.310949668352e-10,6.530010330234682e-09,0.911871849294909,0.088128150705091,0.6277539750295419,0.65578936554575,1.2835433405752918,0.09543073164128564,NOMA
349,227,1.6908138807778982e-10,1.067624970031263e-09,0.8632808936663684,0.13671910633363157,0.19240471836170275,0.19656264441148472,0.38896736277318744,0.028919506525887543,NOMA
476,39,9.522614250801273e-10,4.523627299907122e-08,0.9793831643079327,0.020616835692067403,0.9370968254492809,0.9505645715109149,1.8876613969601959,0.1403465722646986,NOMA
72,153,1.3718735155335466e-09,6.822648653820064e-07,0.9979932712250869,0.0020067287749132457,1.2420608268053424,1.2443516027117862,2.4864124295171286,0.18486337765926608,NOMA
262,177,6.527197427612747e-10,6.994078717979315e-09,0.9146414350904628,0.08535856490953718,0.646621382932155,0.6753683980284644,1.3219897809606194,0.09828920304539922,NOMA
264,140,5.002509517458475e-11,5.192632905111125e-10,0.9121269703854392,0.08787302961456073,0.06409582579689235,0.06437138830428868,0.12846721410118103,0.009551465732429817,NOMA
335,319,1.0370893304725328e-09,1.0216495082967273e-07,0.9899508834431644,0.010049116556835644,1.011551530778589,1.019109415385625,2.0306609461642138,0.15097850900849175,NOMA
144,276,2.8736647505609967e-10,1.8469741402456715e-09,0.8653605366473012,0.1346394633526989,0.30965645689896903,0.32039872846037853,0.6300551853593476,0.04684425169957975,NOMA
21,7,6.508830661376749e-10,6.866426529000126e-09,0.913415423709745,0.08658457629025501,0.6441412269570493,0.6731281935553487,1.317269420512398,0.09793824687824522,NOMA
8,-1,4.806465172530848e-10,0.0,1.0,0.0,0.5662272593473168,0.0,0.5662272593473168,0.04209868099236556,OMA
51,-1,4.986554589213741e-10,0.0,1.0,0.0,0.5836687456346038,0.0,0.5836687456346038,0.04339544577208951,OMA
76,-1,4.037904648108262e-10,0.0,1.0,0.0,0.48932760947575105,0.0,0.48932760947575105,0.0363812349052603,OMA
87,-1,3.458709052135599e-10,0.0,1.0,0.0,0.42854003450980616,0.0,0.42854003450980616,0.031861712602959565,OMA
113,-1,4.688501954823381e-10,0.0,1.0,0.0,0.5546872663807457,0.0,0.5546872663807457,0.04124068895024132,OMA
119,-1,4.0379619813594076e-10,0.0,1.0,0.0,0.489333501681908,0.0,0.489333501681908,0.03638167298750245,OMA
127,-1,3.4669489738318123e-10,0.0,1.0,0.0,0.4294230357369684,0.0,0.4294230357369684,0.03192736325181921,OMA
150,-1,4.834541532018695e-10,0.0,1.0,0.0,0.5689603403871848,0.0,0.5689603403871848,0.04230188404365687,OMA
178,-1,4.936691767646273e-10,0.0,1.0,0.0,0.5788606502076712,0.0,0.5788606502076712,0.04303796655819117,OMA
191,-1,4.15659624458993e-10,0.0,1.0,0.0,0.5014744312864867,0.0,0.5014744312864867,0.03728434433356779,OMA
221,-1,4.003747235644282e-10,0.0,1.0,0.0,0.48581292680668137,0.0,0.48581292680668137,0.036119920208675195,OMA
232,-1,4.717873060810214e-10,0.0,1.0,0.0,0.5575691967799034,0.0,0.5575691967799034,0.04145495886839431,OMA
235,-1,4.4075819822964436e-10,0.0,1.0,0.0,0.5268282289986559,0.0,0.5268282289986559,0.03916938505566215,OMA
241,-1,4.893225852671159e-10,0.0,1.0,0.0,0.574656273570674,0.0,0.574656273570674,0.04272537349967836,OMA
260,-1,4.823274792708206e-10,0.0,1.0,0.0,0.5678642064348942,0.0,0.5678642064348942,0.04222038709553117,OMA
261,-1,4.733373426744279e-10,0.0,1.0,0.0,0.5590877948561688,0.0,0.5590877948561688,0.04156786578856274,OMA
266,-1,4.886418767784734e-10,0.0,1.0,0.0,0.5739967258893794,0.0,0.5739967258893794,0.042676336497351634,OMA
279,-1,4.562420713958323e-10,0.0,1.0,0.0,0.5422501949418174,0.0,0.5422501949418174,0.04031599962392694,OMA
292,-1,4.742310639918751e-10,0.0,1.0,0.0,0.5599626633404516,0.0,0.5599626633404516,0.04163291177252429,OMA
313,-1,5.128877990143093e-10,0.0,1.0,0.0,0.5973049962737669,0.0,0.5973049962737669,0.044409293403254044,OMA
325,-1,4.0152670445328274e-10,0.0,1.0,0.0,0.48699923350011115,0.0,0.48699923350011115,0.03620812144982239,OMA
326,-1,4.6332946980672187e-10,0.0,1.0,0.0,0.5492546299975359,0.0,0.5492546299975359,0.04083677546450082,OMA
351,-1,4.4870492717805597e-10,0.0,1.0,0.0,0.5347637760905889,0.0,0.5347637760905889,0.03975938855692111,OMA
364,-1,4.700696437273822e-10,0.0,1.0,0.0,0.5558845035515174,0.0,0.5558845035515174,0.041329702866283825,OMA
378,-1,3.516198337542697e-10,0.0,1.0,0.0,0.43468942596725507,0.0,0.43468942596725507,0.0323189164287922,OMA
381,-1,4.878436198059276e-10,0.0,1.0,0.0,0.5732228995733577,0.0,0.5732228995733577,0.04261880294225708,OMA
391,-1,4.786745734284984e-10,0.0,1.0,0.0,0.5643045791713337,0.0,0.5643045791713337,0.04195573079340771,OMA
393,-1,4.908136942809776e-10,0.0,1.0,0.0,0.5760999765140626,0.0,0.5760999765140626,0.042832712008480496,OMA
420,-1,3.4152373380238187e-10,0.0,1.0,0.0,0.42387257851651733,0.0,0.42387257851651733,0.03151468985252917,OMA
421,-1,4.680917712432235e-10,0.0,1.0,0.0,0.5539421546792691,0.0,0.5539421546792691,0.04118529031072633,OMA
446,-1,4.097113227614104e-10,0.0,1.0,0.0,0.49539976130505875,0.0,0.49539976130505875,0.03683269600781106,OMA
450,-1,4.743941471897808e-10,0.0,1.0,0.0,0.560122249116371,0.0,0.560122249116371,0.04164477688597554,OMA
453,-1,4.019168468908964e-10,0.0,1.0,0.0,0.4874007800647634,0.0,0.4874007800647634,0.036237976212993565,OMA
465,-1,4.555202534746673e-10,0.0,1.0,0.0,0.5415349146129755,0.0,0.5415349146129755,0.04026281893033276,OMA
467,-1,3.403685906164422e-10,0.0,1.0,0.0,0.4226297848116731,0.0,0.4226297848116731,0.03142228883358165,OMA
469,-1,4.852852025314643e-10,0.0,1.0,0.0,0.5707399820504385,0.0,0.5707399820504385,0.04243419940895454,OMA
478,-1,4.91406408025298e-10,0.0,1.0,0.0,0.5766734453805596,0.0,0.5766734453805596,0.042875349098926374,OMA
489,-1,3.480564557471078e-10,0.0,1.0,0.0,0.4308809169358353,0.0,0.4308809169358353,0.03203575590601006,OMA
