User_ID,x,y,theta_rad,distance_m,shadowing_dB,path_loss_dB,fading_rayleigh,h_linear,h_dB,h_normalized
0,3935.860572768631,-1642.2897910236934,5.88788600343278,4264.752537483888,5.516735506324787,175.88615284889352,1.6261275909973818,2.6112411208673603e-09,-119.99997038738344,0.003443176708114529
1,2844.236541310069,-3005.945914229116,5.470152414881183,4138.28374355773,-0.9233260406725846,168.98851630652786,0.7670340984915928,2.7251402333693245e-09,-119.99996774772086,0.0035933638233938
2,754.6609316083344,3858.7654903065536,1.3776634481512207,3931.8677789158596,-3.9106536623615074,165.22344108306476,0.8348861428303681,4.575675303119299e-09,-119.99990907356532,0.006033475232023789
3,298.54657651826716,-2447.6585227735286,4.8337617673207385,2465.7985121369243,-2.975474430256072,159.06617415952977,0.1896700776498519,2.111981521230815e-09,-119.99998062848574,0.0027848541154463593
4,-164.23916442876273,-1890.8759200265777,4.625747656579158,1897.9953235107337,7.302290869300351,165.3657537734103,1.0112107062788238,5.4519764400192575e-09,-119.99987091202213,0.00718896395336638
5,1238.9227257831105,1118.5357679157141,0.734376067314098,1669.1470230535863,4.238496949823994,160.34894075039335,0.9495614733124252,9.121705530122455e-09,-119.99963865808631,0.01202786053291189
6,-4084.4220526415993,-2688.28769765783,3.723697313794673,4889.723330566204,-16.20418911627323,156.24389398944746,2.147994944563691,3.3100804971335333e-08,-119.99524419969477,0.043646647483586674
7,4585.261794050127,-1313.997107124862,6.004094970189759,4769.823279484083,17.135795475620554,189.2065086587197,1.7326974563209632,6.003400331867187e-10,-119.99999843476756,0.000791607026520249
8,-1128.7280102384502,-4588.946087693975,4.47120993456871,4725.72249681027,-2.1705013103817357,169.75901930404,1.6138262310268954,5.246936460278827e-09,-119.99988043888865,0.006918598694167328
9,-2722.2937698442397,-864.1217800861812,3.4489572682354805,2856.1494744064207,-6.017870650279302,158.25759504871382,1.2202442483888671,1.491306864257129e-08,-119.99903423812702,0.01966433899430879
10,1450.8715819115764,-3283.9448742286913,5.128409199126101,3590.1702305282815,-1.9881344270282075,165.76402509694168,0.3215806197911547,1.6561078397493534e-09,-119.99998808865121,0.0021837400975275516
11,4300.912555019607,-472.56950799484855,6.173747739017135,4326.7968228022655,4.139754015344655,174.72871466295553,0.6192341597496054,1.1361068355162854e-09,-119.99999439439648,0.0014980679350974733
12,-1593.0343090661752,-310.1172758799537,3.3338587782865496,1622.939011380634,-7.5352489295844425,148.1484611339693,1.1571293457088132,4.52854670389397e-08,-119.99110272377906,0.05971331566376851
13,-4000.5557194597623,1593.797244904752,2.762471557935627,4306.348304813278,13.054516995692964,183.57147043733698,1.031060677718667,6.834562231821976e-10,-119.99999797135706,0.0009012038489556259
14,-2978.7892431691653,152.0090600289248,3.090606395766199,2982.6652694446298,0.15783382349015132,165.09212500067306,2.229746721546461,1.2406500117926684e-08,-119.99933157996642,0.016359183337721035
15,-3495.7273159495553,-3180.832587086998,3.8798615237638203,4726.288757000618,9.680325304123222,181.61166718778358,0.5437926927450609,4.516999141681883e-10,-119.99999911389685,0.0005956104976642788
16,3967.323796966068,-1002.1631558597303,6.0357570191913705,4091.941971843686,17.324495716723607,187.06516011094334,1.096941411505504,4.863236911483241e-10,-119.99999897284707,0.0006412653326361472
17,1917.9118393371991,3133.7785401883116,1.0215908488671235,3674.092236514291,12.560927470554194,180.66431246454414,1.4428233839276543,1.3365879736587957e-09,-119.99999224147754,0.0017624219159505677
18,2135.406545814456,-3793.48377606806,5.225093161794496,4353.214935561856,-15.265932792714391,155.41555414907546,0.5004562121633648,8.483760057642734e-09,-119.99968743133567,0.011186667058155459
19,1123.7806521387204,-1564.170507035844,5.335391462990113,1926.0094312339431,13.622347141728323,171.90852454503843,0.8945687640177806,2.2708450556052872e-09,-119.99997760463233,0.0029943312169502
20,-689.4781487303727,1427.8617646524644,2.020649977146217,1585.6132367425266,7.901753557141715,163.23179082324367,1.0719425603085473,7.388937163731423e-09,-119.99976289735287,0.009743036036224468
21,2249.6864268168038,1412.714034286131,0.5607253250398517,2656.4732187004547,-8.045745374794155,155.12807816536954,1.9453547096058783,3.4087479710283935e-08,-119.99495661755206,0.04494767459000125
22,2462.468683580515,930.6731727611976,0.3613484667505551,2632.471191126723,9.933913861233787,172.9697738832005,1.4845460300241526,3.3350701534924767e-09,-119.99995169502702,0.0043976160534033425
23,829.6596474537223,-4304.313535362685,4.90280448665298,4383.54310362285,-1.8724852306488615,168.91453268976446,2.250422006867035,8.063755138575747e-09,-119.99971761289885,0.010632849510220773
24,-650.9164268805887,-3622.712908988425,4.534609393749725,3680.725609948991,-13.813730635269987,154.31707294099152,1.2165380412697828,2.3403027711165458e-08,-119.99762201286771,0.030859180054455388
25,1286.244264264012,2631.296020785054,1.1161283149149939,2928.846710968556,5.307604716032592,169.9651202700183,0.7362810986174287,2.3376938707799764e-09,-119.99997626668514,0.00308247791529037
26,983.2853825537984,-2053.2596358072105,5.159006370018909,2276.5599652939363,3.5858860849854715,164.41378745664653,1.3934667046995177,8.383149735433507e-09,-119.99969480072474,0.011054002512067259
27,3103.8613781589984,-680.920041297167,6.067228014204062,3177.673293066361,2.458786396560928,168.3557430074237,0.9917781129014487,3.7898966715434026e-09,-119.99993762135577,0.004997349283962149
28,407.574606082209,-967.2984911995824,5.111166960840854,1049.6587210136713,10.163395011873913,159.2232122299476,0.9329377691426939,1.020215844217986e-08,-119.99954799229428,0.013452543328874777
29,-968.0097883359559,-3594.17854081489,4.449304403485417,3722.252319976236,-7.933074736324192,160.36826166127682,0.7794829629223123,7.471254737654719e-09,-119.99975758511741,0.009851579805291279
30,261.6573420601401,3441.3024125019197,1.494907951131271,3451.2355554128017,-3.214999215384669,163.93724492703743,1.5604529934627203,9.917185672780017e-09,-119.99957288989725,0.013076778871811344
31,-3049.312296410316,-2185.7493795031387,3.7635055291881296,3751.7736913408717,-7.537078112415204,160.88433713876094,1.164577654231119,1.0518446339891568e-08,-119.99951953309417,0.013869599844168058
32,-3241.8830820708977,2619.8654192580034,2.4619135606794673,4168.153156116197,14.17565148983533,184.19681295888586,1.0090017542820235,6.223737590871356e-10,-119.99999831776458,0.0008206606482662542
33,-940.9871591784092,1313.9875310980005,2.192266602194418,1616.1745158304136,0.27392055811944527,155.89414253656693,1.1093144731787337,1.7797030815429053e-08,-119.9986246581849,0.023467125072282633
34,-1781.6684461487362,1100.3519400413675,2.5883350306644703,2094.067058132297,-1.154153865419405,158.4036496805687,1.262760658223959,1.5175344496153465e-08,-119.99899997368888,0.020010175348882983
35,-1433.1819426559057,1436.6551197980534,2.3549842558233265,2029.2827338734528,-9.54693787502961,149.53318480487943,2.2397181468829856,7.473673629300971e-08,-119.97580963125554,0.09854769350411902
36,-187.41978328227665,-4930.369035897112,4.674393936731898,4933.92997571901,2.7855812671158815,175.37046869332838,0.2218116725480031,3.7797316033821187e-10,-119.99999937955083,0.0004983945647794799
37,-2209.961065810058,-1102.3654598462645,3.604293165130154,2469.64319679147,-1.6383317762154226,160.42699874593728,0.6710602351190011,6.38868635352563e-09,-119.99982274496381,0.008424107552580919
38,-2258.548941981155,854.4133034328247,2.779930334377602,2414.759908646652,7.377632274637793,169.1013538361416,0.3516648865625505,1.2332789382348188e-09,-119.9999933944861,0.001626198852646685
39,-4491.998839684248,-515.0928791144305,3.2557629585876757,4521.434976845186,-4.891635002478902,166.36616820639713,0.9851471882446249,4.733612594957097e-09,-119.99990268834262,0.006241730992188121
40,892.9117903559567,-1831.875412076169,5.165930450873691,2037.9055401872565,13.0380948195338,172.18266964159403,1.8564122289695184,4.566052898485214e-09,-119.99990945558623,0.006020787150771022
41,-282.88801165083436,161.27449790679694,2.6234485376954932,325.63029774708014,1.9483138225789074,133.2168151171265,1.4589349330944015,3.1856287884457144e-07,-119.58022474179313,0.42005630033246366
42,3085.9020028863333,-2355.9497787155397,5.631127960179834,3882.433583623509,-2.0218212238883995,166.9199530753853,1.1060981746782055,4.986502279064305e-09,-119.99989201312941,0.006575190764662579
43,-1670.7639437780533,1393.1214468028031,2.4465654482209693,2175.371122675561,-4.11610703303187,156.02069360925418,1.9593129783815315,3.097912412587903e-08,-119.9958340479532,0.04084900386088618
44,-2501.3780206385654,-2680.734710787776,3.96158773403617,3666.50113756373,-13.90852919890324,154.16341771678555,1.732668399983193,3.392693049486566e-08,-119.995003986252,0.04473597475323909
45,-3421.8542731453167,-3530.7381996490617,3.942650447041275,4916.828134184066,-12.185685137310433,160.34642391436807,2.1180774194000054,2.0352634551923812e-08,-119.99820139561828,0.026836938449664793
46,-3113.900574562385,-3762.9541699825477,4.02109438517091,4884.28099863726,12.962059595094088,185.39321512002942,1.7709904601607538,9.518214018923692e-10,-119.9999960654502,0.0012550695740392317
47,183.93914434280072,-4530.32574447387,4.7529684397632215,4534.058332207945,0.18506465077340173,171.48524633488879,1.27206338924933,3.3903648500404514e-09,-119.99995007998709,0.004470527516735771
48,67.71442744114748,-3665.6893964276064,4.730859374234759,3666.314770278934,3.1678725780607087,171.23904684652774,1.1328698617595068,3.1061875945860786e-09,-119.9999580977274,0.00409581202258355
49,2960.9758831571708,-2944.095820282238,5.500645706344092,4175.533304817689,3.064903057113453,173.11295445180173,1.540239018157382,3.4036147603808882e-09,-119.99994968904136,0.004487998818908602
50,1777.3240167156687,976.4156982061455,0.5023625102440513,2027.8728451502361,-2.789627482386452,156.2799307803165,1.1597793520468473,1.7798312737447324e-08,-119.9986244600771,0.02346881541179194
51,3458.680978804948,3429.5535555486954,0.7811696125975147,4870.760895745536,-9.224924427317175,163.1640970203616,1.6977608012590595,1.1794285900827501e-08,-119.99939591589424,0.015551919038822321
52,-237.1534437647416,4043.8279380098784,1.6293750112220098,4050.775993327538,-1.496317595626006,168.0906534397778,1.7535114444058182,6.908375458227539e-09,-119.99979273507509,0.009109368444986035
53,59.26951694628381,1169.737946623636,1.5201705664020162,1171.2385493187653,-0.5993403470250577,150.12638025643295,0.8241163085111913,2.5684404189873347e-08,-119.9971359533174,0.033867397982380074
54,-4251.341335407943,2095.8696572660097,2.683568585497276,4739.891641208323,-4.273808339003982,167.70121920198662,1.6202065828646874,6.675893999159187e-09,-119.99980644985621,0.008802818912453115
55,1317.081150324397,-2407.8007052080484,5.212930538946792,2744.486653736945,0.4328141387129288,164.10208652294398,2.357696551641843,1.4702242513106382e-08,-119.9990613481463,0.01938634413101007
56,-209.7093797473621,-194.66745701388822,3.8898101740602695,286.1353574346892,3.3580532896257207,132.66118978729804,1.2179040643923091,2.8350034415308733e-07,-119.66426501010375,0.37382292042265486
57,547.7727116780695,4964.513077881962,1.4609031979474913,4994.641633202544,-0.3211767758433466,172.44960795015223,1.4538367676836155,3.4676499528447102e-09,-119.99994777815623,0.004572435480628231
58,1866.7893289369472,-2901.5603647105527,5.284092295169789,3450.2108556857934,3.332036064058354,170.47976644241322,1.5838568314874562,4.739446225039786e-09,-119.9999024483468,0.006249423203782047
59,2602.7686081446236,340.75461826522536,0.1301796652512151,2624.9796451424495,8.059175724705147,171.05171670157398,0.3709706597346552,1.0393306319011236e-09,-119.9999953087181,0.001370459049221476
60,-3358.0048415773535,-469.4724959728566,3.2804992747537876,3390.6637905477937,-11.204943967393426,155.67815459949864,1.901897048081925,3.128090248491011e-08,-119.99575252854191,0.04124692813089143
61,712.1404105643895,-4927.496535321421,4.855918954015077,4978.691200502741,2.966657518941528,175.68882225351635,0.3243423695393845,5.327979835583145e-10,-119.99999876715239,0.0007025462307781886
62,-932.2708687503875,-3028.6579537974126,4.413776608128991,3168.895387011211,7.77444332373721,173.62935297742038,2.295987417098485,4.780814079066209e-09,-119.9999007379917,0.00630397076367998
63,1070.787033055214,4391.555946334236,1.3316344007257142,4520.215536890113,-0.8720006381501372,170.3817024649749,0.6847987397134644,2.0724202593011954e-09,-119.9999813474146,0.0027326887238511024
64,2656.2306738567277,3046.1965628289217,0.8536778034838796,4041.642598267207,-4.5337867900913205,165.0188730032461,1.9434069024859222,1.0904859909488158e-08,-119.9994835852101,0.014379123913738634
65,3331.0170322825225,2558.3087874356343,0.6549384935582739,4200.073609024805,3.1479778183993963,173.28510245298978,1.4933855488569,3.2353168662447786e-09,-119.99995454143921,0.0042660815917006855
66,-4361.974237651121,-2390.472121435645,3.6429184950572027,4974.050282545716,-1.1188163949018262,171.5891726711253,1.2663988496362941,3.335123141159525e-09,-119.99995169349206,0.0043976859228227316
67,2618.5973491772743,1900.4082092900676,0.6277899093748264,3235.5221277338424,-4.7703653826794215,161.40082079115749,0.46339253868371766,3.9437374736674185e-09,-119.99993245442107,0.005200203421941992
68,2815.126388517635,-1507.0849354357904,5.791657287529373,3193.1554277776463,11.49251766089836,177.4633527802387,0.4007130122656875,5.366187044197627e-10,-119.99999874940738,0.0007075842247700937
69,-2823.935393422923,-2324.462024519789,3.8302781685433116,3657.5585859506496,-4.436840390310904,163.5979878776965,0.49590421339976964,3.27716572741206e-09,-119.99995335782566,0.004321263406539921
70,556.454540991511,-2480.526772651488,4.933064836524725,2542.175195778387,10.44537646245488,172.95070122899583,1.2831470332307322,2.888958895620974e-09,-119.99996375357115,0.00380937474544607
71,2215.6104747620507,4183.851183171977,1.0837794064220474,4734.294086641098,-14.747793961030288,157.20927223542503,1.3994633869829027,1.929736134314806e-08,-119.99838303984212,0.025445457554194275
72,-2034.0493001892646,-2164.469113517647,3.958044125836564,2970.232835818146,12.049034104172181,176.91983449833359,2.0079403306930588,2.8625895264363296e-09,-119.99996441223715,0.003774604154151888
73,-384.31418855840013,202.1597108493431,2.657340751724604,434.2418038581633,4.91377585254993,140.55751597771743,1.1691070090818705,1.0964238281844836e-07,-119.94810281533472,0.1445742010286894
74,4318.369182462912,-436.45864427449396,6.182457115863126,4340.369632209604,8.841030981705972,179.47759912312804,2.065442637784969,2.1934774900664953e-09,-119.99997910465095,0.002892314517880216
75,889.2996262491965,-2478.8098713460267,5.056847035926439,2633.5056870129342,2.737016778571593,165.77884897075052,0.6759105944740814,3.4749359593306155e-09,-119.99994755847653,0.004582042792502635
76,-2421.6368247683513,497.2300395771133,2.9390792285889997,2472.15748352163,-0.4731990919279218,161.60759863969722,2.134536032133892,1.773877227221509e-08,-119.99863364639015,0.02339030548735806
77,-4229.613623338471,-1165.0430400785874,3.410376291607446,4387.135362393774,1.0783189682776433,171.87778824896537,0.8367910579362327,2.131707524478172e-09,-119.999980264935,0.0028108647792578004
78,4395.129951386646,2278.6372133679333,0.47829521818147624,4950.692359632253,-1.8082696857989833,170.82817127779597,1.4694709354445483,4.224277468067402e-09,-119.99992250292522,0.00557012283179402
79,-4634.193304210866,-903.3062283712324,3.3341007874843744,4721.409717765138,2.69312201943991,174.60876422758997,0.9497273234932895,1.7666915074796224e-09,-119.99998644482665,0.0023295554747380116
80,3896.6989486814373,1594.4356029640323,0.38839158911582466,4210.283552048994,-6.115695378025571,164.05833478633582,1.6550619657313073,1.037283618187541e-08,-119.99953274281685,0.013677598615120478
81,-2863.439777973083,2496.418043913374,2.4245637835604343,3798.866990571638,23.665869707977937,192.27689585762656,1.3429777748778609,3.267563473500025e-10,-119.99999953630507,0.00043086018959842293
82,-64.3366164353727,4052.8582440119126,1.5866693747007505,4053.368863830391,3.156791518824719,172.75348904094568,0.5466734100847055,1.259080501871941e-09,-119.9999931152058,0.0016602207368144575
83,87.80251771760989,-3717.945266696432,4.736000463103655,3718.981888671677,-0.905533830712329,167.3824414600555,1.5976613442159542,6.829087140902183e-09,-119.99979746527555,0.009004819046901504
84,140.49850689922354,3037.3397792248297,1.5245721844630757,3040.5875690238636,9.047365463684685,174.27401158359407,0.5164477157360093,9.984487593828938e-10,-119.99999567052079,0.0013165523034544976
85,-4121.694006381852,-744.0023633541045,3.3201784564987378,4188.305265727485,9.888655169166942,179.98312971618682,0.41009791445027355,4.108952065632999e-10,-119.99999926675953,0.0005418055013796359
86,-4679.223751058588,936.8294909726359,2.94399474654846,4772.083864270079,11.309249020163783,183.38716444964206,0.3616985492320657,2.4489986421728766e-10,-119.9999997395278,0.00032292441381793336
87,668.5165026203861,965.6522649082342,0.9652600557066264,1174.4780163963032,-2.4296845635900883,148.3380197353294,1.9879454052247272,7.612082148187029e-08,-119.9749079561407,0.10037274514191953
88,-4401.476906183731,-149.75268156472936,3.1756028145214974,4404.0237080770285,14.718908855728472,185.5767796169466,1.1557498286427077,6.081698089200327e-10,-119.99999839367305,0.0008019313513094329
89,-4320.298392410075,53.6957633826832,3.1291645771206187,4320.632064231613,-0.7906067606684962,169.77668126282913,1.4707222538619635,4.771957869662701e-09,-119.99990110540232,0.006292292985746469
90,-1179.02827225527,-2399.4312572679614,4.2556625503711265,2673.4580649660015,8.761381906113604,172.03208314901136,1.5629636801242608,3.911512555571123e-09,-119.99993355375453,0.005157711716934985
91,-2525.706396682326,1660.452351372996,2.5600182589530744,3022.630446055576,3.2753798352671772,168.41198974768946,2.309505352422524,8.768382481386397e-09,-119.99966610755837,0.01156196955021937
92,2595.354746504412,-3933.8605378802463,5.295586098481525,4712.868021883749,-2.6826363973902745,169.20548140717145,1.5490282019469563,5.367663158074242e-09,-119.99987487371124,0.007077788648160807
93,3030.998573986458,-2592.74002716637,5.5755600632746685,3988.640520776297,0.0336572359110602,169.38566170246256,0.7271619386605422,2.4680164707164324e-09,-119.99997354674636,0.0032543210044084993
94,-2518.050998204559,1356.9140431951207,2.6473310243520487,2860.3839864918673,-4.966265915564194,159.33171898858782,0.9821233400737069,1.0606695048743145e-08,-119.99951143759105,0.013985964394500354
95,571.1925138580218,2164.368936967794,1.3127719798681283,2238.4713049754614,-7.381599592972186,153.189837083365,1.5493703601110282,3.3936213964626054e-08,-119.99500125331966,0.044748215915724636
96,620.7814208708726,4154.363230732729,1.4224650782832498,4200.4884746137,-3.5478918837083526,166.59073409905417,1.046591783498676,4.900502509610767e-09,-119.99989570575886,0.006461791660796108
97,2607.4798108868667,447.6386437626693,0.17001748880623638,2645.624939323844,6.158483126934494,169.27010585500983,1.4888447721614109,5.120874442025761e-09,-119.99988611490926,0.006752373598538209
98,-2095.353173062016,1059.863572622925,2.6733029204996104,2348.1515522712943,7.230021696544654,168.52856908584653,1.6998730561584086,6.367779784332599e-09,-119.99982390315375,0.008396540197151053
99,-4242.80306111855,-938.945119979511,3.3593854810940984,4345.456909666725,-5.314836077331333,165.3395376665704,1.0659443879834047,5.764447180639332e-09,-119.99985569133001,0.007600987173846672
100,-3207.787131913936,-609.8045575241032,3.3294523849061277,3265.235042389721,5.71637093641853,172.02650971347487,1.9184932987804746,4.804351796243203e-09,-119.99989975818974,0.006335007544963163
101,4008.1671585939544,-453.70587244049256,6.1704697413751655,4033.764121750071,0.36786182573723736,169.89086235785123,1.0991662706281347,3.5198185448579412e-09,-119.99994619505755,0.0046412248695052805
102,548.9157270861735,-89.51400145838403,6.121534011036978,556.1665505041041,-9.616673660952749,129.78862970681172,0.18143704572013242,5.878878443518348e-08,-119.98501613458558,0.07751875981424229
103,-1837.0131042484982,-4529.5957655587035,4.327100557586358,4887.929515096146,-7.438288791304912,165.00421699512592,0.8088834284296071,4.546477941971275e-09,-119.99991023025333,0.0059949756568448065
104,4435.674226319849,-701.3471112860921,6.126368426295262,4490.77873119435,-8.9754106453796,162.17898042665678,2.2904923399314225,1.7822959588107784e-08,-119.99862064838837,0.023501314694008468
105,-1217.6530054241334,2764.0807071852214,1.985744886619365,3020.4008007964735,-10.239258523473126,154.8861347354865,1.3890501336797483,2.5027137740766408e-08,-119.99728061496909,0.03300072791100864
106,1671.37279353319,1449.2196576743293,0.7143286499333671,2212.176446658955,-5.880962155133087,154.51086265870657,0.5225257855517437,9.830250703440777e-09,-119.99958034488958,0.012962146615464945
107,1577.1496956482943,-3596.1988289058368,5.125688952423204,3926.8367905360187,-0.39132300664534914,168.72330986004837,0.7806202928057956,2.8593962540805638e-09,-119.99996449159016,0.0037703935123577716
108,2060.8098984178123,-3830.1698276276497,5.2060086302721436,4349.383674256164,4.209866614125652,174.8779698865298,1.570492509683188,2.8322877572238655e-09,-119.99996516167073,0.003734648308966529
109,-3479.5669521672285,2095.819365218432,2.599467625307926,4062.000121398192,-12.180468836531706,157.44856185821115,0.7717043056937803,1.0351965846138283e-08,-119.99953462108462,0.013650079037044618
110,-3676.8253495988606,1776.9548708441632,2.6914061652893335,4083.7009274026886,7.670245453695597,177.38026603228528,2.211034054936246,2.9893869213276055e-09,-119.99996118973294,0.003941798915773221
111,3652.6683361166947,3413.4084317532743,0.7515507349024383,4999.334265243108,11.103476333581083,183.8885355491283,0.487753685680271,3.1172654230585577e-10,-119.99999957798116,0.00041104192224580144
112,1928.5979042161975,186.10297682002818,0.09619866583240651,1937.556242829711,1.508491763248951,159.8855259641195,1.2717698948402438,1.288641881438179e-08,-119.99927887136955,0.016992003058664315
113,558.7647606308077,4758.270989329599,1.4539014762201512,4790.966589908396,-4.633995580274752,167.5039474729365,1.6754334990690003,7.062034273418092e-09,-119.99978341263198,0.009311982615401997
114,3880.9966272704055,674.0831112346082,0.17197251185840956,3939.10178362225,4.5813272068474085,173.74336237854487,1.4537154433583526,2.9875231908314236e-09,-119.9999612381101,0.003939341404904778
115,1285.4201993905917,-850.4657501443445,5.698681425408902,1541.2972072802606,5.04221810008688,159.94137487563685,1.2848577511890518,1.2935591880122798e-08,-119.99927335784561,0.017056842553291218
116,-3501.2381384321075,-1834.8690246863232,3.6243047543198057,3952.899295424166,-1.7657417034005094,167.44944263159843,1.3750463185125255,5.8323717277690784e-09,-119.99985227046972,0.007690552329939451
117,3658.3354846340503,-717.7723633537838,6.08944442220632,3728.0847205672685,12.856281338628055,181.18141647080455,0.7546206742579039,6.586548222596142e-10,-119.99999811591726,0.0008685007771087473
118,-1577.572593140642,-3182.837445770454,4.252227621479007,3552.3498550715804,6.090427476094401,173.68161113193514,1.3204633214594115,2.7330387272636367e-09,-119.99996756049185,0.0036037787597965505
119,2914.8907386798396,-3326.6015178646176,5.4319190511696425,4422.992841628921,8.718380833347997,179.6415821834961,1.828317399070324,1.9053399915399027e-09,-119.99998423374709,0.002512377056060679
120,4553.92768659984,486.37790413814116,0.10640069520630696,4579.827599420571,7.549665755514206,179.00251837725537,0.8512726963285574,9.54866781764069e-10,-119.99999604023253,0.0012590852051342699
121,-3543.794190306055,-1055.3266559747387,3.431025925566171,3697.592678224276,1.0657614204731796,169.26606187944677,0.3937969376132595,1.3550934326847442e-09,-119.99999202515238,0.001786823172878518
122,-1622.6470280851922,3709.402611420463,1.98315775296285,4048.7839052444697,5.850794139829431,175.43028813915774,2.043601976415809,3.458453231168738e-09,-119.99994805478738,0.004560308703972998
123,4507.943147051548,858.8724048068909,0.18826786418661412,4589.031839591853,4.829881339382113,176.31325189478878,1.1481971367842905,1.7553101527659926e-09,-119.9999866189137,0.002314548045840085
124,2956.2681339145342,796.0093869772853,0.263023446704139,3061.560423012173,-2.854824807876088,162.47630749368247,1.720690356205846,1.293860188363019e-08,-119.99927301966753,0.017060811537191314
125,598.068190035388,1883.443813409035,1.2633267374196178,1976.118963575061,2.03925084610329,160.715841923316,0.18635154907277776,1.7160933606007688e-09,-119.99998721014875,0.0022628368713065684
126,-740.7866201059488,-2818.4580272759013,4.455368199030215,2914.1843572505772,-13.12691173284431,151.4543171332543,2.3872792475442433,6.385389093150412e-08,-119.98232842878024,0.08419759792416676
127,1264.6358919495183,-2805.109614125037,5.135935387150692,3077.00241898892,-4.373654966680683,161.03395242477762,0.5379579260134697,4.775850124696595e-09,-119.99990094401129,0.006297425304538345
128,-735.1458056517945,-1553.8481819887263,4.270481376011496,1718.9774658898516,0.2344437785932981,156.79203327587214,1.6416368770061402,2.37506464887501e-08,-119.99755086502739,0.031317549397951755
129,-1544.175605580159,1878.974936412806,2.258700126094818,2432.0824641727013,10.133432514247419,171.96580596107256,1.8055584644182405,4.5532474967008784e-09,-119.99990996272874,0.006003901976587173
130,1466.9279446748333,-2807.7832968137127,5.193835301202842,3167.889618773674,4.063861274848106,169.91394577320042,0.5173825225114389,1.6523972565134815e-09,-119.99998814196715,0.0021788473307626692
131,2882.563624741528,-4080.0270951854454,5.3274680551207245,4995.5774589260855,-4.675086697757823,168.09854578124137,1.1713564707195352,4.6106461385270285e-09,-119.99990767840924,0.006079587697462908
132,-4060.768457233438,-11.739390365860636,3.144483573814821,4060.785426065775,-1.36653252684097,168.25795200776213,3.043379709035483,1.176138699992555e-08,-119.9993992810175,0.015508538621593543
133,2989.9914682887434,-1833.8001353137627,5.73303442420386,3507.5449985304895,-3.448579837141187,163.94966703243603,1.9689728479111435,1.2495578743368866e-08,-119.99932194775296,0.016476642214215555
134,-1328.5881905613592,-870.4817249912929,3.7216098536173305,1588.359220593038,1.371193883067767,156.72753245338936,0.9608338894101633,1.4004631631689726e-08,-119.99914830302332,0.018466475981329885
135,930.0562880956365,-3641.2408114756386,4.9624650011913936,3758.1430715423808,2.9170625766527096,171.36426148426182,1.040946566012391,2.8132955717983602e-09,-119.9999656273261,0.003709605255695535
136,-980.6243658355936,-2349.4006813840565,4.316978782130987,2545.8412575332204,0.5512599205133759,163.07848920478546,0.6081543373374367,4.26667288840343e-09,-119.99992093959136,0.00562602533833208
137,2719.7033827995883,-3026.772851614175,5.444401784613369,4069.1694958160847,13.866152474224684,183.52198785379497,0.361245298216872,2.4082568849290806e-10,-119.99999974812219,0.00031755221481001876
138,-1255.7914290296171,4836.479250521329,1.8248364401695514,4996.853375270041,-20.18146540746218,152.59604887375139,1.282431158111713,3.0076799275585303e-08,-119.99607308784857,0.03965920032920301
139,-3843.174590031692,1888.986892206342,2.6847541839715467,4282.319746164762,2.096781224330469,172.52868249821344,2.228136063915172,5.266324102457496e-09,-119.99987955370227,0.0069441631958295415
140,897.9713138711644,2286.586899970026,1.1965879996359066,2456.589532593925,-2.7250951721030567,159.25967879625077,0.5622013632806223,6.122206224576757e-09,-119.99983722335926,0.008072727449901108
141,3325.782292087451,-1202.550799243952,5.936227866958113,3536.5175355319143,2.0682568749060586,169.59154350226734,1.1577559922598766,3.837424662441913e-09,-119.9999360470123,0.00506001958657705
142,1387.3773556902288,4722.134189470141,1.2850344732268242,4921.724009983172,2.5125046136130056,175.05974166778202,0.681074724322855,1.2028394957015597e-09,-119.99999371653274,0.0015860614717281066
143,1421.6625375985793,-2002.266047002665,5.329812684395303,2455.645270349712,-3.0832933338018664,158.89563682755693,0.5962674835286114,6.771100893166986e-09,-119.99980089006714,0.00892835851018689
144,-1333.7428148353674,-3553.1544581380317,4.353295143706932,3795.2307570833077,-12.9908504313271,155.60561918483407,1.7821200368943515,2.9556703426861733e-08,-119.9962076652244,0.038973403105039654
145,-2697.310411994,-3314.9089190608393,4.029355648340523,4273.652372423422,4.846929995965188,175.24803481940708,0.8938654693265147,1.5447934506195842e-09,-119.99998963606615,0.0020369611927122397
146,1295.075469644476,434.13357297306635,0.3234464635782503,1365.9035219433401,1.205645082144543,154.26847902478255,1.2194563397935472,2.3590780223042676e-08,-119.99758371531776,0.03110675009715252
147,-4103.953505060587,-2683.7111999180756,3.7207278555563397,4903.543634583544,6.276097509690302,178.76708213178023,1.7600643759105201,2.0284973571727136e-09,-119.99998212968079,0.0026747720832341116
148,2663.6635299572886,-1586.268372079362,5.74606547543289,3100.217855100482,0.13747301651560687,165.65933355055233,1.8961576095825778,9.883431480501381e-09,-119.99957579223661,0.013032270669284104
149,-630.4340879384426,1836.927113578478,1.9014007847891412,1942.098957271368,2.6784349067981146,161.09106540760558,1.1007160697159784,9.707827184194816e-09,-119.99959073187595,0.012800719236497704
150,4950.846273228035,502.2399678178964,0.10109941335358998,4976.256002901142,7.4951659981390435,180.2098940781928,2.933055635540672,2.8630280109813483e-09,-119.99996440133387,0.0037751823388933164
151,-2594.9029331234565,-1038.4892713458935,3.5222744611673567,2794.992164395679,21.37661326130401,185.32306714899264,1.8093031050434525,9.802976714955748e-10,-119.99999582650359,0.0012926183195182317
152,4373.293233217444,-412.8114771519284,6.18907043903393,4392.733433680428,-4.97717428029786,165.84167852762147,1.3924554592419653,7.1071811632006315e-09,-119.99978063460695,0.009371513203405077
153,-304.63240617329535,1369.5473793041554,1.7896660348277482,1403.0185055977743,3.76596948082204,157.23632153089505,0.47025604403210874,6.464252462508919e-09,-119.99981852706773,0.00852374885506151
154,2635.707050716599,-1535.842058855608,5.755579120623907,3050.5347870409582,-8.148268616174624,157.12802382239445,0.8710711636773654,1.2124181963802014e-08,-119.99936165231888,0.01598691925042868
155,-4409.408624495031,1005.0368156435368,2.917491084745396,4522.497475794769,-2.021518666014867,169.23985606669507,1.0665391172798893,3.6811539905142756e-09,-119.9999411496108,0.004853961427702805
156,4841.597008663465,333.69478062847276,0.06881363667169557,4853.082917169013,11.161895106393404,183.495648081983,1.3540963558851975,9.054556128388617e-10,-119.99999643943873,0.0011939317481806377
157,2580.4541156803416,3228.3156063775095,0.8964707449847047,4132.888227077065,1.7737343690413956,171.6657455440369,1.9726050265837083,5.149355294538243e-09,-119.99988484461012,0.006789928387031143
158,-584.9194881865692,2320.5312457756586,1.8177154578090349,2393.1143036389985,6.515778055128196,168.10263161763626,0.608935097951655,2.3957385757817103e-09,-119.99997507346473,0.0031590155336260386
159,898.9589491657757,-2242.1376771610576,5.093704005939792,2415.6383329526834,12.34475963004193,174.0740096463398,1.163744683594064,2.30227515939568e-09,-119.99997698040832,0.003035774881589165
160,3372.364079684627,2800.3130698659565,0.6929874187369202,4383.445308796408,-5.242544693769026,165.54413411102055,1.9115181707489741,1.0096520355597898e-08,-119.99955730397065,0.013313249183917386
161,2740.6507743974566,1200.212157387357,0.4127709853767221,2991.9351413334134,3.5110298211140747,168.49248900977983,0.7900399837232661,2.97183450530443e-09,-119.9999616441479,0.003918654339219502
162,-1492.627804016264,2827.538598068979,2.0565057613612634,3197.328929730612,8.610290013463002,174.6009791895113,1.2810812793268636,2.3852160626792446e-09,-119.99997529194687,0.003145140571357826
163,-4093.6028043128044,522.0741270869468,3.0147432856163894,4126.75966269557,-10.904127080672753,158.9653271820695,0.4475283917893918,5.041435713910082e-09,-119.99988962079556,0.006647625869121596
164,609.6534587857127,-1348.7754072583389,5.1369091566470795,1480.159599176481,-4.135581472592003,150.1483507106798,1.6140466807282305,5.0176291013093914e-08,-119.98907968182996,0.06616234522933476
165,-3660.532855835362,1852.362889479975,2.6731275893962896,4102.52959318672,4.496770067578154,174.27671342730002,0.6986200377288364,1.3502225799986106e-09,-119.9999920823801,0.0017804004774087173
166,1319.302324022249,544.6148052547983,0.3914963356541986,1427.2925097096352,-2.69880854115035,151.0322790651353,2.489135751616952,6.98931524711626e-08,-119.97883613672448,0.09216095469784412
167,-3316.9584404929537,-3592.8425015593093,3.9668961059556738,4889.859971100236,6.8922756419415165,179.34078350564704,0.8202793928352795,8.849579314938521e-10,-119.99999659882175,0.0011669035513536638
168,-4415.161412635796,-1159.439116358219,3.3983982918227302,4564.860278712772,3.980875991455321,175.3839711859522,2.167875458897676,3.688380945367205e-09,-119.99994091831175,0.004863490874225896
169,-1533.960917986246,1858.6251126456482,2.260786887798456,2409.8803719824464,10.080703714887,171.77367874374258,0.492352645373235,1.2693820082885975e-09,-119.9999930020854,0.0016738042801605205
170,2956.395528599421,1516.6736422442743,0.47400488336225366,3322.7358394252715,9.342911395984519,175.91839802336187,0.2640437827072326,4.224312561961348e-10,-119.99999922500953,0.0005570169106524174
171,-4412.025730818412,-253.062544098221,3.1988873275437264,4419.277282614116,1.956684240478993,172.86711112440145,0.3024157742671566,6.874622962877485e-10,-119.99999794750562,0.0009064862480025034
172,1043.974326385923,-2108.548706189188,5.17212104723672,2352.840844707742,-5.234118039898529,156.09475431130227,0.9126455989093651,1.4307522852692277e-08,-119.99911106754948,0.018865867668644436
173,2964.26292453088,4014.0133819399625,0.9347097928135226,4989.905621967359,15.573352576697054,188.32971725385963,0.30319322250679004,1.1620735766962588e-10,-119.99999994135223,0.00015323076220042208
174,2335.7515193269433,-3747.6799466361745,5.269730799256537,4415.975559540275,3.5506412535674245,174.44970746515963,1.1143218508143575,2.111180050836383e-09,-119.9999806431854,0.0027837972983748532
175,-1457.4681338629616,2080.091619464634,2.1819751478094784,2539.880805587732,-6.532123494290707,155.95947633992765,2.1004036516328988,3.3444826525382254e-08,-119.99514488603879,0.04410027353616288
176,-3087.295202783574,3285.646386727039,2.3250805735339983,4508.532338549089,-2.0979966773083385,169.11636801443623,1.7520512139680542,6.133782838722666e-09,-119.99983660719298,0.008087992347450203
177,-4454.2794576944725,522.1780314369255,3.0248946628012634,4484.782646210885,-0.7305642086153824,170.40351786179465,0.7864743897112685,2.3741529386678475e-09,-119.99997552061677,0.0031305527607528934
178,-2700.741677195792,-13.699641484641571,3.146665157969417,2700.7764230160087,-9.275642444877334,154.1495928076415,2.376739862851898,4.6612458517706347e-08,-119.99057422741882,0.06146308366299415
179,2547.0417480925494,1766.2421929772743,0.6063154149579058,3099.5214389933685,10.784373755074991,176.30281939113704,3.9293679995147226,6.014253566492938e-09,-119.99984291311576,0.007930381316132431
180,-3144.731008464744,-1300.7502261396176,3.533792210993367,3403.1285997449395,7.758000317101711,174.69687601892701,0.7912466204203998,1.4570285681443009e-09,-119.99999078023217,0.001921234614758792
181,2104.666904043132,3668.516704012806,1.0499316083623047,4229.3779193393775,-10.551346040961487,159.6914643081127,1.7069900934085698,1.7687146998448456e-08,-119.99864158659248,0.02332223251670713
182,-3242.889671242011,-183.29877802554918,3.1980558589273533,3248.0658647684127,-3.129973580696064,163.10002844951336,1.0581964212531791,7.405678699735928e-09,-119.9997618217312,0.009765111388197183
183,-4017.4553938768213,2516.764066520586,2.5819461128747765,4740.6802474243295,14.74547094592069,186.72302724923674,0.5232963086345356,2.413216625973809e-10,-119.99999974708365,0.00031820620515610426
184,3738.7037955678184,-1683.30660700805,5.860133458218464,4100.174045597353,0.5335667529853853,170.30478005277624,1.1760064303486264,3.5906303197979183e-09,-119.99994400839725,0.004734597117738179
185,2648.3120219341727,4062.1521684096306,0.993052897972986,4849.1892935661035,17.491183950605333,189.81273684038428,1.2251137647975903,3.9585813787480907e-10,-119.9999993194447,0.0005219776562018102
186,-1772.7395154026053,-1030.401001202216,3.668109668398174,2050.446686151189,0.3320048607972825,159.56983479126538,0.39065009979772686,4.104839681838079e-09,-119.99992682326092,0.0054126324337119905
187,2393.625118110857,-2784.966690686453,5.422361393770674,3672.25825266746,-12.360597824844174,155.73519779047936,0.6256137059300508,1.0222246871675782e-08,-119.9995462105949,0.013479031887127867
188,1606.6103203633882,-1768.8038834698148,5.4497726204933175,2389.5321507935496,9.481414340246603,171.0454981524942,0.8048274759338797,2.2564612856412032e-09,-119.99997788744231,0.002975364810010821
189,-2380.4583915516314,575.0101083944897,2.9045784851277285,2448.9219625509554,0.8157728784571957,162.75302906498334,1.824968442450218,1.3292415425329366e-08,-119.99923272021157,0.017527349282809176
190,432.17565875501634,-3932.081976003128,4.821859715141028,3955.7609212424604,6.83839241872253,176.06457674393022,0.8638270886118584,1.3589328017008757e-09,-119.99999197989834,0.0017918857562855262
191,929.5602677603781,3911.149860306372,1.3374562675118984,4020.0964567001747,-5.1190253279835165,164.3523843179158,1.002754658575372,6.075408331199218e-09,-119.99983970231838,0.008011019852246224
192,3160.3312546656625,-2389.0367403663536,5.635890216884685,3961.7155609706424,0.7851555478684108,170.03420381676258,1.121361453193069,3.532119857335845e-09,-119.99994581832001,0.004657445352655871
193,2715.063663796869,-1117.9786352636424,5.892574722428548,2936.2300535509876,-4.345581945841254,160.35020391107315,1.5792987776858864,1.5168900538124422e-08,-119.99900082270003,0.020001678360222548
194,206.55656930336193,3688.5653118548944,1.5148555901694285,3694.3442822971397,-1.9200923831136418,166.26684848733558,1.2019114803562432,5.841576373673381e-09,-119.99985180381641,0.007702689555464457
195,4818.824115795995,-695.1961322794269,6.139907103234938,4868.712717065295,5.517746299229088,177.90037459956667,1.5767507643613785,2.0079103586514746e-09,-119.99998249056728,0.0026476261129781084
196,-2048.481195461113,-3262.8057506570167,4.151758546330706,3852.5545518108224,1.1394583201185495,169.963799288281,0.8794140751750076,2.7925660114593896e-09,-119.99996613200292,0.0036822713037451727
197,-2236.850611980531,-496.945700719251,3.3602052734669856,2291.3872849828385,6.2304099744661485,167.15699050702136,2.160782330567942,9.478977545352508e-09,-119.99960979952829,0.012498958614000872
198,-1713.6776095758362,4217.184909735262,1.9567698178323154,4552.069805314981,7.11392071719171,178.47436575502888,0.49494919095833617,5.899868486710917e-10,-119.99999848828857,0.0007779553405483392
199,-790.1782545523816,-118.44980547308941,3.290387381053779,799.0069025884953,8.150153857359486,153.06255552181025,1.1781936679291856,2.618719054389196e-08,-119.99702276402905,0.0345303709454972
200,1843.7843319429119,1273.1872679534747,0.6043415297610412,2240.657600347943,6.5459062919079685,167.13218172993493,0.9749739748737569,4.289275448801831e-09,-119.99992009974054,0.005655829023976275
201,-3290.0700741222017,2745.312178480327,2.446211274954689,4285.008757277734,5.206305694333335,175.64774875137792,2.3712642285394914,3.91374487820034e-09,-119.99993347789098,0.005160655252566564
202,3047.9802537992223,2940.936816127003,0.7675264781287932,4235.480254233421,-7.144277814621371,163.12044840762135,0.3483783766915874,2.4323651411677447e-09,-119.9999743054765,0.0032073112409154282
203,398.1437282927273,-1840.5787052903372,4.925421152759131,1883.1485333735857,-9.748162400428754,148.19593084496438,1.110731698236851,4.323272633073626e-08,-119.99189031451502,0.057006576352028174
204,4258.106126093035,1621.5123124492782,0.36385111053130964,4556.39879296091,2.6999255881850734,174.07481914607465,1.1998628714226938,2.3735077680454237e-09,-119.99997553391935,0.0031297020402115626
205,1076.899174473356,2519.8501478484022,1.1669230634054888,2740.3205286230677,-7.006233229962388,156.63994758869526,1.8011931535527042,2.6519352011980243e-08,-119.99694678450507,0.03496835831522536
206,1835.983828400445,1875.5785302744007,0.7960656926284786,2624.6202470784674,7.656668198851265,170.6471278891533,1.886717848130427,5.537969548672711e-09,-119.9998668078043,0.007302354274316742
207,-1115.0805175943658,-635.3403301152601,3.659488178613399,1283.3790927818197,-4.08788268210924,148.02767399187275,0.9902006154307735,3.929519898572823e-08,-119.99329917599204,0.05181456159186219
208,-1804.3964888461767,4311.158655730374,1.9671834153967658,4673.535668403456,14.190111630196943,185.95083935826912,1.6047386324582131,8.088394776170836e-10,-119.99999715875391,0.001066533928130542
209,2781.2422695843134,-3693.7191302104884,5.3577851705820585,4623.728968592929,6.056927628799367,177.65479361350015,2.5664559498564934,3.361972322966219e-09,-119.99995091258926,0.0044330891939683825
210,-631.2196282522895,-4957.355691321962,4.58574058739512,4997.380680854042,-1.8801236819956062,170.8989945653952,0.625253555852132,1.7828156673271381e-09,-119.99998619626844,0.0023508167558894204
211,-92.37048378646087,1193.0741826974238,1.6480644326351965,1196.64460542555,-2.087400793205518,148.96451383588274,0.2690055045151805,9.583749972849735e-09,-119.99960112637736,0.012637111302823129
212,2419.445547035117,-3889.6002967336576,5.268849245837025,4580.68850975687,0.25014199563084366,171.70585168375976,0.684923166811617,1.7797101275533336e-09,-119.99998624431674,0.0023467217980818723
213,-3009.6741773326585,-1583.6550795986207,3.6259706754103633,3400.8972440874377,4.47162409422338,171.40053002441144,0.3748697500015194,1.0089134119664812e-09,-119.99999557929146,0.0013303509709717855
214,2804.522311091908,-3485.1839589437086,5.3899883038002265,4473.460922048033,8.466313455298998,179.56197420531288,0.9438421399535492,9.926602999417208e-10,-119.99999572057516,0.001308919653767558
215,57.58227051096238,3087.221685494743,1.5521466798508448,3087.7586455657765,16.718206817678485,182.17885701449308,1.6970710075902404,1.3205570356947814e-09,-119.99999242647158,0.0017412835569664733
216,2227.4121252113123,714.334442709116,0.3103391672515118,2339.153366408222,0.8255026881585874,162.06569016414122,0.7722094186323926,6.08766276710474e-09,-119.99983905501956,0.008027178524053201
217,-3039.6309163677893,-790.8971622469861,3.3961434781528888,3140.8397649337703,0.9961899266320495,166.71592532495353,0.5255391462910997,2.425542032640071e-09,-119.99997444942701,0.0031983143052545728
218,-3414.943240701479,2539.8342887059857,2.5021091677635883,4255.889513521159,-1.6931068573764463,168.64468828306678,0.9410226490121392,3.478288991218935e-09,-119.99994745722468,0.004586464092859452
219,-576.6305462384437,466.0108583355004,2.4618946981811245,741.3965922108328,3.3954852497966117,147.17038881490055,1.5391132907876697,6.741416314833391e-08,-119.98030746581682,0.08889216491515521
220,1132.541101735824,3530.7012346440874,1.2603955588805726,3707.8970529719777,-8.365780935961105,159.87682050917394,1.0400576956340888,1.054912421992241e-08,-119.99951672652386,0.013910051628238248
221,-157.33314993388427,1091.4719507456787,1.7139578790645214,1102.7532540567247,0.9898808392874494,150.79975609196148,2.2831315122504634,6.584808112187073e-08,-119.98120982990584,0.08682713265389712
222,-4485.144759895862,2153.2151014947767,2.694010051818513,4975.224496495256,-5.766933156932281,166.94464379119464,1.8410590076727251,8.276286547622447e-09,-119.99970253184814,0.01091309295136622
223,1671.7343199100992,3344.689761076723,1.107294765470382,3739.203823572171,10.03199195364105,178.40239489666268,0.9166865652962077,1.1017958231788001e-09,-119.99999472786781,0.001452825510884646
224,-3332.5230187432867,-691.1206264028345,3.3460805220682714,3403.4331770571484,24.592065930272852,191.53230198663988,1.5734183964021542,4.1708937269425763e-10,-119.99999924448599,0.0005499731150013229
225,864.3088712296674,3855.489504172187,1.3502661557342215,3951.1807275380606,-0.012759162851367556,169.19581522903573,1.9423929688694341,6.7382378344058706e-09,-119.99980281806512,0.008885025354324942
226,-2936.4456123744462,1188.2959180486416,2.757065599999924,3167.7689346422035,16.203137550985414,182.0526429664162,0.2343164777796492,1.849995543124362e-10,-119.99999985136343,0.00024393999900268313
227,3469.582501429009,1908.3373210285422,0.5028580245489007,3959.7669205463058,-6.313202887693373,162.92836699995357,1.7132180789529774,1.2229094434953733e-08,-119.99935055790314,0.016125256600500872
228,2718.2145794110234,2457.1675876112063,0.7350007367317672,3664.200192856515,-9.205099849126542,158.85730498724269,0.10319953722598697,1.177097671085693e-09,-119.9999939825982,0.0015521183593002964
229,-127.22234754240912,-3651.962272417045,4.677566353540525,3654.1776044510575,-8.684456381735425,159.33631449726647,1.448247873069193,1.5632454543233304e-08,-119.99893882844367,0.020612919635717604
230,544.4369334328362,-4915.688391847805,4.82269439251991,4945.746044858452,13.948576004853054,186.56982251048078,0.951120909920188,4.464209877005764e-10,-119.99999913448724,0.0005886497170179121
231,698.688402613739,-1147.6933547193107,5.259236593446902,1343.638909980581,13.28636827420503,166.09939136506813,1.8714577238291938,9.272790600850242e-09,-119.99962658948276,0.012227080969629336
232,-4438.728925437267,534.5745205788221,3.0217357680608408,4470.803550992322,-8.665795699851227,162.42083292531538,3.5415225646156276,2.680083758895605e-08,-119.99688164813313,0.03533952456814931
233,-3224.658001244439,0.04733122546143222,3.141577975684279,3224.658001591801,-2.572135084104245,163.54792613545317,1.4562742490437046,9.679364916766929e-09,-119.9995931281027,0.012763188954255794
234,3371.0011589844285,-2114.89761752745,5.7228765934927175,3979.502575259582,5.1455892484375365,174.46272997441545,1.8584322086263045,3.515687176815245e-09,-119.99994632128916,0.004635777256834209
235,1055.1422627358684,-4763.381514779094,4.930380243431036,4878.8450118804285,22.03046786551102,194.4446967062519,0.9483402311345493,1.7977501744709555e-10,-119.99999985964011,0.00023705093636435762
236,-1348.4550964718005,-3887.656579902186,4.378518232465731,4114.8760407158725,-2.156209435450759,167.6694101244574,2.27681019058252,9.415780383621414e-09,-119.99961498495449,0.012415626977733147
237,3061.5190209402845,3455.2875388842754,0.8457483279375353,4616.482502073209,2.720410244161821,174.29443509974362,2.0571348906505986,3.967719987398738e-09,-119.99993163041822,0.005231826710967973
238,-904.2851137424602,4460.841009606745,1.7708023288177586,4551.574901056285,6.962131343210088,178.32092370305907,0.4128052976321467,5.008400807665953e-10,-119.99999891061245,0.0006604066115552476
239,-2705.8088054030645,-2148.2431328706743,3.8126260142181674,3454.902292297536,2.936603623857773,170.10498863468223,1.0604087824206678,3.313018677080916e-09,-119.99995233169643,0.004368539025873
240,2469.5617176838264,1371.1482488087058,0.5068414931405051,2824.673892268039,2.743305737967778,166.85032986700284,1.5655187151414602,7.114457190390216e-09,-119.99978018523464,0.009381107356601647
241,-812.7973346717979,2452.557169298443,1.8908131800583705,2583.7329923826824,0.43068917858861916,163.18248933204265,0.7254165041187272,5.0287838101113694e-09,-119.99989017410505,0.006630943097038655
242,464.44010472483,-4378.126203608534,4.818075655332857,4402.691638713809,-7.159419725723867,163.69385275737454,2.105945046666063,1.3764308454517923e-08,-119.99917728016544,0.0181495863768252
243,328.02583177994757,-4100.426390551592,4.7922169597656055,4113.526167492663,3.502268302611418,173.32290062760114,0.5875587360444755,1.2673782697816158e-09,-119.99999302416057,0.0016711621550418337
244,3981.2909591004727,1683.4954654483652,0.4000495723571122,4322.595826954027,-3.9356952947332977,166.6384998234015,1.5545981604244463,7.2392430573040545e-09,-119.9997724068178,0.009545649721925953
245,303.6751132942438,-3859.747156405478,4.790904701890744,3871.6749199557607,5.647060954597668,174.54665500991698,2.0120078587340724,3.7696143515812735e-09,-119.99993828722577,0.004970605062173496
246,-1047.8818701461128,-4840.291375703364,4.499187670438497,4952.421328551245,6.879785402015489,179.5215339606207,1.674970207394321,1.769825257219747e-09,-119.99998639669585,0.0023336876301441245
247,587.2719594890992,-769.7134396908314,5.36414237967925,968.1668934862715,1.0596132440661785,148.89100429144935,2.4867253882513896,8.934651426250568e-08,-119.96546878701828,0.11781211409450253
248,-1324.0846213438595,-2487.241767705734,4.223197078277261,2817.724559906319,10.279569987636076,174.34915186982423,1.6783038910361603,3.216718138413546e-09,-119.9999550625856,0.004241557350734462
249,4106.377654253083,1453.312727688192,0.3401591865202895,4355.967782687281,10.60827179548278,181.29936793340747,0.5207217420946063,4.483707930367374e-10,-119.99999912691024,0.0005912207259780486
250,1976.8536275414608,-3710.4937538712243,5.201910534401363,4204.24953615282,5.6198394854972005,175.77206953141595,0.5569746288928489,9.062164392076578e-10,-119.99999643345255,0.0011949349721307445
251,3410.523922456474,2838.6147829437814,0.694134317841893,4437.2747617873365,9.728017368853381,180.7002216987729,1.7742853171796709,1.6368631573980644e-09,-119.99998836387235,0.0021583641023743307
252,-3459.7678882910022,-1555.2591425636765,3.5640531780712443,3793.2604499793424,2.481556763546701,171.07013303900086,3.189196166660519,8.916092829305239e-09,-119.99965476389173,0.011756740084980524
253,-2724.9178082785247,1656.9025299388816,2.5952706957032565,3189.122615327185,-2.9465902340310928,163.00503544487842,1.3824061304351511,9.781013961513344e-09,-119.99958453801125,0.012897223157560886
254,-1280.0203040183042,-871.2008263400513,3.7391896300256833,1548.3678046622838,-3.9584771996560466,151.01025050810898,1.4698809034314293,4.137801209462948e-08,-119.99257062920509,0.054560954303976915
255,2194.505316144733,-1273.6706417991613,5.757309154298148,2537.3392533062233,-11.827141632749758,150.64924027615706,1.751878195770501,5.14093240388482e-08,-119.98853709147062,0.067788219822334
256,-3764.0793210828538,3229.7879239625154,2.43244066601265,4959.820880755438,2.465748730571388,175.13019154597487,1.1154685581755723,1.9541043701582396e-09,-119.99998341639312,0.002576677656760688
257,3772.462204469721,450.56107315536696,0.11887113830466778,3799.2731363769394,0.6421069049365709,169.25475806827959,2.504268846654295,8.628653858513954e-09,-119.9996766638675,0.011377723700272159
258,3672.121965819361,-1412.4334065565943,5.915992778821877,3934.392946797525,5.139652113608099,174.2835058358463,1.216909238236004,2.3500813516374456e-09,-119.99997601449292,0.0030988120198737435
259,883.9106173113273,-224.08354425531638,6.034902277072699,911.8724769405621,6.384624774070313,153.3054516127757,2.0930210604775557,4.523775224024841e-08,-119.99112144389811,0.05965039903681541
260,-389.02934842017504,3643.516239502101,1.6771663768960052,3664.226305981627,0.8837658278323381,168.94627898964228,1.5650585645463178,5.5874885222578545e-09,-119.99986441525766,0.0073676498822541165
261,-3434.6410076697252,916.8359484276733,2.880737028185193,3554.904641181782,11.131832851961981,178.7339443659642,1.1398483410217677,1.3187116811295938e-09,-119.99999244762336,0.0017388502765595855
262,-2944.7852112282935,628.0305499449812,2.931471875838985,3011.0101813067754,-1.5369491970507663,163.54111171673333,0.29136573120371095,1.938129916776977e-09,-119.9999836864204,0.002555613778221216
263,4825.007587952118,-311.1233042471833,6.218793040532325,4835.0280179375595,13.32595890258048,185.6030568030335,0.9209792373285131,4.83166704932093e-10,-119.99999898613937,0.0006371025376645534
264,1039.9941315243427,2295.5147527149397,1.1454048768634517,2520.1142381917934,5.487089546059704,167.85993060052084,0.29821620201102517,1.2065204984244069e-09,-119.99999367801581,0.0015909152336946017
265,-3996.978098632416,-794.1859566452686,3.3377346302102042,4075.1153670392896,-7.6074632281746535,162.07056663126986,0.43434631953874586,3.422219127117856e-09,-119.99994913753585,0.00451253049532333
266,196.65564287772298,2388.9704302192104,1.488663354417774,2397.0509294417193,1.2367999103712441,162.8486371345193,1.6404682956040542,1.1817782281136514e-08,-119.99939350677236,0.015582901313403735
267,-2087.038750390304,4323.494547193075,2.0205248926268795,4800.868238687558,-5.469305497802532,166.70002011277776,0.6920291412026491,3.1998040020974427e-09,-119.99995553392026,0.004219254408376487
268,1704.6485207720107,1253.2163211099569,0.6339459112861436,2115.745194220367,-2.9241984307244344,156.79015234999326,1.707547118321693,2.4709563810019272e-08,-119.99734916973074,0.03258197563542801
269,1464.4270841365903,-2993.2066357252424,5.1673998632860245,3332.2413851494043,14.644166060295111,181.26307501815506,3.3777774837656653,2.9206350006854006e-09,-119.99996295436615,0.0038511427868153764
270,1739.9934997707312,-3407.6064198697372,5.184496800619096,3826.1415148922347,8.266537624918067,176.98630671096925,1.2139982829093696,1.717523693459652e-09,-119.99998718881967,0.0022647229050187373
271,1844.772762999937,2896.908076223636,1.0037512528834411,3434.423233848174,-3.752840280740023,163.32517626412564,1.2557625970715691,8.563449288354225e-09,-119.99968153196497,0.011291745099735252
272,-3392.027982729947,-1810.3602126438948,3.6318434063817358,3844.9002503507213,7.82225072848743,176.61636150436362,0.39636912858473616,5.851695872619197e-10,-119.99999851287413,0.0007716033104166099
273,1371.6581438762307,-3529.0506356308106,5.083095545116066,3786.244108943349,-18.080831330975624,150.4796031137131,0.8465723748960806,2.533284331010728e-08,-119.99721379628157,0.03340383059175447
274,-2941.2201037981754,-3571.1063602039217,4.023413037222119,4626.399932439418,3.0931242207973266,174.69976834722112,1.0159947233530797,1.8702645197001586e-09,-119.99998480888604,0.0024661266172560778
275,-3410.960112336293,327.8839346725482,3.045760521598426,3426.6830554583785,4.4184183083819,171.4621391779797,1.3823690824841186,3.6941714967539203e-09,-119.99994073265752,0.004871126282347554
276,-874.848247969901,1422.8423145487527,2.1220704106396835,1670.281326317952,-5.0288183475241315,151.09195162660396,0.676908048594555,1.887696178650353e-08,-119.9984527120693,0.02489111963803152
277,2043.435767698179,-154.9417844443502,6.207505967853535,2049.301513510163,-4.197752312235098,155.0315858889053,1.6485128154571622,2.9208754147226775e-08,-119.99629639054511,0.03851459796227812
278,1910.7269325217105,3851.5915178571304,1.1102835041810508,4299.492369000417,-3.701136416300968,166.7915980433261,1.5735239012860696,7.199352559440164e-09,-119.99977490806195,0.009493050200563324
279,-1057.6970762248843,463.06752582750494,2.7289242910383424,1154.6231586672232,-0.6617938111599337,149.84674850333928,2.2499990255474858,7.241772958634298e-08,-119.97728368876152,0.09548985644167876
280,2903.0609354233748,3310.793519469363,0.8509209275663564,4403.307452738404,1.0714066655148362,171.92680509981187,1.1312052083907866,2.865504805293397e-09,-119.99996433971495,0.003778448234339695
281,-344.7155155945644,-1335.7610529561414,4.459832608896842,1379.523967637433,-9.98546434230327,143.22819248937301,1.0497667376974684,7.239076787602935e-08,-119.97730055642813,0.09545430479069526
282,-2136.2824262437152,976.7931504938549,2.7127345203750317,2349.00563292842,5.720128916704806,167.02420402743832,0.6663761663166434,2.9683099938180567e-09,-119.99996173507145,0.003914006926247799
283,4355.144598585623,-94.01961776324448,6.261600486332801,4356.159336286251,4.326847839419947,175.01861239584827,1.0764207513567623,1.9100794922143163e-09,-119.9999841552131,0.0025186265510612838
284,-245.1214431141822,796.2005530848999,1.8694520436211302,833.0785332770733,-7.7193900444102415,137.82775105944606,1.0838641854645996,1.3918335887385624e-07,-119.91667296590063,0.18352686605686705
285,-1932.3387514385593,3943.4913355380686,2.0264177049741656,4391.4754882356965,-0.599991419580159,170.21450785870846,1.8537255738203011,5.7189993676298174e-09,-119.99985795782747,0.0075410597891488055
286,1826.2037215458301,60.464482490236726,0.03309729464655608,1827.204418293326,10.846274151767375,168.33195700994978,0.20639235764763192,7.908529912190705e-10,-119.99999728371273,0.001042816987350333
287,750.5855697024112,-1586.1582617254783,5.154375628194178,1754.786804339913,7.00476618620969,163.87575185695417,0.6204734472866441,3.971326630749907e-09,-119.9999315060673,0.005236582422833103
288,139.15975828595703,-4003.461144995475,4.747134853353731,4005.879001893927,20.714644969310225,190.1322019955297,1.773777856556213,5.524451041989986e-10,-119.99999867455259,0.0007284528801607049
289,3725.6304499007883,112.41735398476784,0.030164895971026794,3727.3261073730705,-3.2927570661367085,165.02928470105942,0.5792616412240476,3.2464635815044035e-09,-119.9999542276623,0.004280779625538777
290,-741.7009645091271,-3078.0853029682103,4.475934784080906,3166.1853156602615,-2.5032127342139523,163.33869190166092,0.55478641483833,3.777384751185183e-09,-119.99993803254523,0.004980851093731101
291,-55.02936695873802,-2787.5368916114653,4.692650328604132,2788.0800120015906,1.8856425348534227,165.7944587607455,0.42888443546914307,2.2009863421596736e-09,-119.99997896134585,0.0029022156734745033
292,-177.66281336215562,1586.603161196556,1.6823086408656955,1596.5192345758508,7.878273504105946,163.3125020094607,0.7367501543587531,5.031472867088812e-09,-119.99989005662005,0.0066344888815613986
293,-636.6626993701592,-44.88451558070877,3.211975879831594,638.242910268663,0.4995109609286738,141.99715400850766,1.198708992160696,9.524804333343582e-08,-119.9607776290835,0.1255938571426274
294,-1369.9687051528329,4431.243546848681,1.8706365840943018,4638.18214655119,1.8754379352600061,173.52074400349443,0.8936620409748628,1.8842395317227098e-09,-119.99998458101584,0.0024845540368869717
295,400.3614377287776,1972.141854804919,1.3705097186301711,2012.3699402181599,-4.532960841581218,154.41994598142054,1.3840590426834176,2.6312209480016352e-08,-119.99699427908949,0.03469522063536183
296,3803.8332615732875,2253.178934708127,0.5347712889480633,4421.081631644424,-5.759363424715443,165.15726833382848,2.1583678280262872,1.1919609899846798e-08,-119.99938301082292,0.015717170983938624
297,-2724.555585188123,-1703.1220797955325,3.7002645048407348,3213.071420847482,7.766626085933765,173.83197243275967,0.9287649882278336,1.889327359836537e-09,-119.9999844976348,0.0024912628356709775
298,1187.3329997570886,-3040.7015308731598,5.084661578780814,3264.295552208247,3.3454900053321412,169.65125464279353,0.1147236171727953,3.7765053081607015e-10,-119.9999993806096,0.0004979691462123813
299,1712.6091836748192,439.93369485688874,0.25144266106118546,1768.211489578598,4.6481599179998065,161.63499027891166,0.15525558899309297,1.2861680862288982e-09,-119.99999281578353,0.0016959383650302624
300,-3101.156710690009,-975.0967738907497,3.4462348667295672,3250.8439923671854,-1.3912422834573737,164.85175527846934,1.6001745192697894,9.153339834129586e-09,-119.99963614755987,0.012069573455500436
301,4782.9205036835965,1028.433762816254,0.21179731385894307,4892.239216254387,-11.044710166817596,161.41119186790877,0.31562837330293414,2.6829738739138923e-09,-119.99996873808085,0.003537763356021142
302,72.19495766662178,2538.7891152473735,1.542367219972341,2539.8154034517997,3.8785431914502464,166.3697516114993,2.070088077370446,9.9426292074557e-09,-119.9995706956067,0.013110328659790449
303,1417.954082243643,3430.257739539356,1.1788203633920915,3711.7734223711805,-10.750002095993848,157.5084819978257,0.6906932160055445,9.201552121495648e-09,-119.99963230467564,0.01213314606990864
304,-3427.381619699345,-3327.0670412573486,3.912140277889341,4776.643158544904,7.025757454874448,179.1181884689272,0.8026252137712507,8.883894145531537e-10,-119.99999657239402,0.0011714282972492677
305,3013.734053350157,636.7438580975629,0.20821848999452583,3080.265521858032,-4.8394179657745715,160.58430052238046,1.0146344296705119,9.48625007048673e-09,-119.99960920058108,0.012508548149395065
306,-1068.2609476598514,2252.4941613767323,2.013638203630957,2492.9724024407874,3.776418317371176,165.98466286942897,1.5714740443727413,7.889946689830077e-09,-119.99972965463284,0.010403666078016006
307,2824.8246758978903,608.0831276205752,0.2120285053094365,2889.532754557117,2.7342800998148555,167.18637993636844,0.3659346681818735,1.599869500194432e-09,-119.99998888388903,0.0021095843486343886
308,1741.0065062143615,1386.0548627108496,0.672372281172147,2225.3655288794985,4.034517171270297,164.5166977218997,2.317834004491349,1.3779943723135956e-08,-119.99917541017979,0.01817020300709366
309,-3638.632228822125,1141.1080796611136,2.8376977036192343,3813.367559794222,-1.8836131256316477,166.78532331752334,0.9880362299650589,4.5238344550980215e-09,-119.99991112220421,0.005965118005642306
310,-91.27567109295394,4485.559423816879,1.591142300917067,4486.4880020708715,4.456435431099992,175.59629637804096,0.8931180923274199,1.482839233626155e-09,-119.99999045069048,0.0019552685005986936
311,160.35710319123595,-4377.455456698578,4.749005099642243,4380.391612164834,-6.368536566897181,164.40754935987,0.7731667764562246,4.654743089134198e-09,-119.99990590402686,0.006137733838015048
312,40.437636774075514,-4576.2799071820045,4.72122510605242,4576.458564364547,-8.099216657136362,163.3424501261347,1.416374268474513,9.639522512617385e-09,-119.99959647060288,0.012710652849157456
313,-3040.222409457806,1810.121908219267,2.604568810129879,3538.289646366559,13.059180916037922,180.59008234571368,1.0745297406215037,1.0039551757861765e-09,-119.99999562263524,0.0013238130518217971
314,909.0672664760096,-2150.354014890721,5.112354329793107,2334.6146757730294,-2.023214463638844,159.18745100291096,0.46758847322102165,5.134418285658851e-09,-119.9998855117071,0.0067702324804940475
315,533.0873315828283,-844.6056836453554,5.275410787244146,998.7696751204145,-12.93172276054084,135.37269748300625,0.8687856942680728,1.4800547699293015e-07,-119.90589211907853,0.1951596912988886
316,2403.7379240168357,-1957.4132327416824,5.599773104201101,3099.9068649023975,9.150920113193212,174.67125579195337,0.8519690030485417,1.5734791939924248e-09,-119.99998924759082,0.002074786149835888
317,769.2427569008861,-2105.333413723747,5.062697458999401,2241.464521688033,9.367533304258075,169.95928179803192,1.0700913780037367,3.3998266586458014e-09,-119.999949800967,0.004483003836423842
318,-2477.5370642266344,-4149.259580820717,4.174102044225241,4832.65402999731,2.743828528188938,175.0134612791396,1.269328133345232,2.2537245830325505e-09,-119.99997794104716,0.00297175620006521
319,-2266.6968061569537,-2474.686542524352,3.970829600540958,3355.888540281585,0.9022532362690215,167.62864979271518,2.1881047192842096,9.091501467781508e-09,-119.99964104699791,0.011988033523789023
320,-157.6719116609459,-2579.960364814208,4.651350813045561,2584.7738616248575,-0.26537034106098084,162.49255209588802,1.8929632924740534,1.4207399335633043e-08,-119.99912346419906,0.018733845022739427
321,-2134.218591445138,-1815.7569952453625,3.8465411410786623,2802.1174960826565,-4.069689450098789,159.91546558630657,0.812415845160355,8.203611890204736e-09,-119.99970773291395,0.01081726431046011
322,2754.522859512517,-424.8047646417625,6.130169999410815,2787.0872378953904,-4.0085130305254975,159.89488973580686,1.3932117252099445,1.4101737755609214e-08,-119.99913645216196,0.01859451989938208
323,3951.3669429488173,-2414.9830845729175,5.7345882112334445,4630.92258805975,-7.156850851328764,164.46464546558494,0.34667247626442577,2.0734190736240576e-09,-119.99998132943088,0.0027340057581857436
324,419.1958706229557,523.4871776592144,0.8955825064644697,670.6444684935138,-5.768892595177207,136.48147261789234,1.4052081406542742,2.1070120832006158e-07,-119.81135216349725,0.27783014255621263
325,-4162.533983350432,634.7389457451288,2.9902697683033908,4210.651100696049,6.974981455445344,177.15033851580048,0.6453708242641605,8.959678007009065e-10,-119.99999651366639,0.0011814211402925686
326,2825.9899078651774,1656.04598088017,0.530065963367493,3275.470538738701,8.627913385932615,174.98562587212734,1.7875350451640797,3.184001556895595e-09,-119.99995597203093,0.004198417339438102
327,-210.3600657586477,2714.1978511157163,1.648145286402145,2722.3374758224145,-4.965452237135083,158.58064949614018,1.103904034195132,1.2998667823807531e-08,-119.99926625472966,0.01714001435171383
328,1748.7632158580811,1493.4668067490284,0.7068193035786628,2299.6990864022705,-10.426827835580822,150.55479068145291,0.4704324146433401,1.3955895364347507e-08,-119.99915421996181,0.01840221244809576
329,-1909.84730660889,-2540.9580146006447,4.067848748198726,3178.676511777265,-8.82722241078286,157.07453230995586,0.7608627460891741,1.0655644058567888e-08,-119.99950691809325,0.01405050844949664
330,691.9529341124445,2146.272012027498,1.2589200119825155,2255.057075250954,-3.6076815377004094,157.07596537583638,1.313552230491513,1.8392852049357272e-08,-119.99853104322612,0.024252773620196226
331,-1298.3589462562188,-4810.91395873493,4.448791032567141,4983.034123069413,-0.8034725829209853,171.93194563089548,0.6579645236239628,1.6657322581118696e-09,-119.99998794980426,0.0021964308340781304
332,-1439.611997709244,-1318.8634379001376,3.8832450857912035,1952.4045358936685,10.724125017657776,169.21720136908795,2.021514291852259,6.995467570487849e-09,-119.99978747639197,0.009224207909637077
333,3795.5955396392883,3059.773763170162,0.6784724297198144,4875.321628601969,3.680575550429342,176.08382313334585,1.4904748258519567,2.339556234464948e-09,-119.99997622885508,0.0030849336238846048
334,-4331.332048104985,355.9793917378125,3.059589909864058,4345.935875997637,6.270865677004602,176.9269147416278,1.7332728984888368,2.469000678884551e-09,-119.9999735256439,0.0032556187791001278
335,-3960.703092595087,-2469.3564573822373,3.6990867878317664,4667.428660548294,-11.170402454205458,160.57044972282245,1.6728674961086256,1.5665312279948183e-08,-119.99893436336652,0.020656245773941276
336,743.805833264553,-378.67934305214135,5.812275907526058,834.6527196701497,6.104576538321944,151.6804130609444,1.1324670569672366,2.951242689912125e-08,-119.99621901375876,0.03891502017448072
337,-1411.5704652360928,-3795.413585857909,4.356325887210919,4049.4068042173326,7.1286571868749755,176.71048954939894,0.44914204939949093,6.559326345403198e-10,-119.99999813145874,0.0008649113064638163
338,3281.9759219851344,-2389.596639680312,5.653850149674365,4059.7460576816393,3.7907761761797043,173.411369655498,1.909005897778097,4.076043285567561e-09,-119.99992784635451,0.005374661569924679
339,-4610.427607588996,-408.3559893943539,3.2299343792266497,4628.476783877502,-4.610201624493626,167.00326458733937,0.3352819795018149,1.4970868047812448e-09,-119.99999026630375,0.001974055316092819
340,-612.9946571179019,4054.2193910072847,1.7208588620919263,4100.299662228917,-0.5360225264304884,169.23565645654293,1.459281977960265,5.03913967336317e-09,-119.99988972131223,0.006644598315186098
341,3226.621146491691,1545.1161189415232,0.44659714884177365,3577.494632281126,7.877098989539393,175.57549674098863,0.7584101523023066,1.2622032698353139e-09,-119.99999308101216,0.0016643384116742806
342,-1912.2684875620089,698.7879565047657,2.7912440849964417,2035.9458186992108,-1.9951251291400331,157.13482551168974,1.9833134097668141,2.7583544512934292e-08,-119.99669691848038,0.03637160016943529
343,2514.330190911937,-64.63396389681732,6.257484731798682,2515.1608016626437,0.5934414714342884,162.93637600480963,1.4537967507059222,1.0367759004964238e-08,-119.9995332000957,0.013670903860988497
344,2712.1621965377467,3313.4658153826094,0.8848599094930781,4281.924741286049,-3.761927101644117,166.6685720181123,0.6936967767250639,3.2191489773368043e-09,-119.99995499464288,0.004244762649507852
345,-529.841504277742,265.2223212437946,2.6774898134455856,592.5157376317081,-5.809869535973807,134.55775968708093,1.2696065736795865,2.375643002703332e-07,-119.76156480285276,0.3132517555861081
346,994.6769729391352,4771.995766574393,1.365298273288151,4874.559044334092,-1.709038874698601,170.69183093246951,0.8458104655734182,2.4699121580309176e-09,-119.99997350609331,0.003256820653466161
347,-920.7701484751246,-2461.520147944042,4.354437712690908,2628.0980014180145,-3.151497762684998,159.8590897693901,0.06463868617243614,6.569586451460433e-10,-119.9999981256086,0.0008662642017562787
348,-2212.0464421066713,1644.6724371713021,2.502259909213096,2756.464563100308,-3.2784176231275217,160.4570499257238,2.963976589841686,2.8120450429876484e-08,-119.99656713122555,0.037079563111995784
349,3205.6205855809812,-1063.1433951175684,5.962950705967947,3377.318050951474,8.998618283989108,175.82176999969045,1.9288538032234783,3.120403897744362e-09,-119.9999577132975,0.004114557608166944
350,-2255.350497397965,-380.69209889015406,3.3088115156528084,2287.254323478401,-2.7810012982810925,158.11813777649252,1.623782070945887,2.0166050619473962e-08,-119.99823421539922,0.02659090929318983
351,-3710.6081980421004,-509.14179565981664,3.2779536314395865,3745.3756243486378,4.573401280618352,172.96887264268426,1.212832914237405,2.724942498924865e-09,-119.99996775240108,0.0035931030911971005
352,2236.5975110459617,2315.998046540176,0.8028371134007661,3219.6607551099078,2.5347348873194036,168.63122194858138,1.545063877787118,5.719859245613914e-09,-119.99985791511156,0.007542193622337554
353,-1930.3431583346687,166.1750393979279,3.055718616078725,1937.482607056994,0.7219640830366836,159.09842059352263,1.0439868443391758,1.1581744937507921e-08,-119.99941749027792,0.015271662999434001
354,202.9994280214643,-1070.3171601655624,4.899825526401657,1089.397811234223,-0.4900812726528136,149.13457924350428,1.8821966537547854,6.575609811468552e-08,-119.98126217611019,0.08670584406612503
355,2271.665546730145,1288.8041347867356,0.5160576675748838,2611.7964036356575,9.022310019266088,171.93831927591015,1.408979508799485,3.5644186987564923e-09,-119.99994482288628,0.004700034532793214
356,145.91184257439292,-1039.8769140294246,4.851795280426368,1050.063932403553,1.4982235355622409,150.5639075642249,0.7785477109074677,2.3072244955090586e-08,-119.9976887418739,0.03042301065130789
357,-316.75679939221556,1922.0931164757292,1.7341261399587846,1948.0186904556592,12.277192879463742,170.73608513303788,0.6658214324412591,1.934432206177823e-09,-119.99998374860945,0.0025507379852863503
358,-1186.8665273702832,-3021.585350546919,4.33810836554235,3246.325643621068,-2.6110616407640994,163.61079431569712,0.824533176697631,5.440870875745158e-09,-119.99987143737786,0.007174320181125865
359,-1406.0815935381224,-1212.5540487412045,3.8532209668119357,1856.7048146664006,-1.3735535384092195,156.35557976041807,2.077057012316258,3.1598715552137794e-08,-119.99566582499311,0.04166599573130104
360,1593.1263410700637,3443.1545865459184,1.1374365055653382,3793.8588594547746,-0.7226619150714686,167.8683121103867,0.9175766677380437,3.708743141689299e-09,-119.999940264179,0.004890340420804345
361,4242.20946938037,818.1751542118777,0.1905259884078688,4320.387918355262,20.160991218097855,190.72742029386728,0.23754522800119213,6.908365325480489e-11,-119.99999997927307,9.109355083968413e-05
362,-1422.2243752345003,-4679.786288939762,4.417350755077065,4891.126852133336,2.9750558476235365,175.42750134685036,1.9190200855675983,3.248661435427379e-09,-119.99995416566597,0.004283677710811314
363,2503.0413133517063,2177.163446853321,0.7158813858009982,3317.4171414912034,-4.143046729322724,162.40808929702155,1.9531501800224034,1.4802367188202507e-08,-119.99904852127317,0.019518368303899934
364,-3290.713977621896,2418.6816593045405,2.507759506158386,4083.971039511946,-10.07150304542486,159.6395229082502,1.6561420053975007,1.7263204971536036e-08,-119.99870591602377,0.022763223507163484
365,-26.50373034753519,4188.984580687278,1.5771232483169377,4189.068424477942,-7.632331562718887,162.46491240766824,1.2014422116590275,9.046014219189462e-09,-119.9996446297443,0.011928054139420136
366,4100.832768225633,-1596.3051962934558,5.91196851608255,4400.570380378729,-5.513328175681138,165.3326188914088,0.7562614769935344,4.092993302312437e-09,-119.99992724501735,0.0053970118241358726
367,3570.432330059624,-1122.7429450801865,5.978519689243834,3742.7982505422765,2.175308159502888,170.5603158558024,1.2502283623190327,3.706581503195461e-09,-119.99994033379221,0.0048874900891157595
368,1082.5419466321805,-2120.7692946531356,5.184359824729331,2381.083675002151,-7.1098630568735475,154.40038302727982,0.8877012159530528,1.6914052076553764e-08,-119.99875772563644,0.022302831279894027
369,4034.693779794192,2594.4345693117384,0.571460732482867,4796.857787255083,0.9991307188944194,173.15575330048003,1.3258146179569135,2.9153797847572226e-09,-119.99996308756104,0.0038442132708333345
370,64.81210335463065,880.0884449578651,1.4972863069449671,882.4716877552529,-3.231152745072164,143.1915076580809,1.7449084550912586,1.208362569904471e-07,-119.93704542326468,0.15933441850327806
371,-1184.3341147626202,1787.390373283866,2.155981856583047,2144.157559951786,-5.000517693876551,154.91659972592007,0.8832504093800213,1.585819891661876e-08,-119.99890796280569,0.02091058566212061
372,-1572.6966237394195,-68.56019675069444,3.185159107319907,1574.1903223244205,-5.631538921307702,149.588597486966,2.0938393406383486,6.942461516588866e-08,-119.97911825596965,0.09154314245388477
373,932.3935861465287,2922.968143051833,1.262011082409274,3068.0776660285287,-14.924305245630775,150.43915005107482,0.38092184847546523,1.1451921979943695e-08,-119.9994304752581,0.015100478737631626
374,2642.542697879375,-3532.3655700052946,5.354669352232745,4411.421361678618,-0.7538658214520922,170.1295162169262,1.5976441512778858,4.977419478445838e-09,-119.99989240615753,0.006563214204059258
375,1825.8570168141807,2299.478967443239,0.8997057822803267,2936.214802694688,1.366927947482476,166.0626348533973,1.4372733264765127,7.1516725786657365e-09,-119.99977787959762,0.009430179484437603
376,2407.2111346646616,-2749.8994288217896,5.431435019800357,3654.6699324956735,-6.660155373404167,161.36266330788962,1.1427483735148956,9.768265303758654e-09,-119.99958562028725,0.012880412805927756
377,-476.6679232897138,1844.7181285399547,1.8236614339781025,1905.307660945413,8.351075272201243,166.47298732450105,2.2017962394817143,1.0450275970170573e-08,-119.999525740415,0.013779710546955658
378,-744.6982221980152,-468.353107827607,3.7030034766354816,879.732957070873,14.5973982705494,160.97281151603897,1.073007285325464,9.593168988960267e-09,-119.9996003419933,0.012649531196423137
379,2672.653902413603,77.2154457949993,0.02888289162240248,2673.769082616519,3.480051827138775,166.7525213000382,1.8154597504427188,8.34373610585882e-09,-119.99969766368592,0.011002031788165386
380,3890.7415611101155,917.049871514385,0.2314757303617037,3997.355421049538,-0.22159089276940913,169.16358895028245,1.0762438485538792,3.747410201049729e-09,-119.99993901209274,0.004941326718889636
381,1948.908657902448,2694.6651636304773,0.9446380897525712,3325.5774387210995,5.831468671887896,172.4199490262789,1.7400516712755554,4.164517521499684e-09,-119.99992468006569,0.005491323499761525
382,-925.679911287207,-4415.4312438984,4.505735334852037,4511.420659587716,0.8727492815888607,172.0968486953716,0.12780097325962564,3.174619842410613e-10,-119.99999956230887,0.00041860466316782067
383,1353.8837283425546,-1379.1626595403054,5.488538047070742,1932.638298115047,-15.001924003440365,143.33647942150344,1.6777589409252496,1.1426299169715384e-07,-119.94366533515235,0.15066692557309355
384,4600.670665350985,957.6323626359942,0.20522025136349867,4699.279765345842,0.3112972775462462,172.1555258833139,1.019495847122853,2.5154122226630088e-09,-119.99997252097805,0.0033168169370368194
385,1465.9550897857548,-3373.3931033726208,5.122332424869447,3678.1524377261367,-2.996184523075072,165.1239888976794,1.7147486114148272,9.506070152517068e-09,-119.9996075659166,0.012534682865279562
386,1745.2095482362288,2909.975632521179,1.0305728870230637,3393.1864889984954,2.119903302897593,169.0143068929756,0.20975021624702828,7.429970211898515e-10,-119.99999760250154,0.000979714212186429
387,-2583.871940236743,3279.5929204782246,2.238093101243714,4175.179508427594,-1.2839588767437524,168.76280452880607,2.057416606967417,7.502085589279522e-09,-119.99975558034912,0.009892233297363507
388,-3174.869041310337,2765.691920306799,2.424964405953958,4210.563528498427,8.617803497418944,178.7928444218399,2.085322674438633,2.3962440328210465e-09,-119.99997506294557,0.0031596820281488487
389,-150.07968192150872,2591.42264401711,1.6286457202166778,2595.7648643223233,5.980661077241958,168.80308138720247,0.9129892426173564,3.3136878171724094e-09,-119.99995231243918,0.0043694213525026955
390,-4909.5375862162255,-240.22661969144795,3.1904842596249883,4915.411288923667,-5.493677752202486,167.03405051053002,1.7275130067565314,7.686326003022218e-09,-119.99974342810404,0.010135172295306954
391,-550.0148918186543,4606.986436250628,1.6896210398229756,4639.702620321646,10.720896491406512,182.37118465818628,0.7498617773909547,5.707185439748145e-10,-119.99999858541773,0.0007525481970237924
392,5.916112438423315,-4995.541551670767,4.7135732583276155,4995.545054831911,-7.675117093470286,165.09841678756368,1.6982364877675862,9.442289861756328e-09,-119.99961281403293,0.01245058231637613
393,-1141.8584679690027,3732.036269254953,1.867713141866478,3902.811227295902,-4.81632361516683,164.20502355610708,0.43921463551887124,2.7066096472141185e-09,-119.99996818485027,0.0035689294338893483
394,93.30867261095739,2774.858345917135,1.537182529054085,2776.426723018347,2.2868614117526955,166.1320120385393,1.3247811052697442,6.539484630672715e-09,-119.99981427854729,0.008622949823923587
395,1703.065155240215,-1344.5034101610606,5.614903742310839,2169.820348076794,14.057345400865392,174.15531068976713,2.470921352667389,4.84276492108844e-09,-119.9998981488365,0.006385659005564045
396,-4408.648540295509,2138.9213803650864,2.6898834305937203,4900.119041740987,-7.9553140893451415,164.5250510600159,0.6909791154721004,4.104047401611295e-09,-119.9999268515058,0.005411587734775013
397,-1058.3524162174053,-817.7282190094318,3.7994282736853853,1337.4562710898465,-0.5998458417083506,152.14307293086665,1.1464948515459648,2.8328166235226413e-08,-119.996516249559,0.03735345670886537
398,-1761.0190860027585,2276.3189733661497,2.229247283854708,2877.988236559127,3.730276845466757,168.12152542518896,0.6773091599050524,2.658953104181626e-09,-119.99996929535138,0.003506089622717781
399,-3149.686579343533,1715.0806177192028,2.6429632172144917,3586.3668347469493,-10.129678939717587,157.6063689727889,1.8398965492054893,2.423678198140973e-08,-119.9974496094061,0.03195856657248117
400,3573.464304869236,-3330.8700489346493,5.532909211140358,4885.114371339169,-5.3291696219768765,167.10457920998604,1.3167690881486427,5.811398570066541e-09,-119.99985333100969,0.007662897171049719
401,2221.105904616707,-16.79472323381374,6.275624027400123,2221.169399719819,4.138964582157518,164.59245651531876,0.10185947101515123,6.003141644289616e-10,-119.99999843490244,0.0007915729160340646
402,329.01735133600636,-4283.334960612145,4.7890517994438255,4295.952839857812,4.922756646925054,175.40297239905885,1.7671087721571308,2.9999544651643005e-09,-119.99996091485903,0.003955733255466984
403,-51.41396795890258,4909.114541509761,1.5812691091734659,4909.3837676193,-16.909894042527075,155.5991834118295,0.7202094483294621,1.1953625456210184e-08,-119.99937948458758,0.015762023820564092
404,1988.9232473480454,-3457.729268745601,5.234381673753286,3988.9481545617364,2.841060857018383,172.19423763970048,0.7139928600957026,1.7538077581134245e-09,-119.99998664180998,0.0023125669916077584
405,-2919.384827201017,-3168.221411088447,3.9678440069046745,4308.182294073776,8.99969257019341,179.52311814625054,2.782936614472332,2.9400005213819823e-09,-119.99996246147107,0.003876678119140731
406,-1278.3047340194453,-459.875632030656,3.486930711544828,1358.5096944637974,-18.460389095985704,134.51993994478315,1.0888639754559915,2.0463345288236402e-07,-119.82184445337751,0.2698292137922401
407,1301.8097452551294,885.5244224697617,0.5973309652806963,1574.4402547037566,2.8690611496444527,158.09161070152257,2.1603147844394646,2.6911413091565553e-08,-119.99685587284907,0.03548532917884977
408,-2745.2079449680896,-2328.005144087243,3.8449390479296137,3599.4130927156148,16.669371107665015,184.46061340254306,1.0039979534035344,6.007615891049786e-10,-119.99999843256859,0.0007921628892122543
409,4029.9146932015774,-2896.4156295694083,5.659999975966214,4962.805248415045,-23.09806680235855,149.57551942024503,0.8861023870972832,2.9424421660526292e-08,-119.9962415199898,0.038798976663484856
410,2542.046662229204,2626.7829464774773,0.8017904031932798,3655.405569954657,7.402129181757548,175.42800717896483,1.365454541542936,2.3114094648863842e-09,-119.99997679738543,0.0030478193564019503
411,4317.479550696051,-722.3232908840296,6.117418457664867,4377.485649003559,10.482077898109885,181.2480765555312,0.9405297906558486,8.14645622770943e-10,-119.99999711781653,0.0010741898981587177
412,2129.273901522501,3198.5117550386253,0.98345791763041,3842.432145767199,-4.682010631794613,164.1023396845608,1.370855012982536,8.548197354858702e-09,-119.99968266532848,0.011271633934302912
413,1859.6869990375023,-266.41703506920885,6.140894383473434,1878.6734072116365,9.362652061219434,167.27058021209643,0.5951154339246604,2.576749514830123e-09,-119.999971164514,0.003397696153452679
414,2835.784874987385,-4093.355628969132,5.318251196477099,4979.6823354929475,9.02178947980693,181.746979920536,1.4646780092626341,1.1978244262959018e-09,-119.99999376881952,0.0015794486124141405
415,-3679.232548876075,-3061.773151417727,3.835648187070952,4786.565259082088,11.077370910994313,183.2013434371542,0.5724022850410482,3.959443835904475e-10,-119.99999931914812,0.0005220913796097666
416,82.2538585816275,4049.2529623395108,1.5504857784971764,4050.08830153947,10.454370574110937,180.03876086606493,1.1789158733166176,1.1736666709103673e-09,-119.99999401762607,0.0015475942501344245
417,2339.0801088213498,2864.7039661613503,0.8860647425168666,3698.3543055289156,-1.1965012486443423,167.0069298354716,0.6858335352132044,3.061062698946384e-09,-119.99995930634235,0.0040363104360080886
418,-3475.3876751746097,1327.786339888416,2.7766518969956406,3720.3946104075912,-4.738885828093418,163.55486247447553,1.2836997586832404,8.525509365887697e-09,-119.99968434752404,0.01124171760273374
419,892.2732222136842,-1130.7654657673786,5.380440627860399,1440.410372654858,4.144725536932867,158.01487701500582,1.7844414794758805,2.242634294601054e-08,-119.99781630469555,0.02957132570516623
420,3581.1919153956565,2754.105069661596,0.6555801924078948,4517.746149312831,-9.967727553076886,161.27766937412386,1.2077510574357375,1.0425429545656519e-08,-119.99952799279706,0.013746948107101654
421,-432.0017912158198,-3540.829729023652,4.590983191868001,3567.0857457526004,13.500389539666601,181.15449682955108,1.3910462688744154,1.2179143126321176e-09,-119.9999935580484,0.0016059390916535873
422,-4807.153063524816,-31.61980238359476,3.1481702153943303,4807.257054501954,14.090906909429632,186.28044707222324,1.1963834740409522,5.805612588451662e-10,-119.99999853620473,0.0007655267788618994
423,4121.397009672139,-786.704865989828,6.094571208182988,4195.80955925153,-5.182996722075985,164.9386882334903,1.246061794505157,7.056757096226312e-09,-119.99978373619723,0.009305024141346834
424,-2588.0970233623157,2759.8288879154093,2.3240936579171385,3783.503890959977,-7.820052146906178,160.72937739879552,0.5678545261304696,5.221174662351223e-09,-119.9998816100505,0.006884629244975285
425,-1116.6371554778716,3618.4740792425614,1.8701181937484121,3786.8500365269306,-12.829765621524974,155.7331011936195,1.371047550706789,2.24077090897625e-08,-119.99781993110514,0.02954675514394809
426,89.3115671837241,328.42209438278365,1.3052758809801883,340.34927370509683,-9.161766462315178,122.77873559670695,1.0442979951974283,7.583813850487117e-07,-118.02680198540195,1.0
427,-1354.4716286465773,-3973.464760213081,4.383862557235138,4197.977559904734,10.261112757779484,180.39064977713548,3.1078292444152336,2.9711505627475574e-09,-119.99996166180034,0.003917752494092029
428,3481.878452648516,-1738.9290982981615,5.819999653920324,3891.959913453128,9.134920944874688,178.11394656394592,0.40852012729522946,5.075935914853855e-10,-119.99999888103497,0.0006693117757008
429,-2757.9461427277665,-2417.1937589394824,3.8612416334683113,3667.300450528011,4.275960473195716,172.35122075978543,1.5468312536328686,3.73148672040609e-09,-119.9999395292871,0.004920330052888115
430,-546.5341698701308,272.72618844224564,2.678737105720506,610.8020732593073,0.6380005396573107,141.46765120099826,1.0128966561650619,8.554262584363304e-08,-119.96833603434175,0.11279631532377148
431,-1245.8193621624416,-991.5521657553344,3.8138308197404944,1592.2441962691926,10.469461440349491,165.86293312289877,1.1938464296367783,6.078575409023649e-09,-119.99983953515327,0.008015195953989845
432,-850.0246748387289,4735.865028124234,1.7483920069097991,4811.544399924503,-0.15584806358618533,172.04724242991972,2.6112371338421014,6.523552947571879e-09,-119.9998151823458,0.00860194234218033
433,-20.274708192206848,938.7311209078829,1.5923909624536758,938.9500418836187,0.9028450416853243,148.2684651125294,1.1067939576205104,4.2721207943258596e-08,-119.9920809088036,0.056332089349100466
434,175.35333165271726,3844.3834403354385,1.5252150583082165,3848.3805460540216,-3.516686146129312,165.2911772972201,0.9955558364997739,5.413856721482658e-09,-119.99987271082765,0.007138699377668559
435,4052.956217570653,997.2527050308948,0.2412628856327556,4173.843200125761,8.825259454412963,178.8671570697646,0.15381699055498887,1.7524533122649e-10,-119.99999986662415,0.0002310781022337907
436,3153.1085335430153,3309.157104271431,0.8095411279481269,4570.843922630904,2.3536076393878043,173.77661443232037,0.5038851619527438,1.0315750940084038e-09,-119.99999537847,0.0013602326142830425
437,-1234.7275085660806,4354.595781141497,1.8470900479231602,4526.262966017896,-2.8112319418865424,168.4627934981919,1.3014839663405215,4.9124613589404595e-09,-119.99989519611893,0.006477560572804574
438,-415.43500564021053,2987.3154774825302,1.708976431120117,3016.063660786682,-4.543276388702339,160.56027432621974,1.703460124186328,1.597049052396383e-08,-119.99889244463992,0.02105865312469138
439,-1531.7371038487627,-1414.966584436789,3.887384033892218,2085.269524636973,-14.22069484831035,145.27311509311156,1.4581620214429816,7.946026845449738e-08,-119.97266513664565,0.10477613245925539
440,427.546663621396,-4197.406111117854,4.813898611107693,4219.124815790983,8.545143637008549,178.75105978087964,0.5498851178725374,6.349199553262024e-10,-119.99999824925789,0.000837204034597211
441,2189.2121449129486,3734.837372235664,1.0406154831335641,4329.163893003192,8.771681383690302,179.36895542261774,1.5546041398907244,1.6717527595556638e-09,-119.99998786254027,0.0022043694538313135
442,1085.9085013906579,2754.2510284761797,1.19524250234689,2960.5904818557055,-4.383181812569442,160.43819311047872,1.2331376620433405,1.172470451564113e-08,-119.99940302207096,0.015460169179769672
443,1950.8617721381154,-2300.675883378222,5.415692634027981,3016.450094788248,-7.0066479298968725,158.09885020384712,0.46842013909007835,5.830328815167006e-09,-119.99985237394068,0.007687858549946499
444,-4516.730390981814,-1707.9803610330982,3.5031179901620737,4828.876716017244,-10.57939588499094,161.6783513095063,1.250795323880862,1.0310237831279209e-08,-119.99953836514051,0.013595056569877396
445,-1153.3502885007392,16.24646426240983,3.1275072625452336,1153.4647092935995,-2.327677500183146,148.16560648061778,1.1095653057701664,4.3338367161709107e-08,-119.99185067064238,0.05714587411573325
446,1424.2998848862499,197.94177485321725,0.1380902963450133,1437.9885633477847,11.616136050172726,165.46070924382784,1.7680049940577625,9.428617664768542e-09,-119.99961393444232,0.012432554187973548
447,-2876.3781875363115,1456.3554743330153,2.6729052485258515,3224.05377519582,2.7930885901006675,168.91030135651562,1.5757891945398532,5.649149268043135e-09,-119.99986140630222,0.007448955603888251
448,-2631.212256938462,-1525.3705090999454,3.6669680810740637,3041.386711862702,-3.1676891657203217,162.06295145199175,1.3528286266866294,1.0668299807760666e-08,-119.99950574619383,0.014067196292107603
449,-4362.043673112667,-1192.1051490404457,3.408368873586556,4522.006157947045,-11.462145032479533,159.79757827028703,2.330376483554491,2.3853228887875065e-08,-119.99752966904748,0.031452814320255165
450,1238.217104530193,2951.5782368278556,1.17358478376963,3200.7804807682405,-0.6980552611428054,165.30903395956278,0.2671090408212968,1.4495623147323566e-09,-119.99999087447972,0.001911389629690409
451,-939.2901675287468,-330.5647114687777,3.4799861194102397,995.7605371195514,1.065420476061358,149.32397542717996,0.5512743948530745,1.8843824456678952e-08,-119.99845813867293,0.024847424828958044
452,-4783.0554557057285,-463.7168860589009,3.2382405305932087,4805.481541195689,2.512553479278465,174.69647852060814,1.0082572492530262,1.8567243251412871e-09,-119.9999850280483,0.0024482725469613517
453,1120.9628327484093,3109.9041217871263,1.2248430321325992,3305.761836417121,-0.34297672609092605,166.15466100367323,0.29390799176786486,1.4470326990621728e-09,-119.99999090630158,0.0019080540841192035
454,2329.558299716952,-4225.9919382760545,5.216187792205158,4825.541392854728,-6.230117790920152,166.01712686742943,1.024638436958459,5.1252410985878186e-09,-119.9998859206055,0.006758131462125245
455,-1254.763326310817,-1023.5370466575956,3.8258464514743373,1619.2773360160202,13.221400359750579,168.87077674110162,1.3061974196631487,4.704028934685266e-09,-119.99990390086573,0.00620272204384753
456,-3014.2053588395215,720.4315265278406,2.906981986316338,3099.1056015683175,4.88235829377311,170.39876449225144,3.3968318552103223,1.0259727476570582e-08,-119.9995428769666,0.013528453729005475
457,1314.5580045488725,-737.9680300085251,5.771646212215583,1507.534265162214,8.85550747672865,163.41799227410417,1.6801654619355655,1.1335806898579838e-08,-119.99944196519405,0.014947369650761834
458,-2297.1434761547525,-3854.046259740674,4.174890593531122,4486.70711349219,1.3754912757497233,172.51609455823552,1.5111633454840303,3.576899046949199e-09,-119.99994443582136,0.004716491092037353
459,-2465.670718814017,-1084.8300057904335,3.5560774042948786,2693.768407840604,4.796127697606227,168.1818697048349,2.015860220702834,7.858993502086378e-09,-119.99973177159988,0.010362851273810716
460,1079.8212041631616,-3477.2114734936613,5.013489316998048,3641.01819061047,4.066795186663606,172.0327279636776,1.3057235177971265,3.267494221515292e-09,-119.99995363271687,0.004308510580471878
461,-3803.5570989770877,2411.6780172400117,2.5765058063099993,4503.691537396596,-7.301967599361576,163.89606778874222,1.1398761321905884,7.278707556072923e-09,-119.99976991868627,0.009597687521833626
462,1045.3616187057098,3480.8187427030275,1.2790454178709032,3634.4022938326057,-2.4462456459739745,165.49204235390152,0.18285556342966588,9.716415110235821e-10,-119.9999958998832,0.00128120432565888
463,-1652.20456639826,3417.27258271182,2.021145935901835,3795.7254687057093,-1.7684219146827342,166.83002894554255,0.9278463501591843,4.226439109327169e-09,-119.99992242359225,0.005572973167129755
464,1696.065351970328,-4508.112682792109,5.072233318327265,4816.608520411982,-4.551478073366051,167.6676022352486,3.0230899101316155,1.250463305549561e-08,-119.99932096483876,0.01648858120995734
465,-3148.4615087056914,723.0706692772033,2.9158487159841053,3230.4242855343787,13.076756139550357,179.2239740411832,1.315039070078478,1.43793731492452e-09,-119.99999102025983,0.0018960609309155968
466,1837.8391258663748,1251.236618572066,0.5977367890158771,2223.3411182769364,-4.151626774051555,156.31671979427801,2.132367712479409,3.2585628975187304e-08,-119.99539100690173,0.04296733756603782
467,3263.889608338105,-2518.4264557954025,5.6260011351794335,4122.553479176185,-2.116038928610165,167.73791458039102,1.764991802939086,7.241807290151844e-09,-119.9997722455606,0.00954903091363021
468,-1453.0869613364175,-2224.386111909669,4.133730319851502,2656.94472883094,-2.936456583768142,160.24006469211432,0.7572787817513966,7.366353461266034e-09,-119.99976434446965,0.009713257216608612
469,-838.4224506968939,2555.1121333651286,1.887861366187133,2689.154182991798,3.9858389689175566,167.34552165626982,1.7589285991662442,7.550437683513775e-09,-119.99975241964162,0.009955990260795761
470,76.35325006345475,4836.104412081729,1.555009466047683,4836.707113662312,2.101934928099908,174.38431063448616,1.730186285765284,3.302762413624897e-09,-119.9999526263759,0.004355015139793755
471,3287.2898326911536,-1998.5020381490795,5.736942007151668,3847.113832550404,8.654269442391175,177.45712880590017,0.7929478878259378,1.0626450078859668e-09,-119.99999509588689,0.0014012013333076626
472,1842.6089975354123,-3069.1817521023927,5.253071956791394,3579.8162725532115,1.621512364581687,169.32977126256387,2.3763162863382403,8.1173763411777e-09,-119.9997138449819,0.010703554308174785
473,-2306.6653887990688,-2411.9559871430747,3.949300962297101,3337.399721309823,3.323867811062949,169.96628877112556,1.6171451000918025,5.133748046933751e-09,-119.999885541595,0.006769348705208534
474,395.33656017030506,-3483.901727756406,4.8253808826156215,3506.260435916214,-4.041301129694182,163.35137793612026,1.4531263925175812,9.879489271383744e-09,-119.99957613056053,0.01302707248114901
475,4464.523474194436,1834.484706342257,0.3898697712281622,4826.728083229549,8.342019839708037,180.59300207666305,0.48439472541324713,4.524278195548785e-10,-119.99999911103868,0.0005965703120809308
476,3057.173270760662,2775.2675256984817,0.7371016552746935,4128.973025662679,-0.7540945053200947,169.12351016596452,1.0270000289153671,3.592484868163649e-09,-119.99994395054374,0.004737042521069923
477,-2442.0537471697758,1698.431249130382,2.5338979408392563,2974.6084132350147,-6.19338653971425,158.69978960131036,0.8130707898929095,9.443628169405061e-09,-119.99961270427406,0.012452347005851794
478,-2685.3408942258607,3151.914347741612,2.2764337802008447,4140.726961983992,-10.783919963594176,159.13689390743207,1.4007983766144712,1.5471447017302064e-08,-119.9989605724881,0.020400615471736973
479,-4098.604509011855,773.3592860216505,2.9550968744674857,4170.928374662915,-9.868729600921492,160.16254909145482,0.8051915615298026,7.902632027410641e-09,-119.99972878464673,0.010420392935809
480,3455.0671709888743,1928.9815842227229,0.5091971102365365,3957.0770915304984,-2.9156472503186226,166.31559371636692,2.244711776254409,1.084877992081069e-08,-119.99948888273231,0.014305176965958705
481,2082.5923979573654,-2212.339902269608,5.467586887478697,3038.3612259249403,2.8788063467022327,168.09431860088958,2.3935570170721965,9.426008938415137e-09,-119.99961414803786,0.012429114327232193
482,-2933.0796711095995,1507.7046071903235,2.666780460719303,3297.897745476552,-2.6860076934974884,163.77542688237938,1.1232877103986665,7.2731017489040256e-09,-119.99977027294166,0.00959029571702484
483,47.39974490622993,3259.5858571345602,1.5562557052663906,3259.9304740820503,-4.90254412901887,161.38288076648755,1.226010730080356,1.0455630641396001e-08,-119.99952525430038,0.013786771204470458
484,-1443.9396480165497,-550.5007591606015,3.5058307406248033,1545.3196410291807,12.829534673441312,167.76830910479472,0.22048624246304707,9.015006434095565e-10,-119.99999647047537,0.0011887167343270853
485,526.687157047467,1015.825703857171,1.092472820337942,1144.247010927125,5.990716102220823,156.3620417066211,0.2985606693252822,4.53868989160088e-09,-119.9999105375353,0.005984706351025947
486,-396.81022773120804,-4344.305648840219,4.621301424637712,4362.390391445627,-4.809689245635183,165.90380231117948,0.44642860319890587,2.262360955582619e-09,-119.99997777166189,0.0029831441016149214
487,3015.7144699853684,1385.6012319788465,0.4306932483698607,3318.7986589337456,-5.2381483702258915,161.31931641033705,1.6964473317388216,1.4573858899444037e-08,-119.9990776679188,0.01921705778486103
488,374.16392827357566,3468.8695255626494,1.4633483813122101,3488.990460089903,0.08194685324528742,167.3995722950002,0.6334402440383485,2.7022594045606805e-09,-119.99996828703856,0.0035631932136455475
489,-3113.7394159469363,332.38465944100676,3.035247625713496,3131.4298191486396,-9.885225972421253,155.78890100013803,0.7071099279175178,1.1482643586645887e-08,-119.99942741567924,0.015140988179592967
490,-1997.337179524734,-3881.5877449633845,4.237155755122718,4365.326932838107,-1.4908889497125621,169.2328312454317,0.3016786131528534,1.0420845585496275e-09,-119.99999528382406,0.0013740903707475537
491,-338.4569854338944,2788.659464629384,1.6915746615139635,2809.123482628708,-3.077873529385981,160.94523860105443,1.8078051713125496,1.621398229037783e-08,-119.99885841929515,0.021379720823891776
492,3386.869670762023,2860.510681424091,0.7013439230869712,4433.216386019181,2.0615325661419797,173.01982818225247,0.95943828814379,2.1430171010541005e-09,-119.99998005497488,0.002825777561663716
493,1481.2490825734321,-22.276269915087102,6.268147599463069,1481.4165777477867,15.492274332598528,169.78910941622775,1.6039128617563283,5.196671916332097e-09,-119.99988271862591,0.00685231997881687
494,-1970.7409730267234,1965.3715889993634,2.3575586231057697,2783.254473743319,-2.0522394464401494,161.83024568019658,1.6440002118281305,1.331648441529752e-08,-119.99922993926766,0.017559086599207845
495,-3859.06759103861,-1948.5847435813805,3.609181795923927,4323.122155933447,-8.024747302874305,162.5512985261039,0.8064984608306464,6.012271950132395e-09,-119.99984301661289,0.007927768361226615
496,-1907.875448844664,-204.45973205822833,3.248351388636537,1918.7997577489816,3.274780727653745,161.5039517244342,1.7954890832465538,1.5100286339669997e-08,-119.99900984047915,0.01991120383143382
497,1834.8713194396162,3492.596443003099,1.0870669612311163,3945.2481129302855,-4.213828115668013,164.97190618448943,1.79847120650838,1.0146311232722317e-08,-119.99955292712872,0.01337890332325418
498,72.99529324873602,-2230.943080967216,4.7450967898638,2232.13694547444,6.674943985065592,167.20330631122147,0.8477208961907592,3.6990276105590208e-09,-119.99994057673831,0.004877529543161754
499,-1790.5765152812437,4225.674119782084,1.9715971251151814,4589.388414993093,1.0107092839390661,172.49526088256934,0.6362446766897589,1.5095973250059423e-09,-119.99999010294346,0.0019905516601109335
