User1_ID,User2_ID,h1,h2,P1,P2,R1_bitsHz,R2_bitsHz,R_sum_bitsHz,Mode,Throughput_Mbps
69,65,5.364054264173599e-09,6.072458314948602e-10,0.8983059263868931,0.10169407361310684,0.5981420132141307,0.628066680333874,1.2262086935480048,NOMA,0.09185083846801534
287,126,9.566321790640907e-09,1.5067761212764064e-09,0.8639246096022728,0.1360753903977272,1.0567579274946242,1.2027254881361713,2.2594834156307955,NOMA,0.16924969405474125
113,337,1.5256994537757535e-08,2.350375607780095e-09,0.8665118306508841,0.13348816934911592,1.3506350039683548,1.6024703115463628,2.9531053155147173,NOMA,0.22120639067525977
227,29,5.412844647936288e-09,7.11427343002716e-10,0.8838347898239516,0.11616521017604844,0.6606423083576678,0.7037955037940866,1.3644378121517544,NOMA,0.10220507956192917
207,319,2.4579802430332087e-08,3.8751140673338716e-09,0.8638156584416007,0.13618434155839929,1.6740465152514787,2.120147602587502,3.7941941178389804,NOMA,0.2842092972164031
450,379,4.1083538035611115e-09,3.329989330468604e-10,0.9250230835524259,0.07497691644757408,0.3790978362181461,0.3873975046634237,0.7664953408815698,NOMA,0.05741538133944343
177,327,1.1456232020665431e-08,1.8058710525932342e-09,0.8638322261094064,0.13616777389059373,1.1712587631797262,1.3561266845603845,2.5273854477401105,NOMA,0.18931726200300455
213,433,7.486559095821313e-09,1.1853490859558144e-09,0.8633116194142059,0.1366883805857942,0.9112245737748088,1.0167285294446597,1.9279531032194686,NOMA,0.14441596278797517
342,446,8.6086191330049e-08,9.782879245208915e-09,0.8979558351144201,0.1020441648855799,2.4319076584236763,3.290511915831745,5.722419574255421,NOMA,0.4286456609929155
314,143,1.3622523246873027e-08,2.1579419816560522e-09,0.8632523217531783,0.1367476782468217,1.285928345970733,1.5174512885594793,2.803379634530212,NOMA,0.20999098385994097
99,438,3.2502035200962163e-08,5.0746156348196565e-09,0.86495295557348,0.13504704442651996,1.849777560143532,2.430098912851049,4.279876472994581,NOMA,0.3205899979771222
248,335,1.8712220101505622e-08,2.922934550464048e-09,0.8648988372173275,0.13510116278267248,1.4917799891515402,1.8188680195093265,3.3106480086608667,NOMA,0.2479886148809638
370,489,5.312982713740805e-09,5.637086481678157e-10,0.9040772071472654,0.09592279285273467,0.568997622262801,0.5942008661929451,1.163198488455746,NOMA,0.08713097291803341
224,60,9.0683246702825e-09,1.3706480130097929e-09,0.8686989558653093,0.1313010441346908,1.0065343290758226,1.1313790882038273,2.13791341727965,NOMA,0.16014332713705245
467,260,3.8565469766477846e-08,5.928876335217122e-09,0.8667498939827938,0.13325010601720624,1.9526429602576911,2.6179691084284546,4.570612068686145,NOMA,0.342367945219936
58,479,8.473386084800439e-10,5.838054324088447e-09,0.8732552271756298,0.12674477282437027,0.7382774533676909,0.7990399360156055,1.5373173893832965,NOMA,0.11515486062796229
297,160,1.4036718478490285e-07,1.3045500420836926e-08,0.9149646562581069,0.08503534374189314,2.735252251118611,3.693338839702686,6.428591090821296,NOMA,0.4815424038068387
289,427,9.002162896303855e-08,1.0973786743491277e-08,0.8913437142990861,0.10865628570091394,2.449315680049715,3.430474742853623,5.879790422903338,NOMA,0.44043373954332127
15,471,3.909069571816341e-08,5.942322300749303e-09,0.8680452129978569,0.1319547870021432,1.9602074098513216,2.6225097597654843,4.582717169616806,NOMA,0.34327469435331875
382,429,9.752858411435453e-08,1.110132763401364e-08,0.8978059776046867,0.10219402239531326,2.5032024815283456,3.455075757990927,5.958278239519272,NOMA,0.4463129767430167
35,74,9.742731801561446e-09,1.5307007505272755e-09,0.8642205252522073,0.13577947474779276,1.0671102604128322,1.2159040721444931,2.2830143325573253,NOMA,0.17101230955485583
340,420,3.723029698069691e-08,5.855076584369028e-09,0.8641052380449502,0.13589476195504974,1.9326471357468946,2.5991755040275155,4.53182263977441,NOMA,0.3394623700205551
223,173,3.1749878212236556e-08,5.006183254775818e-09,0.8637997909741026,0.13620020902589738,1.8364052808591813,2.41260271464134,4.249007995500522,NOMA,0.3182777524719492
338,75,1.1824137077514928e-08,1.85701941762769e-09,0.8642644415121624,0.1357355584878376,1.1902030311900214,1.3812589211649902,2.5714619523550115,NOMA,0.1926188728355814
315,192,4.737256789764159e-09,4.404339649732494e-10,0.9149362165806703,0.08506378341932985,0.4734408855588326,0.4884831166810252,0.9619240022398579,NOMA,0.07205423237751744
331,417,4.708208153017685e-09,4.1079075841076023e-10,0.9197517394477958,0.08024826055220434,0.44971231767238895,0.4623931992441826,0.9121055169165715,NOMA,0.06832251063045479
345,53,1.621753955629236e-08,2.502020008841209e-09,0.8663419403573261,0.13365805964267388,1.3919797646102303,1.6633923831781425,3.055372147788373,NOMA,0.22886682754969087
413,108,4.111810190955736e-09,3.577714097461466e-10,0.9199541608794066,0.08004583912059327,0.400505098309896,0.4104857978681513,0.8109908961780473,NOMA,0.06074838173618332
73,140,4.5601711591379694e-08,6.01065513023035e-09,0.8835423463014012,0.11645765369859885,2.044025728364338,2.6577928031157727,4.701818531480111,NOMA,0.35219614468015814
77,430,7.638710309617067e-09,1.2042144346851876e-09,0.8638217027165026,0.1361782972834974,0.9211885563241883,1.028729369722386,1.9499179260465742,NOMA,0.14606126786865725
117,30,4.801142457678134e-09,4.5369907086625966e-10,0.9136607510613292,0.08633924893867077,0.4842941338840804,0.5003197491761957,0.9846138830602761,NOMA,0.07375384891837275
79,110,1.476826183730085e-08,2.3403393905934473e-09,0.863206853709484,0.13679314629051606,1.3393011482407677,1.5946426569975722,2.93394380523834,NOMA,0.21977107155343376
402,4,1.8624322275662173e-08,2.8402524544623296e-09,0.8676772081360563,0.13232279186394366,1.4808987954407997,1.7926148082289097,3.2735136036697092,NOMA,0.24520701151083965
320,81,2.5076362956944236e-08,3.953542699690658e-09,0.8638113831146035,0.13618861688539663,1.6870042201745084,2.142451077385374,3.8294552975598823,NOMA,0.2868505840868826
303,129,1.2303277771666115e-08,1.9066170538261898e-09,0.8658246892576748,0.13417531074232528,1.2107102405808696,1.4064257118395316,2.6171359524204014,NOMA,0.1960401462487192
91,377,6.433116347745873e-08,7.2432243342302635e-09,0.8988014490143168,0.1011985509856831,2.2499339336124997,2.9088552710874724,5.158789204699972,NOMA,0.38642615765542865
454,115,1.7087943548960434e-08,2.6988862097487094e-09,0.8636018885965904,0.13639811140340957,1.4348929976550928,1.7358528015796861,3.170745799234779,NOMA,0.23750904863181868
447,439,7.561609042761852e-08,7.595396429009201e-09,0.9087217796973637,0.09127822030263644,2.3437314666401425,2.9822364979809493,5.325967964621092,NOMA,0.3989489112075724
368,359,9.782059257048429e-09,1.548107083637896e-09,0.8633641345512568,0.13663586544874323,1.0725994090027366,1.2243985149330643,2.296997923935801,NOMA,0.17205976958320607
167,189,1.0520066921007614e-08,1.6268649351714765e-09,0.8660678305901669,0.1339321694098331,1.1089587219395256,1.2684196521803892,2.377378374119915,NOMA,0.1780807770876341
477,183,8.253132216002576e-10,5.711635054752552e-09,0.8737464047886381,0.12625359521136192,0.7251441620576379,0.783343044890408,1.508487206948046,NOMA,0.1129952964006027
151,269,2.258201052878248e-08,3.572251942398438e-09,0.8634160704652,0.13658392953479997,1.619615497288884,2.030102874381972,3.649718371670856,NOMA,0.2733871439453825
193,6,2.394237197120676e-08,3.7798932975590815e-09,0.8636513552946261,0.13634864470537394,1.6572956319809407,2.092379972383209,3.7496756043641497,NOMA,0.28087457710592884
175,254,2.8874994231087122e-08,4.5509764330324466e-09,0.8638490867247246,0.1361509132752755,1.7770865630041732,2.301984650731573,4.079071213735746,NOMA,0.3055484055232769
448,348,8.155779675914901e-08,9.399299022064963e-09,0.8966622786123931,0.10333772138760688,2.3992654631069192,3.236951280926181,5.6362167440331,NOMA,0.42218852015229213
43,226,8.946912529330519e-08,1.0884371501330928e-08,0.8915396887105512,0.10846031128944872,2.4463199451783626,3.4200577881911416,5.866377733369504,NOMA,0.43942904369809016
152,197,5.482305598756037e-09,7.55569209089541e-10,0.8788739382619163,0.1211260617380838,0.6856014665391865,0.734698857965245,1.4203003245044314,NOMA,0.10638953741606229
316,351,3.152615242157056e-08,4.917903116428368e-09,0.8650560964242675,0.13494390357573252,1.8307418944974958,2.3934881611210845,4.22423005561858,NOMA,0.3164217270126278
10,406,2.6923509383637933e-08,4.1745535258234555e-09,0.8657616219384078,0.13423837806159217,1.7295320813075485,2.206070605269526,3.9356026865770746,NOMA,0.2948016993690693
64,441,8.782399272567687e-09,1.3012742457703252e-09,0.870952362410004,0.12904763758999616,0.9784836002278333,1.0931192407183092,2.0716028409461424,NOMA,0.15517624276750133
111,80,1.760918246442914e-08,2.765395945316304e-09,0.8642722372113685,0.13572776278863158,1.453012209825045,1.7613086543790417,3.214320864204087,NOMA,0.24077309844225372
8,491,3.495346341648451e-08,5.529106588926668e-09,0.8634200697191999,0.1365799302808001,1.8952789380024444,2.529556514766171,4.424835452768615,NOMA,0.3314483485219937
122,421,2.2926324836945225e-08,3.627205909365787e-09,0.8634002406678177,0.1365997593321823,1.629537068634981,2.0467461390583788,3.67628320769336,NOMA,0.2753770193028734
399,449,1.6940920017220243e-08,2.653216325271864e-09,0.8645913104361704,0.1354086895638295,1.4263366731746354,1.7198176835404217,3.146154356715057,NOMA,0.23566699301236385
353,461,1.0093064263294082e-07,1.163382418446805e-08,0.8966474544463546,0.10335254555364534,2.5201525809367142,3.514935097510743,6.035087678447457,NOMA,0.4520664927675998
436,358,1.0814221147152855e-08,1.6847809682217445e-09,0.8652067618942674,0.13479323810573265,1.129555001174247,1.2972993642845867,2.4268543654588335,NOMA,0.1817868438545943
255,109,5.352176181563159e-08,6.250434832136771e-09,0.8954290592837006,0.10457094071629933,2.132445143229269,2.72177095498296,4.854216098212229,NOMA,0.36361169274997973
24,252,1.0262088403219028e-08,1.6154543002435685e-09,0.8639908657392051,0.13600913426079483,1.1005156541790855,1.2604699974939126,2.360985651672998,NOMA,0.17685285780322085
54,476,5.0454126632364335e-08,6.067265288229279e-09,0.8926554162580935,0.1073445837419065,2.097560245320567,2.6816690198144304,4.7792292651349975,NOMA,0.35799470150823953
452,284,1.782937962632899e-08,2.7759689074557812e-09,0.8652792063718665,0.1347207936281335,1.458485110034843,1.7663781255520352,3.224863235586878,NOMA,0.2415627891825377
393,125,8.136636048227704e-08,7.810070772114621e-09,0.9124200120788081,0.0875799879211919,2.3872564121981186,3.0225568812683608,5.409813293466479,NOMA,0.40522946018475503
176,276,1.978223954614475e-08,3.0941652846787374e-09,0.8647442503504884,0.1352557496495115,1.5291994883724398,1.8780039664647339,3.4072034548371737,NOMA,0.25522123257207296
136,84,1.2270553785010756e-08,1.8902933799387417e-09,0.8665126910897295,0.1334873089102705,1.2066009628942245,1.3994244408766814,2.606025403770906,NOMA,0.19520789541355102
238,324,1.153807179346341e-08,1.8106744047254852e-09,0.864356219090363,0.13564378090963705,1.1740677026943571,1.3589968936213206,2.5330645963156777,NOMA,0.1897426663906875
456,229,1.4886901958052948e-08,2.343175871606098e-09,0.8640066577312457,0.1359933422687543,1.3421506479376952,1.596705987637771,2.9388566355754664,NOMA,0.22013907382587766
236,205,7.755825356564742e-09,1.213781760946141e-09,0.8646783805528627,0.13532161944713722,0.9271109911630051,1.035293704076321,1.9624046952393261,NOMA,0.14699660638496828
384,378,9.102203553591425e-08,1.0993909972990465e-08,0.8922334158827079,0.10776658411729208,2.4567446909419637,3.4341790174362803,5.890923708378244,NOMA,0.441267693511479
311,9,7.871976101719525e-10,5.6208737839919754e-09,0.8771552996602249,0.12284470033977508,0.7045262100976282,0.7574453699369048,1.461971580034533,NOMA,0.10951097977786764
283,57,1.1207761831504153e-08,1.7721678348846603e-09,0.8634686103520544,0.13653138964794564,1.1583999182632152,1.3392578692724995,2.4976577875357147,NOMA,0.18709047097645803
390,464,4.914016669846785e-09,5.334514610240967e-10,0.9020735049369047,0.09792649506309536,0.5433200294442033,0.566778560625324,1.1100985900695273,NOMA,0.08315345243966496
282,165,1.0460544178918162e-07,1.1696303505364774e-08,0.8994314016892639,0.10056859831073606,2.5444718678998246,3.5260716490168025,6.0705435169166275,NOMA,0.45472236081772494
88,483,8.941272848083652e-08,9.953686667600949e-09,0.8998284616313094,0.10017153836869067,2.4554552993437286,3.315654702323894,5.771110001667623,NOMA,0.4322928840200467
274,344,4.899043427596056e-09,4.973476428913261e-10,0.9078369902412563,0.09216300975874372,0.517751121171981,0.537555094928961,1.0553062161009419,NOMA,0.0790491547641155
488,453,1.2909609191082719e-08,2.0264558108373547e-09,0.8643246524049776,0.13567534759502237,1.247199823291397,1.4602265681370494,2.7074263914284464,NOMA,0.2028034750133668
280,305,7.334551258103476e-09,1.154341939190619e-09,0.864017379844221,0.13598262015577897,0.8968952473744172,0.9981026893703974,1.8949979367448146,NOMA,0.14194741099212094
135,222,2.0741463248828183e-08,3.2725375848715718e-09,0.8637237665004535,0.13627623349954648,1.5630564644836666,1.9360512215865637,3.4991076860702304,NOMA,0.2621054446494555
492,478,2.4018508237640675e-08,3.785506409630794e-09,0.863850366299448,0.13614963370055203,1.6589774119892806,2.0942736059810203,3.753251017970301,NOMA,0.2811423983498353
261,90,3.97527957672167e-09,2.545309757145235e-10,0.939824497442817,0.06017550255718293,0.30521852883555867,0.3094258677792617,0.6146443966148203,NOMA,0.046040778772645716
153,63,1.5335318020988328e-07,1.3342320057046356e-08,0.91995992671859,0.08004007328141005,2.7940259462635106,3.730574724187927,6.524600670451438,NOMA,0.48873413261808524
96,334,2.9062941422889866e-08,4.6048682321812374e-09,0.8632263791628142,0.13677362083718578,1.781963831959082,2.3147092069878843,4.0966730389469665,NOMA,0.3068668943031436
170,372,2.8296945863304765e-08,4.393141428026953e-09,0.8656124289643038,0.1343875710356963,1.7617510768733426,2.263863062920886,4.025614139794229,NOMA,0.3015441303216651
42,333,7.236666804012636e-09,1.1330614031972107e-09,0.8646238712720481,0.13537612872795196,0.8870457445121344,0.9852613725598863,1.8723071170720207,NOMA,0.140247724125245
38,262,5.290769755897458e-09,5.603946370891349e-10,0.9042251081236338,0.09577489187636622,0.5664854698952501,0.5914141178922646,1.1578995877875147,NOMA,0.08673405151966404
381,308,5.228128442899381e-09,5.540908327810989e-10,0.9041733275125768,0.09582667248742323,0.561432937447444,0.5859183561269403,1.1473512935743844,NOMA,0.08594391712167675
361,250,2.1769169611555093e-07,1.3426452626552229e-08,0.9419065413095951,0.058093458690404914,3.01877630554507,3.7704552239135056,6.789231529458576,NOMA,0.5085566688733016
264,70,4.133913602144223e-09,3.7408220310890487e-10,0.9170180676137741,0.08298193238622587,0.41436512207897536,0.4255024227884272,0.8398675448674026,NOMA,0.06291142658182791
46,214,1.606179414364142e-08,2.4936888990234165e-09,0.86560905510842,0.13439094489157993,1.3877717811640373,1.6592668370552848,3.047038618219322,NOMA,0.2282425931250429
312,428,1.7858433770790862e-08,2.826706612600429e-09,0.8633460271379123,0.13665397286208775,1.4648838978155034,1.7825871812709027,3.247471079086406,NOMA,0.2432562606057233
473,400,5.65757656638411e-08,6.5907535688814704e-09,0.8956606498357247,0.1043393501642753,2.1692060559404105,2.787239916327572,4.956445972267982,NOMA,0.37126936121857546
330,409,1.8785381488772026e-08,2.9714154759882177e-09,0.8634258764835167,0.13657412351648346,1.4982429898709317,1.834143656972828,3.3323866468437595,NOMA,0.2496169772916674
219,230,9.591638026045147e-08,1.1066808630361065e-08,0.8965556294862748,0.10344437051372522,2.4921297775982194,3.449166421976381,5.9412961995746,NOMA,0.44504091382581273
494,139,1.2418786215266157e-08,1.9095219597037567e-09,0.8667308145256467,0.1332691854743532,1.2136921630076787,1.4087344242168869,2.622426587224566,NOMA,0.1964364484812409
107,416,1.5517553200409034e-08,2.4549506698263652e-09,0.8634051945376373,0.13659480546236272,1.3714650014010858,1.6413689924517039,3.01283399385279,NOMA,0.22568044897773712
277,162,1.4026712113189537e-08,2.211111566100315e-09,0.8638295617829362,0.13617043821706384,1.3033542132761524,1.5410308211664057,2.844385034442558,NOMA,0.2130625493964463
496,322,9.765070744930277e-08,1.1285049628908153e-08,0.8964063781114038,0.10359362188859625,2.501762375613455,3.47456459698918,5.976326972602635,NOMA,0.44766494176798766
37,318,1.657738391666505e-08,2.5691097681975764e-09,0.8658182636213577,0.13418173637864228,1.40825030467979,1.6890227443547001,3.09727304903449,NOMA,0.23200547183778955
118,7,1.598312971326055e-08,2.4739611739884528e-09,0.8659614784853459,0.13403852151465417,1.383414247774278,1.6518462097084643,3.0352604574827424,NOMA,0.2273603338938384
306,216,9.482095502720269e-09,1.5002566115968862e-09,0.8633938708228928,0.13660612917710724,1.053109776198984,1.1986904996308005,2.2518002758297846,NOMA,0.16867417796477788
185,225,7.0508016091395634e-09,1.0754199463416051e-09,0.8676605186064328,0.13233948139356724,0.8614357789320957,0.9509158440242449,1.8123516229563406,NOMA,0.13575667587687945
20,350,3.21755655399273e-08,5.0174502539508875e-09,0.8650969772992504,0.13490302270074958,1.8433821458384205,2.416996713842203,4.260378859680623,NOMA,0.3191295025977995
424,263,1.214344479004182e-08,1.8893576749226233e-09,0.8653613432071203,0.13463865679287965,1.2037736780556338,1.3977904212400483,2.601564099295682,NOMA,0.19487371530304737
199,44,5.383331677300847e-09,6.074335099213578e-10,0.8986050210719387,0.10139497892806115,0.5985314149476011,0.6283936178844947,1.2269250328320958,NOMA,0.09190449684135549
310,12,2.555040969461146e-07,1.365302518989013e-08,0.9492748879110423,0.050725112088957754,3.1139271373622313,3.803276016627501,6.917203153989732,NOMA,0.5181425583512909
67,355,5.211725226402282e-09,5.369127168086675e-10,0.9066017512126062,0.0933982487873937,0.5494443456783638,0.5721776105542359,1.1216219562325995,NOMA,0.08401662593502618
357,499,8.891158518223476e-09,1.3469736305813829e-09,0.8684356080773364,0.13156439192266342,0.9954253138144131,1.1175353826346908,2.112960696449104,NOMA,0.158274209471843
133,300,2.8371343069717823e-08,4.4432214960421616e-09,0.8645960549883878,0.13540394501161215,1.7649200939908245,2.275481442359498,4.0404015363503225,NOMA,0.30265180047567963
288,302,4.3692549532193744e-08,6.0009174569760645e-09,0.8792413204278159,0.12075867957218409,2.021229620939037,2.649903874666313,4.67113349560535,NOMA,0.34989764012025093
21,13,3.242049750435394e-08,5.073952023367784e-09,0.8646745828441532,0.13532541715584673,1.8484879939765073,2.4295670521082213,4.278055046084729,NOMA,0.3204535615044741
179,395,2.0196509639934554e-08,3.1571999084223747e-09,0.8648094898206652,0.13519051017933476,1.542805276402749,1.8993212239648274,3.4421265003675763,NOMA,0.2578371910387698
157,239,1.587913469650037e-08,2.4724268700707668e-09,0.8652743058893423,0.1347256941106578,1.3811599265226988,1.6504555153804603,3.031615441903159,NOMA,0.22708729901896324
240,191,1.1839060562711694e-08,1.866143253756733e-09,0.8638368842414192,0.13616311575858075,1.1924584664475966,1.3851788535277039,2.5776373199753007,NOMA,0.19308144718916112
411,146,9.946169548462998e-09,1.5591412076060602e-09,0.8644850851348267,0.13551491486517322,1.0791191526874926,1.2313428944280347,2.3104620471155273,NOMA,0.17306831813599458
184,83,3.9355898430993214e-09,2.025920844548014e-10,0.9510432146286657,0.04895678537133424,0.2519088418203709,0.25419954836702213,0.5061083901873931,NOMA,0.037910740838006975
172,398,8.1747977589658e-08,9.425512847993312e-09,0.8966200284452319,0.10337997155476808,2.400625390179276,3.2404828015269076,5.641108191706183,NOMA,0.422554920727055
443,407,1.082560728551649e-08,1.7156480345928727e-09,0.8631996565892487,0.1368003434107513,1.1371345129219252,1.3108907959159226,2.448025308837848,NOMA,0.18337268230995116
437,128,7.477440712368533e-09,1.1701740249094882e-09,0.8646824516979096,0.1353175483020905,0.9057456285364275,1.008507645590678,1.9142532741271054,NOMA,0.14338975836158097
278,138,2.098546211536622e-08,3.2880117317430405e-09,0.8645430088641963,0.13545699113580364,1.5688558479899326,1.942093150867749,3.510948998857682,NOMA,0.262992434371362
131,247,1.1830498250122153e-07,1.1913525875242872e-08,0.9085112706037101,0.09148872939628999,2.627340322306088,3.563594111197268,6.190934433503356,NOMA,0.46374040700399677
104,1,2.835288050940897e-08,4.394501239813965e-09,0.8658060276859159,0.1341939723140841,1.762720908082077,2.2644720748873857,4.027192982969463,NOMA,0.3016623957280497
186,485,8.134377816740481e-09,1.2549860446633791e-09,0.8663396090312194,0.13366039096878055,0.9493970358240806,1.0615993446609189,2.0109963804849995,NOMA,0.15063643299513108
267,245,4.83828759443521e-08,6.038492280811612e-09,0.8890418878145828,0.11095811218541715,2.075401296875055,2.670947396031356,4.746348692906411,NOMA,0.3555317372963604
394,349,9.390933343269988e-09,1.4668781406794672e-09,0.8649011227678913,0.13509887723210867,1.0418495118080278,1.181868741758154,2.2237182535661817,NOMA,0.16657065569784135
217,116,1.9687359999241904e-08,3.052089171012492e-09,0.8657799866583863,0.1342200133416137,1.5233274370931078,1.8649043053640564,3.3882317424571644,NOMA,0.2538001305211359
158,356,8.13912733199276e-08,7.906380548586818e-09,0.9114603776687292,0.0885396223312709,2.3892807921593575,3.0367411435684835,5.4260219357278405,NOMA,0.40644359069122404
294,155,3.060233483621677e-08,4.816476593522364e-09,0.8640136018376312,0.13598639816236877,1.8133357976950302,2.3677907532911306,4.181126550986161,NOMA,0.3131930000738697
182,286,1.6247836730453363e-08,2.542644512741149e-09,0.8646844389011039,0.13531556109889614,1.3982298399313118,1.6774338871835865,3.0756637271148985,NOMA,0.23038679603856918
380,106,1.270813866401306e-08,1.9109113908343628e-09,0.8692862132857436,0.1307137867142563,1.2197939214667721,1.412038408007663,2.631832329474435,NOMA,0.1971409984625045
360,100,4.6959256414155694e-08,6.031395137580801e-09,0.8861800155128843,0.1138199844871157,2.059784382950834,2.665597843977093,4.725382226927927,NOMA,0.35396121550021925
141,498,1.4704518535293198e-08,2.316384785392368e-09,0.8639094094038325,0.13609059059616757,1.3342873284991106,1.585513799141128,2.9198011276402385,NOMA,0.21871169495432502
48,389,1.577389393909166e-08,2.4721440539149848e-09,0.8645106376045852,0.13548936239541484,1.3790419380528531,1.6494751290748042,3.028517067127657,NOMA,0.2268552110207983
257,328,1.7050479047831988e-08,2.6544372913677104e-09,0.8652906084108999,0.13470939158910017,1.4286145774118062,1.7210924754795054,3.1497070528913116,NOMA,0.23593311257612823
102,369,5.893203837345809e-08,6.7204137448494726e-09,0.8976365158038713,0.1023634841961287,2.1934273921516234,2.81403534552144,5.007462737673063,NOMA,0.3750908417732632
94,301,1.0670510409621304e-08,1.6561339728468581e-09,0.8656460005285518,0.13435399947144824,1.1194837475152648,1.2831073232580699,2.402591070773335,NOMA,0.17996936859725357
386,137,8.114474007931084e-08,7.797659961340294e-09,0.9123291033547962,0.08767089664520378,2.385546569211231,3.0204190137125613,5.405965582923793,NOMA,0.4049412421665763
220,59,1.0757174392268327e-08,1.6773128964059926e-09,0.8651079970194078,0.13489200298059223,1.1265254472901485,1.2934039172505134,2.419929364540662,NOMA,0.18126811719405708
85,243,4.542512909074287e-09,3.834532704840279e-10,0.922156739103229,0.07784326089677093,0.4258407398208959,0.43680575550777534,0.8626464953286712,NOMA,0.06461771500589297
432,198,7.834097524658436e-08,7.795760664957214e-09,0.9094955179986958,0.09050448200130429,2.366570215505639,3.0161770417891627,5.382747257294802,NOMA,0.40320204174492896
187,367,1.1872459035313577e-08,1.873521837088725e-09,0.8637040270549059,0.13629597294509407,1.1947263583402419,1.3885578695485177,2.5832842278887593,NOMA,0.1935044365459745
466,218,8.84724323516712e-09,1.3359023594847565e-09,0.868812407024175,0.13118759297582508,0.9910076072793889,1.1114644195584498,2.1024720268378387,NOMA,0.15748854133616771
215,392,3.162512224563325e-08,4.9433691284993005e-09,0.8648188934587525,0.13518110654124746,1.832945388114941,2.399203644937573,4.232149033052514,NOMA,0.31701490884288497
364,51,1.4450732494160162e-06,1.446737309224014e-08,0.9900877215274916,0.009912278472508428,3.7578202533687532,3.9377180565206373,7.695538309889391,NOMA,0.5764448172201792
228,148,1.5458296133187686e-08,2.4008797149674092e-09,0.8655660409315346,0.13443395906846548,1.3623569120144579,1.6220494523857132,2.9844063644001713,NOMA,0.22355103853184805
256,164,2.6829109906856442e-08,4.1702507506404355e-09,0.8654730077592131,0.13452699224078685,1.7277532791492674,2.204528720845632,3.932281999994899,NOMA,0.29455295880111604
426,121,9.133646537959086e-09,1.3899060747434353e-09,0.8679242527788819,0.13207574722111812,1.0138053715152033,1.1416506772469905,2.155456048762194,NOMA,0.16145738192975237
410,405,8.102282784853149e-10,5.656153581405266e-09,0.8747014488100422,0.1252985511899579,0.716675387224845,0.7729057494157804,1.4895811366406253,NOMA,0.11157911135884835
93,112,1.550407547077331e-08,2.420289487495873e-09,0.8649720928395122,0.13502790716048785,1.3661603174775152,1.6292320419896649,2.9953923594671803,NOMA,0.22437395951065023
332,86,9.577718291136147e-08,1.1041376368860634e-08,0.8966342886174371,0.10336571138256301,2.4914416537459743,3.4462663744950675,5.937708028241042,NOMA,0.4447721369468946
203,265,8.423026841833766e-08,9.624749258000051e-09,0.897450882261923,0.10254911773807697,2.4187580864422533,3.268694838675945,5.687452925118198,NOMA,0.42602643633844184
326,235,3.6672416092105436e-08,5.769243018716689e-09,0.8640665058910103,0.13593349410898972,1.9236901918565583,2.5813535749604424,4.505043766817001,NOMA,0.33745646193385775
341,98,2.6280792576149454e-08,4.147977608306075e-09,0.8636823774618057,0.1363176225381945,1.7174353101986142,2.196145950798039,3.9135812609966534,NOMA,0.2931521543817718
232,127,1.8634899826978005e-08,2.847649253646887e-09,0.867443605367336,0.13255639463266405,1.4819520791908514,1.7950084756578193,3.276960554848671,NOMA,0.24546521010102404
291,451,5.441771165535702e-09,7.125288839201902e-10,0.8842225958769778,0.11577740412302218,0.6617683003588716,0.704902180526574,1.3666704808854457,NOMA,0.10237232066557647
469,210,1.3532853232826782e-08,2.143845833054148e-09,0.8632463489893701,0.13675365101062986,1.2816087727501446,1.5112995656611183,2.792908338411263,NOMA,0.20920661710945793
486,418,6.55014254600361e-09,1.0364565334626579e-09,0.8633832468796316,0.1366167531203685,0.835007160392821,0.9220906564441982,1.7570978168370193,NOMA,0.13161781399528233
87,465,1.4046925451773406e-08,2.2190183776712503e-09,0.8635788736922615,0.1364211263077386,1.3050926892503925,1.544137846916231,2.8492305361666235,NOMA,0.2134255083270879
271,231,3.2226477183768606e-08,5.0582746720849295e-09,0.8643339590500506,0.13566604094994947,1.8451004392512727,2.4254696639031605,4.270570103154434,NOMA,0.319892891622055
25,188,1.4010846260138052e-08,2.210401449176754e-09,0.8637341905636848,0.13626580943631508,1.3029086093268218,1.5406221375128852,2.843530746839707,NOMA,0.2129985578157084
268,3,6.5016146420651e-08,7.272750258401122e-09,0.8993932596496715,0.10060674035032852,2.256188260965518,2.9147678184850996,5.170956079450617,NOMA,0.38733753404124477
457,92,5.126799630841014e-08,6.1866863026694735e-09,0.8923205903938554,0.10767940960614457,2.1087835493669003,2.704984272163396,4.813767821530297,NOMA,0.36058185929065895
270,339,3.6785087068171494e-08,5.817096512662464e-09,0.8634554376391288,0.13654456236087115,1.9257419953263595,2.590435217895316,4.516177213221676,NOMA,0.33829042795667985
234,200,5.45320922029244e-09,7.528893356220145e-10,0.8786855656836926,0.12131443431630744,0.6836391170899737,0.7325323055139205,1.4161714226038942,NOMA,0.10608025637482354
397,206,8.253600754736309e-09,1.2559447162704412e-09,0.8679279971792934,0.1320720028207066,0.9523184304215676,1.0635509730080173,2.0158694034295848,NOMA,0.15100145344041835
396,445,1.3250853731578242e-08,2.0941069903926183e-09,0.8635312902825301,0.13646870971746985,1.2668791803836594,1.4897108865002042,2.756590066883864,NOMA,0.20648614733212464
17,168,1.324522660337263e-08,2.0705382979728864e-09,0.8648099973256324,0.13519000267436762,1.2624423793080013,1.480586832996138,2.7430292123041395,NOMA,0.2054703529815835
68,149,9.23540163225982e-09,1.407971738878171e-09,0.8677137698940246,0.13228623010597537,1.0214039593483513,1.1516747123187283,2.1730786716670796,NOMA,0.16277742858929437
23,181,8.402637538248929e-09,1.287682362149749e-09,0.8671166302676167,0.13288336973238327,0.9660082246472443,1.0817287417704966,2.047736966417741,NOMA,0.1533885368103177
275,36,1.0183844820616826e-08,1.5857940234587065e-09,0.8652640030448389,0.13473599695516109,1.0912388371584754,1.2461833709771724,2.3374222081356475,NOMA,0.1750878058528575
415,40,1.865313896932151e-08,2.8532654124736444e-09,0.8673295004678285,0.13267049953217147,1.4829360920098953,1.7968972524056717,3.279833344415567,NOMA,0.2456804003307541
190,422,7.658390741749609e-09,1.2056142728892272e-09,0.863987636412867,0.13601236358713298,0.9221161640247298,1.0297255504499543,1.9518417144746842,NOMA,0.14620537187076288
292,290,2.0413135604805376e-08,3.1626302793838024e-09,0.8658524904378702,0.13414750956212984,1.5472839273863273,1.902409868028813,3.4496937954151403,NOMA,0.25840402961911163
174,78,1.0613744172301165e-08,1.6425921811689346e-09,0.8659801645616659,0.1340198354383341,1.1149071826142594,1.2764682267626852,2.391375409376945,NOMA,0.17912924414808576
0,408,3.853976613011517e-10,4.621773266379519e-09,0.9230308557731485,0.07696914422685157,0.42812689048674146,0.43907407299740914,0.8672009634841507,NOMA,0.06495887366922477
285,412,3.999954935501894e-09,2.7557085602944855e-10,0.9355469082714272,0.06445309172857283,0.3257436684033022,0.3309133939849665,0.6566570623882687,NOMA,0.04918779493545085
169,45,8.490457302667427e-10,5.849873418449187e-09,0.8732563102467821,0.12674368975321795,0.7393293732671387,0.8002762448332603,1.539605618100399,NOMA,0.11532626352811978
366,495,1.6793162538249997e-08,2.639161955548542e-09,0.8641870170297548,0.13581298297024533,1.4216634221592206,1.7140166459026425,3.135680068061863,NOMA,0.23488240210201225
5,321,1.8981030781916766e-08,2.989835105683168e-09,0.8639181941677323,0.1360818058322677,1.5038481380729602,1.8411571499564794,3.34500528802944,NOMA,0.25056219385988315
329,336,7.505153553008425e-08,7.514960901727724e-09,0.908982926168679,0.09101707383132089,2.3381165472912238,2.969191233074943,5.307307780366166,NOMA,0.39755114459671664
18,166,1.3032325146255217e-08,2.047350697493403e-09,0.8642311201707864,0.1357688798292137,1.2537055080128352,1.4695652074667085,2.7232707154795435,NOMA,0.20399031576625795
463,28,2.4821921160599134e-08,3.91987031123286e-09,0.8636177457805831,0.1363822542194169,1.6807569219027698,2.132665527668846,3.813422449571616,NOMA,0.2856496216907578
281,259,1.730324508018364e-08,2.737126040735394e-09,0.8634193935720952,0.1365806064279049,1.443716975816048,1.749872196820522,3.19358917263657,NOMA,0.2392201627443124
194,474,1.5440616043082775e-08,2.395521494276649e-09,0.8656928110551396,0.13430718894486038,1.3611993834881002,1.6200166029215732,2.9812159864096737,NOMA,0.2233120589070917
296,49,1.2934968509523932e-08,2.034754777550477e-09,0.8640753246716735,0.13592467532832644,1.2493034726774548,1.4637173405059292,2.713020813183384,NOMA,0.2032225328227254
204,497,8.371636113550976e-09,1.2661427899239322e-09,0.8686271180730839,0.13137288192691612,0.9582542827677031,1.0702560185523113,2.0285103013200145,NOMA,0.1519483371775292
373,253,2.775836873080554e-08,4.2279974087845074e-09,0.8678187640842563,0.13218123591574368,1.7457652798907464,2.2231554523448422,3.9689207322355884,NOMA,0.29729743312626133
76,201,1.0286822460425136e-07,1.166976944166708e-08,0.8981144244853052,0.10188557551469474,2.5330588181335183,3.521149795121972,6.05420861325549,NOMA,0.4534987725285012
371,363,4.0706280653571605e-08,5.987548128676718e-09,0.8717700328966594,0.12822996710334053,1.9828450426955575,2.636860079110626,4.6197051218061835,NOMA,0.34604532747611866
114,258,3.770205942933349e-09,1.5131947457941365e-10,0.9614131088112675,0.038586891188732465,0.19488889247235383,0.19595293259207522,0.39084182506442905,NOMA,0.029276541203328024
202,325,2.579696311433542e-07,1.3897203301548574e-08,0.9488823146452423,0.051117685354757816,3.1226418688803057,3.826478365357574,6.9491202342378795,NOMA,0.5205333508792419
62,385,2.2892230960022558e-08,3.6082798775541053e-09,0.8638411199063487,0.1361588800936512,1.6276584619615408,2.0415866260172635,3.6692450879788043,NOMA,0.27484981932425506
458,196,1.9719667456765204e-08,3.0909169632931185e-09,0.864496371229527,0.13550362877047303,1.5277220410684749,1.876600042832067,3.404322083900542,NOMA,0.2550053995431118
490,481,8.152169611303897e-08,9.255277962097325e-09,0.8980437709408917,0.10195622905910823,2.3995386797991447,3.219036014505275,5.61857469430442,NOMA,0.4208670182999566
480,242,3.76855886970641e-09,1.0639906070679347e-10,0.9725418797784348,0.027458120221565265,0.14166312191499414,0.14205726881619563,0.28372039073118976,NOMA,0.021252463725182757
403,388,2.7753675391534717e-08,4.192365357352588e-09,0.8687672945042928,0.13123270549570715,1.7439603927702947,2.2148055436398963,3.958765936410191,NOMA,0.2965367742629357
97,150,9.163203580008187e-09,1.4051890071521461e-09,0.8670385306409484,0.13296146935905154,1.019029682296475,1.1494889634195962,2.1685186457160714,NOMA,0.16243585361169074
246,313,6.927717200443351e-09,1.0662671394886621e-09,0.8666163086957297,0.13338369130427022,0.8551828921117932,0.9441421610504425,1.7993250531622356,NOMA,0.13478090285859443
444,41,5.266772435423078e-08,6.245059524339458e-09,0.8939948324762307,0.10600516752376939,2.12406971193143,2.7187563621666637,4.8428260740980935,NOMA,0.3627585074230782
105,130,4.489457477960469e-08,6.001293453482816e-09,0.8820868242978245,0.11791317570217544,2.0356247378615997,2.653899674459368,4.689524412320967,NOMA,0.3512752368779751
221,442,8.003938447610154e-09,1.2531163801671663e-09,0.8646312025281536,0.13536879747184644,0.9458660896453845,1.0589976904772156,2.0048637801226,NOMA,0.15017706218146817
470,124,5.3847562705552115e-09,6.856920000659337e-10,0.8870442561244705,0.1129557438755296,0.6457162220415749,0.6854819556779252,1.3311981777195,NOMA,0.09971521930483147
435,72,4.0941764782380065e-09,3.2611530490136314e-10,0.9262231271371524,0.07377687286284759,0.3729063042704589,0.38079098612706264,0.7536972903975215,NOMA,0.05645672587247353
266,419,7.86619357609757e-10,5.5604093603106265e-09,0.8760649443118489,0.1239350556881511,0.7030248800932265,0.7562800618116688,1.4593049419048953,NOMA,0.10931123160336297
279,145,6.444062382232999e-07,1.3917403538501813e-08,0.9788593289749459,0.021140671025054094,3.526838043328349,3.870185201518158,7.3970232448465065,NOMA,0.5540841381907495
82,299,1.7727180827497434e-08,2.774571427806023e-09,0.8646666200403291,0.13533337995967093,1.4563649629317723,1.7651440195077348,3.221508982439507,NOMA,0.24131153426513163
472,161,7.19584935420658e-09,1.0884587263969426e-09,0.8686119932037043,0.13138800679629564,0.8696000733913846,0.9601026442727031,1.8297027176640877,NOMA,0.13705638334562456
134,163,7.985831163375121e-10,5.6481632636877715e-09,0.8761261775689119,0.12387382243108812,0.7107698157464729,0.7652458162129212,1.476015631959394,NOMA,0.11056296868609694
468,362,5.72413216033716e-08,6.708799336344975e-09,0.8950932502118469,0.10490674978815306,2.1777515904977864,2.808385257223668,4.986136847721454,NOMA,0.37349339683306776
47,460,8.394392018779493e-09,1.2764947182687395e-09,0.868006445223,0.1319935547770001,0.9621698660559942,1.0758787288143585,2.038048594870353,NOMA,0.15266281609515753
31,61,6.480976315423453e-09,1.0194676703773e-09,0.8640790235475024,0.1359209764524974,0.8267558072555057,0.9114236311002879,1.7381794383557936,NOMA,0.13020070699294334
195,32,1.1449917005913817e-08,1.7967708266574566e-09,0.864360748183443,0.135639251816557,1.169108839793063,1.352226412532992,2.521335252326055,NOMA,0.1888640638446483
317,156,1.62299290419577e-08,2.5283523821508045e-09,0.86521407132205,0.13478592867795008,1.3959153137339655,1.6724552403215194,3.068370554055485,NOMA,0.22984049094048578
103,251,1.1272548013065312e-08,1.778195922404102e-09,0.863747543343387,0.13625245665661306,1.1611538240657713,1.3425048871913134,2.503658711257085,NOMA,0.18753997837131722
237,459,7.479939142462063e-09,1.171620276115414e-09,0.8645769832430908,0.1354230167569093,0.9063091595713955,1.0093155830055944,1.91562474257699,NOMA,0.1434924900806734
55,119,2.044919980268395e-08,3.207441849026773e-09,0.8644168561096318,0.1355831438903682,1.5520182210973612,1.9155464461864138,3.467564667283775,NOMA,0.25974267170664983
414,354,1.873505130417848e-08,2.962293565892232e-09,0.8634720707242657,0.13652792927573437,1.4963450896158954,1.8310088338594288,3.327353923475324,NOMA,0.24923999426781457
323,89,7.113952812333811e-09,1.077061919237608e-09,0.8685068999954079,0.13149310000459213,0.8634538617476698,0.9526583848954813,1.8161122466431512,NOMA,0.1360383705350675
352,159,4.289023897621325e-08,5.995480722185004e-09,0.8773572168073973,0.12264278319260269,2.0112360721913434,2.646203743384202,4.657439815575545,NOMA,0.34887189629779364
95,27,9.298918098018529e-10,5.90837164317167e-09,0.8640163813230239,0.13598361867697603,0.7767366259465468,0.8507528309842936,1.6274894569308405,NOMA,0.12190932261654237
50,233,7.627418316754147e-10,5.523969333986169e-09,0.8786739502457884,0.12132604975421156,0.6901344960576313,0.7400220607208036,1.430156556778435,NOMA,0.10712783196842209
26,211,4.792375831216206e-09,4.464522109729893e-10,0.9147801364393655,0.08521986356063452,0.4786474533849299,0.49406288348402727,0.9727103368689571,NOMA,0.07286219751827396
375,374,1.4099032793451395e-08,2.220783822456485e-09,0.8639210308103734,0.13607896918962661,1.3064586010529478,1.545267527922084,2.8517261289750317,NOMA,0.21361244411797994
493,293,1.4347220098226907e-08,2.2669879474019084e-09,0.8635512483546663,0.13644875164533352,1.3191349376661121,1.564456348558772,2.883591286224884,NOMA,0.21599934728276285
171,123,4.65030481154758e-09,3.8942195599705746e-10,0.9227295498428807,0.07727045015711921,0.43171327359829514,0.4428969533246567,0.8746102269229519,NOMA,0.06551387467587655
307,154,1.2710825190538818e-08,1.9847415411222183e-09,0.8649428377031443,0.13505716229685572,1.2349903252879337,1.4418488774601315,2.676839202748065,NOMA,0.20051229983131577
376,208,5.6126878610627485e-08,6.355108721638292e-09,0.8982889470553618,0.1017110529446381,2.1594450996069603,2.746038374993987,4.905483474600947,NOMA,0.36745194566299233
347,431,1.9841037868653696e-08,3.0951102852896274e-09,0.8650553587064488,0.13494464129355116,1.5303820375781103,1.8787024849599487,3.409084522538059,NOMA,0.25536213651970485
440,482,1.5411815845458346e-08,2.357043581609969e-09,0.8673497535796051,0.1326502464203949,1.354695332118462,1.6061490018074056,2.9608443339258677,NOMA,0.22178609242890396
101,241,7.3812448608268565e-09,1.1695010569801893e-09,0.8632281828717787,0.1367718171282212,0.9032947191699444,1.0068697976134005,1.910164516783345,NOMA,0.14308348440324684
365,52,7.364568112895877e-09,1.1600690246961282e-09,0.863915729670129,0.136084270329871,0.8996076857031602,1.0015874455108889,1.901195131214049,NOMA,0.1424116203156591
455,391,1.3314732086435526e-07,1.2755834035759326e-08,0.9125732816093527,0.08742671839064742,2.7011771435658476,3.659996842652707,6.361173986218555,NOMA,0.4764924334246109
487,295,4.78942659304775e-09,4.430100382368309e-10,0.9153338932786902,0.08466610672130977,0.4759589652377395,0.49108561243273713,0.9670445776704766,NOMA,0.07243779608018552
401,2,1.4254622479264395e-08,2.2341211352796147e-09,0.8645062845595468,0.13549371544045313,1.3118584533297053,1.5515956309928403,2.8634540843225453,NOMA,0.21449094264588356
209,33,5.359667375107185e-09,5.955933316784236e-10,0.8999887056162317,0.1000112943837683,0.5906194620055247,0.6192038308548153,1.20982329286034,NOMA,0.09062346762998802
66,387,2.366628728171438e-08,3.749845598432757e-09,0.8632248532342015,0.1367751467657984,1.6505776394719722,2.0830294801898774,3.7336071196618494,NOMA,0.27967094529302244
11,-1,3.753001802157646e-09,0.0,1.0,0.0,2.2488389486554827,0.0,2.2488389486554827,OMA,0.16845235570453054
14,-1,3.5133296500676123e-09,0.0,1.0,0.0,2.1741921557161854,0.0,2.1741921557161854,OMA,0.1628608356341712
16,-1,3.754908227832842e-09,0.0,1.0,0.0,2.2494174966004277,0.0,2.2494174966004277,OMA,0.16849569262924552
19,-1,2.3019085866505055e-09,0.0,1.0,0.0,1.7233001797873488,0.0,1.7233001797873488,OMA,0.12908615578931454
22,-1,2.7567344955433755e-09,0.0,1.0,0.0,1.909479158168081,0.0,1.909479158168081,OMA,0.143032146679257
34,-1,3.74930720417835e-09,0.0,1.0,0.0,2.2477170784978506,0.0,2.2477170784978506,OMA,0.1683683204867304
39,-1,2.758033373549837e-09,0.0,1.0,0.0,1.9099778787965676,0.0,1.9099778787965676,OMA,0.14306950402970545
56,-1,3.431433526177452e-09,0.0,1.0,0.0,2.1477734722699613,0.0,2.1477734722699613,OMA,0.1608819080352031
71,-1,3.044558416006587e-09,0.0,1.0,0.0,2.015982198127736,0.0,2.015982198127736,OMA,0.1510099024814784
120,-1,3.721805374925185e-09,0.0,1.0,0.0,2.23933857726818,0.0,2.23933857726818,OMA,0.16774071739836555
132,-1,3.4778144933065573e-09,0.0,1.0,0.0,2.162794761524526,0.0,2.162794761524526,OMA,0.16200709824153756
142,-1,3.4730303495360378e-09,0.0,1.0,0.0,2.161252547069673,0.0,2.161252547069673,OMA,0.16189157655952607
144,-1,3.269449545502793e-09,0.0,1.0,0.0,2.094050077067139,0.0,2.094050077067139,OMA,0.15685768367544115
147,-1,3.252041751364689e-09,0.0,1.0,0.0,2.0881557629534626,0.0,2.0881557629534626,OMA,0.15641616201898598
178,-1,3.3522016770490473e-09,0.0,1.0,0.0,2.121745411307242,0.0,2.121745411307242,OMA,0.15893224054735897
180,-1,3.461856632046835e-09,0.0,1.0,0.0,2.1576441577868857,0.0,2.1576441577868857,OMA,0.1616212852274821
212,-1,3.539370065749111e-09,0.0,1.0,0.0,2.1824921067508134,0.0,2.1824921067508134,OMA,0.16348255481279503
244,-1,3.4337934194623722e-09,0.0,1.0,0.0,2.148541553322026,0.0,2.148541553322026,OMA,0.16093944219640643
249,-1,3.537386790501049e-09,0.0,1.0,0.0,2.1818616477761057,0.0,2.1818616477761057,OMA,0.16343532942143116
272,-1,2.9883343866057848e-09,0.0,1.0,0.0,1.9957863720415503,0.0,1.9957863720415503,OMA,0.14949710651996634
273,-1,3.3337687674045606e-09,0.0,1.0,0.0,2.115622179038807,0.0,2.115622179038807,OMA,0.15847357146358107
298,-1,3.725319321322808e-09,0.0,1.0,0.0,2.2404118251480583,0.0,2.2404118251480583,OMA,0.1678211104979819
304,-1,3.2410968159184425e-09,0.0,1.0,0.0,2.084437417207194,0.0,2.084437417207194,OMA,0.15613763424772992
309,-1,3.504264959687801e-09,0.0,1.0,0.0,2.1712916952654906,0.0,2.1712916952654906,OMA,0.162643572679063
343,-1,3.3605151174770632e-09,0.0,1.0,0.0,2.1244985738857967,0.0,2.1244985738857967,OMA,0.15913846995399225
346,-1,3.766020235082645e-09,0.0,1.0,0.0,2.252785076788656,0.0,2.252785076788656,OMA,0.16874794582686564
383,-1,2.4620730531224183e-09,0.0,1.0,0.0,1.7916361673000094,0.0,1.7916361673000094,OMA,0.13420495635206064
404,-1,2.2950156685174675e-09,0.0,1.0,0.0,1.7202853255789121,0.0,1.7202853255789121,OMA,0.12886032401340167
423,-1,2.8261283640677965e-09,0.0,1.0,0.0,1.9358852759572869,0.0,1.9358852759572869,OMA,0.1450101330305084
425,-1,3.041655277500847e-09,0.0,1.0,0.0,2.0149462760351597,0.0,2.0149462760351597,OMA,0.15093230532098575
434,-1,3.360785027237691e-09,0.0,1.0,0.0,2.124587871918615,0.0,2.124587871918615,OMA,0.1591451589452146
462,-1,3.442622742597761e-09,0.0,1.0,0.0,2.1514116361731097,0.0,2.1514116361731097,OMA,0.1611544296758884
475,-1,3.3577758910426108e-09,0.0,1.0,0.0,2.1235920043484793,0.0,2.1235920043484793,OMA,0.15907056212348158
484,-1,3.7110437006992836e-09,0.0,1.0,0.0,2.2360467148310774,0.0,2.2360467148310774,OMA,0.1674941359424028
