User_ID,x_coord_m,y_coord_m,distance_m,angle_rad,path_loss_dB,path_loss_linear,shadowing_dB,rayleigh_fading,h_linear,h_dB
0,-136.42308915105806,-636.154327874414,650.6178510668647,4.501138889556345,131.8917166096909,6.46886874123228e-14,16.407039172917756,0.7986396112178114,3.0719423242869814e-08,-119.99590356952103
1,-56.83899113420784,648.4859315763213,650.9720995292838,1.658221672679089,134.0770513690296,3.9110634629462525e-14,-12.025022553840548,1.4666507676146572,1.1580445662228208e-06,-116.3058611654316
2,372.30643165420946,892.8916890608301,967.4025260691604,1.1757492691984108,138.64470341240437,1.3662483760895048e-14,-0.058695870309365836,1.667671220718797,1.9625017696096357e-07,-119.83587589269204
3,-475.9481074302908,818.296077913448,946.6441105795818,2.0976012895200102,136.7631723626394,2.1070884364716104e-14,10.3204354634704,1.6480631055671242,7.29110656520465e-08,-119.97697395272787
4,-688.1293643811755,-456.0907687462306,825.5548506666097,3.7269121674233565,135.41153402367397,2.8763822337794735e-14,13.322983996747201,0.8645427198550055,3.162718631576632e-08,-119.99565801510786
5,682.5091266632398,723.7328316094495,994.790389744518,0.8147045726917963,140.41101099479997,9.097014784327369e-15,9.282703542770129,2.3954408446180424,7.846929008587741e-08,-119.97334061617885
6,757.9348058880958,171.30365176005682,777.0521932810924,0.22227908929835527,102.47154073852548,5.6603844099912315e-11,-5.727673274180467,0.47808551960771223,6.955241539583526e-06,-103.0648950608993
7,-746.2344858202342,-338.6216885580161,819.4696796033832,3.567580472528242,138.1274619243617,1.539053821381048e-14,2.691817737184121,0.3259789123364587,2.9663713863298267e-08,-119.99618016721213
8,74.33349644959121,-761.3151757034053,764.9354648927766,4.809718743391414,127.43149980407152,1.8065501394604788e-13,6.972326172925678,1.5681465930042247,2.98672584457118e-07,-119.62890249012756
9,332.8249875315954,-527.4695153358604,623.6958889828071,5.275280049465653,129.89813428902218,1.0237326891208093e-13,-7.0476120363411825,1.3870314274440179,9.989878099480806e-07,-116.99409592815086
10,-203.65145034171488,967.7899511277575,988.984986099461,1.7781997404530303,137.41150430816478,1.8148869138009097e-14,-0.07927086248432283,0.5478917594933328,7.44874481698915e-08,-119.97597029360344
11,-298.4292168966357,-798.0652903511865,852.037678251885,4.35454719891207,135.23975648559386,2.9924324213729466e-14,7.6842072236120895,2.3092562510361185,1.6492023404271878e-07,-119.88345545843615
12,-433.09225723959963,-609.526104431264,747.723862976195,4.094624620439143,130.7056252317478,8.500363089602288e-14,-4.350264044293579,0.35501272189010513,1.707952769752174e-07,-119.87512448607019
13,488.78132375303426,144.9747877398807,509.8282765108188,0.2883388425281801,98.44580655544532,1.4302743309614202e-10,9.532854072706806,1.1170916837887856,4.4581613999560454e-06,-106.803692911302
14,-685.0243695450393,297.8817572515589,746.988572987469,2.731409975137942,125.00494879517943,3.1586762900891947e-13,-12.363925971124724,1.2021531388747793,2.8048436246665083e-06,-110.52216054554222
15,641.3367158251153,-349.3745919859927,730.3255360390485,5.7843740251940226,129.35829812762773,1.159231535911719e-13,16.80347386142146,2.4312257537049797,1.1960151697017114e-07,-119.93831637957888
16,-436.9484683513783,-870.4548435670212,973.9689926706614,4.2471608780625,129.28152380224955,1.179906571043501e-13,4.568883367952004,1.8050863986756287,3.664187048396535e-07,-119.45286361906491
17,-778.7040787918293,-182.0077316738676,799.6917260520444,3.3712022337749175,128.82932201104612,1.3093863189120148e-13,1.4688748959438631,0.49850150144393135,1.5231989278812997e-07,-119.90038895636704
18,61.881960256864495,505.1220897568412,508.89851892646584,1.4488948380333193,118.39595409576546,1.4467869754746395e-12,13.10938710196258,1.0295726991942156,2.7377258593099054e-07,-119.68611158704199
19,151.16729080699315,-359.84056603837774,390.30344960907803,5.1100978851513075,95.89251573154974,2.574829207223529e-10,10.81374691912092,1.000642121291152,4.623444489302867e-06,-106.50212908978784
20,131.78372082470534,-217.1612915058748,254.01963625456872,5.257827978286835,107.97206953711091,1.5951188464593773e-11,-8.080387263978643,0.6412080313890934,6.4925430768011094e-06,-103.64987843266748
21,-365.51759439959125,-217.61788998644852,425.39470830960994,3.6786001403380943,120.67700886453353,8.55655829587867e-13,8.751965676268124,2.286001307790657,7.72018571010081e-07,-117.96963664226107
22,1.8041120625998903,752.932480926232,752.9346423522198,1.568400217375224,125.73232166005403,2.671577849471448e-13,0.5495698627213043,1.6130927282794367,7.826448958982687e-07,-117.92491379988498
23,-278.07879844969693,-99.82487492437401,295.45358992724067,3.4862454372977574,118.93026192649155,1.2793041459698569e-12,8.423803638618335,0.9897427532214863,4.2444268415459373e-07,-119.28062203373484
24,-651.1575155558089,-601.8577679955491,886.7011238074516,3.88766621113003,133.11068123877592,4.885757148442916e-14,-2.7878876996975936,0.5006562100461505,1.5254568607277444e-07,-119.9000967914852
25,79.19149256202094,-664.2085349711572,668.9127524742905,4.831055663923376,131.15985091245923,7.656228892793909e-14,11.183281188779366,1.2306395729898885,9.396676405921032e-08,-119.9618211788657
26,-763.3245048217316,255.6062518942508,804.98376112116,2.818469426172828,125.93280866232519,2.55105095747062e-13,0.018250953839941613,1.5646963514400811,7.886368916352012e-07,-117.89963034155527
27,492.0255114928281,530.2146765806683,723.3372016019374,0.8227391075758029,135.90202218992695,2.5691992171339386e-14,-0.5834124694127263,0.3091886944524494,5.300210516118772e-08,-119.98781680352643
28,-118.68557436467474,-93.00228474746665,150.7835883991411,3.80625469464322,102.48979921851897,5.636637143240546e-11,-17.051708053224218,1.813749878722858,9.69779139908022e-05,-80.2660814779753
29,-414.3145647099491,-43.10287222007535,416.5506165214676,3.2452539187030585,123.32424063189778,4.651316977840623e-13,-13.677090678889773,0.2409388029350425,7.935042380621157e-07,-117.87905931964532
30,50.36940443746639,537.9771327141948,540.3299660640445,1.4774410710528563,130.90131736114978,8.125839947366163e-14,3.948930305468123,1.4891887077285997,2.694246646977762e-07,-119.69566398117283
31,739.6162521122474,400.16840333291213,840.9321919242833,0.49594483737953104,134.16313660456365,3.834302206999927e-14,-13.389419486048924,1.9840471648091913,1.8149561470157248e-06,-113.67131303372388
32,-588.482200571636,616.4172909782208,852.2215539439047,2.333014061494354,137.8618262207424,1.636128380082611e-14,0.1728460558788728,1.8209053802942077,2.2832515718836985e-07,-119.77929614593195
33,568.7929751236734,351.93955364370066,668.8698662437762,0.5540909054684364,127.95603847127558,1.601017772247042e-13,-1.4036295178095621,1.121206801232516,5.273091117135452e-07,-118.93450490505256
34,-401.6313495535024,442.2096968822056,597.3752229217578,2.3081438381005728,130.53677213128776,8.837364884385561e-14,-9.87412396626796,0.5598945852526336,5.187688125560774e-07,-118.96496941932165
35,673.3327944283802,-420.0045058909746,793.5873216108314,5.725471286647343,133.09096010532042,4.907993619556893e-14,7.906955579541244,2.1614026493177194,1.9268144526966062e-07,-119.84168419799323
36,566.1400055184915,549.2308885784753,788.7769487105838,0.7702392401988764,133.60601565514324,4.359116083782677e-14,3.660438136886434,2.1346917658755835,2.924236443875701e-07,-119.6436553610694
37,-921.7893339223334,360.80238395456837,989.8858198803936,2.768508777115337,131.25750503218225,7.485994380748687e-14,-1.6404360647525338,0.6044357102451007,1.997545434984292e-07,-119.83007637630371
38,-691.8476497203048,-503.07378943556307,855.41592692711,3.7703056120209824,132.00452738232423,6.302999341710036e-14,-7.974624702682726,1.7020574282540963,1.0702348168465735e-06,-116.68491204845857
39,-159.70048959106464,-496.44841598760496,521.5029013459348,4.401157423130133,128.3718748285432,1.4548309014466123e-13,2.943825661490443,0.9851527347027893,2.6774325738449594e-07,-119.69932259548918
40,679.2878929315344,349.0047261736289,763.6991163900175,0.4746109628208339,128.17744542684463,1.5214421974517227e-13,10.181698978678718,1.5184827588129979,1.834225153997864e-07,-119.8562908795765
41,-972.0413189302506,-233.00219420565003,999.5770846774693,3.3768577383871405,129.34826102671738,1.16191376654429e-13,-7.727688241906964,1.146328617233906,9.512189533101078e-07,-117.20146628273653
42,636.1105189547625,-515.859682618551,818.9919440850498,5.601797553054295,135.85085941472607,2.599645074857192e-14,4.380873880752856,1.5321669245228826,1.491830280600803e-07,-119.90440511921452
43,-333.6318434686375,610.5706979625605,695.7778267426821,2.070891618984906,124.06020208352892,3.9262666548565294e-13,-9.16870088085527,1.1431333464504616,2.0583623697021156e-06,-112.80929397349519
44,818.9171708712222,366.16040806930505,897.0500416282285,0.4204626078492358,134.7827485647547,3.324490861824392e-14,4.119774044831542,0.6316158255648929,7.166826197556604e-08,-119.97775025212877
45,-508.9320279162995,62.96483217314166,512.8122259946509,3.018498625862334,128.02948485600666,1.5741695755442163e-13,-0.3958026386366578,0.6088871977374778,2.5284404639295446e-07,-119.73086899351179
46,-801.8977356539907,-481.80268020758285,935.5072426775797,3.682620816835504,133.34252219929377,4.6317784744029284e-14,-15.74444602278616,0.6012962058056228,7.928383601978408e-07,-117.88187525445771
47,298.54563122535586,-215.46943976305312,368.1800828338629,5.658023608182064,116.62188524902405,2.1767646453875346e-12,-2.9759871689970594,0.8972837509266806,1.864811329777429e-06,-113.48962339913695
48,784.3111963252377,-383.8358137862908,873.1975633418303,5.828059860582632,138.4925191274977,1.4149727861391286e-14,8.54741258300547,0.16471143235323552,7.323642872511623e-09,-119.99976706916613
49,433.31648774080514,-523.9888360672551,679.9466735495837,5.403352640188498,101.19604440622223,7.592688091511918e-11,2.029326576944598,0.6362984102989624,4.3892699227110024e-06,-106.93238595207043
50,465.1121539463293,-335.2230072876896,573.3269402039261,5.65867779611937,122.3546906101053,5.814748549015682e-13,-2.2973165686428447,1.5801359555755468,1.569732873379541e-06,-114.60414432096412
51,-696.3434241168484,-590.5182689215313,913.0202573003837,3.8449403777070383,136.589545323479,2.1930345189977228e-14,9.373322061310075,1.8280107802487073,9.201007470423954e-08,-119.96338802197718
52,238.29602966021187,-383.4985655345592,451.5043161686111,5.268376569723861,122.13565976698895,6.115528906392819e-13,-4.1790610213001385,1.9483767195660597,2.465147979021049e-06,-111.50153593015402
53,-789.8308285959201,129.6532836071367,800.4015940455331,2.9788904720051566,129.5445813699493,1.1105595804899429e-13,6.386155014462904,1.4419328194081678,2.3036060347035107e-07,-119.77544405783603
54,-316.2226577437935,681.8539066827432,751.612612539909,2.0050413187908864,126.74693086066621,2.1149831608021951e-13,5.394382355031401,0.9589330404186932,2.3698596243727488e-07,-119.76269319753729
55,-44.21135822987919,-672.334405756044,673.7864627312302,4.646725528232506,125.69367021441703,2.695460541054007e-13,-1.1653702715905487,1.9328150845759562,1.1475597553775656e-06,-116.35093949058901
56,-189.69058152835524,-882.0632223937988,902.2294857852395,4.5005619032256,134.43190918050104,3.6042016566330634e-14,2.3129606336622626,0.5691345292152239,8.278877265376518e-08,-119.97033508490404
57,550.188463194661,-221.54086454080314,593.116935935899,5.9003848385522595,124.3096724842003,3.707086770930696e-13,-2.4133594273356724,1.4650160219192552,1.1776784320213328e-06,-116.22160955859378
58,-310.90068966963025,697.7065846479029,763.8414214338555,1.9899883425252567,128.02614522883442,1.5753805421893741e-13,-11.689668098638402,1.1041201713554285,1.6834200197748212e-06,-114.1635888341837
59,491.44202138849596,729.9490528927818,879.9664085665316,0.9782462661795848,132.11211111325957,6.148779067993983e-14,-27.019402336974156,1.174296332093757,6.533445392491253e-06,-103.59658626237147
60,-358.43749924547643,-36.39047043029637,360.28003997375316,3.2427712632871057,120.64718809751378,8.615513955597978e-13,14.491806325093176,1.222503157928547,2.1394407743993323e-07,-119.80562962006746
61,176.5181265460138,-263.4962241516626,317.1575462471258,5.302631961025158,114.48941930610766,3.556788731086419e-12,-9.337181581948073,1.9035937219815804,1.051870747661317e-05,-99.52167696788501
62,314.6156133964667,725.0818101404025,790.396492647404,1.1614084788975383,133.3627434475131,4.6102625128820406e-14,2.0874972083902423,1.5909825078599202,2.686292948137252e-07,-119.69739711595338
63,878.1609562311022,206.91367089107368,902.2083640990829,0.2314009273364176,137.76908779587686,1.671441651663311e-14,-6.459762659692252,1.2587016476493422,3.423391309770998e-07,-119.51870596581469
64,-17.43456138801294,51.444062447537604,54.31809543695858,1.897551426869305,77.12212461739989,1.9399366066309062e-08,6.1444033208426125,1.3401206083065405,9.200628365157117e-05,-80.72313721475368
65,-6.184070057410928,-428.8141419688615,428.85873090677063,4.697968650466524,122.07769377912706,6.19770102353813e-13,-2.62599543314979,1.5935782972499812,1.697416772532442e-06,-114.11031325377884
66,-172.40349507588158,815.6438466758746,833.6653103821683,1.7791012973190385,137.0402455369177,1.976857871408769e-14,-0.241137519174488,0.7997655331992294,1.1561316297792176e-07,-119.9423349814729
67,604.5938262513305,126.48981158613033,617.68387317164,0.20623977909525484,123.97611997343877,4.0030222371431227e-13,5.874156853215745,0.9752190543151339,3.1375332490905905e-07,-119.59223206286799
68,381.6467734187494,-318.53735486398904,497.11196536061084,5.58767685465896,117.2947572398151,1.8643363872664116e-12,4.129406485991255,0.9152521672419521,7.768417888412603e-07,-117.94935595407333
69,304.90324566470576,41.187286915698806,307.672523668182,0.13427037603184655,109.88155674844185,1.0276478670174986e-11,8.830724824246783,1.123301645932919,1.302813699333315e-06,-115.69066958214478
70,129.85872331018786,-909.033111986758,918.261665707592,4.854282639253738,128.3499226308687,1.4622032232301197e-13,-4.230669822872323,2.434282849985129,1.5149852306948585e-06,-114.82120824134586
71,-622.5725381525431,-324.42017840404196,702.029214076886,3.6219744293190956,135.41968981859634,2.870985625972441e-14,3.1102528395526363,1.4948308932144871,1.770495926133389e-07,-119.86595376381712
72,506.10001797604724,775.1849906497775,925.7694086132092,0.9924016604600628,133.77467728144597,4.193071536936012e-14,-5.536875155840118,1.6959624011252512,6.569406163230924e-07,-118.44187115975579
73,-22.424888575601713,549.6645119354209,550.1217604392982,1.6115711247970483,131.37124673256642,7.292481343707779e-14,-4.163692299101869,2.0589971573082946,8.980034917316842e-07,-117.43183606034461
74,-569.0799504383339,786.3658392519969,970.6818341420602,2.197241027018965,131.47509498814784,7.120172267096368e-14,-13.155791997110631,1.7266474160949867,2.0952628533471665e-06,-112.68401048381087
75,277.36569589261416,-493.5656066328063,566.1614057040662,5.224370552106868,119.92559290713696,1.017280475622909e-12,-1.4154858485990818,2.992522331015513,3.552483316145931e-06,-108.65818501304283
76,805.4487152788336,-334.8717175097001,872.2881978636533,5.889168716883985,128.69650529417711,1.3500488106617213e-13,0.7297539362481026,1.2555567262455187,4.2415381490040027e-07,-119.28152421577828
77,367.0689781785411,-63.590644675140695,372.5364476547742,6.111648869763302,118.07917483036928,1.55626129678671e-12,5.967708052116274,0.9799548349952307,6.149813080609683e-07,-118.60687121268089
78,123.8077300267457,-949.025079607911,957.0668501934321,4.84211415602841,131.05227581663354,7.848242584025347e-14,-2.1710177592068556,1.1974988653734306,4.3073702853695697e-07,-119.26085844305186
79,665.3556839509087,-583.451920289107,884.9374720593698,5.563278921765311,137.4993082760111,1.7785626686443003e-14,2.0025503691605233,2.018243203530841,2.137374217905123e-07,-119.80599667695029
80,434.9866434797929,-38.270697348853524,436.66695121268793,6.195429955275743,117.97567022225988,1.5937969000163144e-12,5.196561205284543,0.7977239874869378,5.536573632083769e-07,-118.8387846115084
81,-221.23432216827547,-809.2196490581412,838.9166023670275,4.445518162574894,126.45138254483558,2.2639234893201767e-13,1.7519016715473343,1.9879333987681889,7.731034644168398e-07,-117.96507763943438
82,-164.3247789497142,972.6926664797652,986.4753703972483,1.7381541581331212,132.36883954802468,5.795835427454966e-14,-2.0044881616305448,0.8711448163060541,2.6416348620402043e-07,-119.70704572706796
83,-461.3483365276454,459.35130728897127,651.0344930377441,2.3583635212333367,122.54062768784829,5.57105224433995e-13,3.207439817768645,2.044639241703657,1.0549049165884921e-06,-116.75136599798228
84,-60.61039829299455,-746.7011613374162,749.1570227421496,4.631395658900385,126.30480701931211,2.3416355244753203e-13,-4.8544026894415175,1.9666381706451224,1.6641951334090484e-06,-114.23711016878079
85,-388.6617297575321,204.32488572041245,439.09748246007575,2.6575861450663325,97.0255624709421,1.983552742904076e-10,-2.3925944777257504,0.9752086647348404,1.8090440902800538e-05,-94.83776673919353
86,-203.672975299116,-801.5426538687356,827.0146956603189,4.463554075234243,134.91153163433552,3.227355723506185e-14,-1.0199390195087827,0.7264718574061072,1.4677063195918058e-07,-119.90743935173728
87,-314.3697044634171,-496.1600062959053,587.3696135585914,4.147625366355062,123.53434540941879,4.431650055238805e-13,-3.846600230754312,1.3860762313881072,1.4368117049849562e-06,-115.1365059575271
88,480.46814528650117,21.062390822187524,480.92958210344784,0.0438091779473457,120.18693169031958,9.578705720776432e-13,1.6771852369840647,0.7889815634290533,6.365917537244483e-07,-118.52246696262212
89,407.3488153539734,348.2835297172844,535.942603683096,0.7073900842390347,119.92157685553855,1.0182216205378206e-12,4.438368515542573,1.7644503028927296,1.0681006074895367e-06,-116.69416010949668
90,149.64541393176094,-11.176088284198054,150.06216998345806,6.208639897405325,86.79736267343753,2.090565276518756e-09,-12.647000098796187,0.7738469037065179,0.0001517528725052224,-76.37707300736928
91,238.8015765173913,924.7306445389643,955.0669913135098,1.318078408231741,133.56707003449503,4.3983825201588764e-14,-2.1601771857221954,0.9239294867158434,2.4848157156716876e-07,-119.73980556212425
92,411.0481393499611,641.4759993320661,761.8740254019282,1.0009265036651378,136.57127602674078,2.2022793030560423e-14,-5.424187865895595,0.7825865652767391,2.1685926426698844e-07,-119.8004172878689
93,-34.54592666865102,-509.2857507433258,510.4560676097296,4.6446606211453965,119.67510707069219,1.0776786843433624e-12,7.281355731919654,0.39785109675311675,1.7860656556639374e-07,-119.86362259070647
94,651.1870957196866,-709.4729093202153,963.0142484361957,5.454976888552207,136.5144110702662,2.2313047654654488e-14,6.547373693998664,0.8578627964159342,6.030156668845442e-08,-119.98423648412738
95,785.9883241824868,-584.0767681925483,979.2463004236706,5.644107594297224,135.0898523880555,3.097524578900056e-14,1.2523287048386014,1.2474152633824125,1.9006493398662837e-07,-119.8458798184872
96,-610.711897124932,-435.82543799845865,750.2751719845738,3.7614111863876256,133.60336347372515,4.361778953795164e-14,-2.3787359044230576,0.9242052421772962,2.5382655127726054e-07,-119.728837431659
97,-867.4049703935152,-81.19406868758333,871.1967972010796,3.2349264120434436,132.52171143953382,5.5953705930685833e-14,8.334529573759207,0.5759251752343867,5.218600030333884e-08,-119.98818859307504
98,-525.9737988931321,766.5986881863521,929.6891877671316,2.1721416470703696,129.55713359938355,1.1073544112936718e-13,-4.421799050246402,0.7075513270981688,3.9173395964124565e-07,-119.3799915761418
99,524.6440802066,-250.04025120486165,581.1811577455172,5.838440272713048,124.96345626029638,3.188998933271648e-13,4.350678382945141,1.6975790110197353,5.809292779162703e-07,-118.73713084708655
100,-483.56557816213444,-160.69736873065392,509.56777046849726,3.4624288000482695,128.30114204623936,1.4787194842885022e-13,6.7122841673889475,2.469256983451492,4.3842466621954667e-07,-119.23644985602073
101,446.97423049908883,-214.80474081954202,495.9103138762121,5.835197927418166,118.75121223371434,1.3331492620996547e-12,-8.618551556266127,1.7318643692465294,5.393626182799957e-06,-105.2156044371769
102,602.431435128422,-525.1736695837982,799.2064922502835,5.5661951479474885,125.84678597641033,2.6020845397882404e-13,-3.9725742682139606,0.9339892365424459,7.527162397206432e-07,-118.0504694056131
103,573.2539226714484,74.10773063837665,578.0242344388107,0.12856255278788223,129.85104614110253,1.034892848671289e-13,-2.3650133611500137,0.9984860967128796,4.217357168010023e-07,-119.28905952380285
104,301.9616929121165,-260.844032192603,399.0244016558976,5.570715930377377,125.10370226715794,3.0876621446169077e-13,-1.793321602543008,0.7901162076215164,5.397242572265605e-07,-118.88972084229182
105,327.87050732648805,-942.0237805107649,997.4506868122967,5.047324727607815,140.2224872688458,9.50060524076668e-15,9.50085132868768,0.7058784496213542,2.3044272028897103e-08,-119.99769434135604
106,161.62990455318797,28.83804923511469,164.18239591856235,0.17656235297821107,87.67563025850205,1.707799862089336e-09,-11.57936922255697,1.0578668425608702,0.00016581276184984785,-75.60748297919847
107,537.79836059902,-480.6277215808871,721.2697715938388,5.553864555521621,127.70906144904134,1.6947040022473725e-13,-10.007930076191702,1.763736833680555,2.2981438853958608e-06,-112.01939033765666
108,-680.911812541022,626.4332121095314,925.2348165151185,2.3978415676138773,140.23538292691026,9.47243660283978e-15,-1.4996859146147021,0.7698770201936104,8.905052948876897e-08,-119.9656962965461
109,815.8007087983469,65.86511787957825,818.4552585384102,0.08056203185714941,135.76820553976,2.6495946978047274e-14,4.058110191483912,0.9032412940934176,9.21484422039243e-08,-119.96327828739138
110,160.46885901000508,-743.424500628897,760.5460162589097,4.924978317750942,130.96936962165924,7.999503593568462e-14,11.343741674667264,1.6912270131057345,1.2958249628547096e-07,-119.92768040296936
111,-815.4441538431622,-292.3909957651019,866.2803601845644,3.485878664546337,138.25386880544082,1.4949033649146396e-14,-9.274687924514174,1.0424840343383897,3.7077493584050586e-07,-119.44058501261446
112,-447.3461339591717,-622.4034727472219,766.4885168455031,4.089196390414668,134.40713836467083,3.624817647374268e-14,-16.06268141870674,0.5346353732371728,6.468965610816391e-07,-118.4817826483699
113,729.4432935584431,-11.466838050783293,729.5334172553522,6.2674666163118555,128.7012580727015,1.348572168994377e-13,6.529826991437846,1.6305553307128458,2.8234577110837887e-07,-119.66689202121019
114,807.367366099506,90.99691355975746,812.479231808331,0.11223454454706805,102.89948417428023,5.129223018281653e-11,5.37211116129504,0.9712328699488926,3.7475169450214508e-06,-108.22640045541968
115,-688.3873338986149,487.05043688874616,843.2646379076747,2.5258349729537812,126.99512020372457,1.9975054808598562e-13,1.7269206915830584,0.762631956085958,2.7939134894515587e-07,-119.67357258591632
116,-277.64362232679173,424.588265900432,507.3077730126734,2.149917150460422,125.24371088181752,2.989708951860083e-13,-5.356671515656178,0.4174225849983864,4.22886649699293e-07,-119.28547671450292
117,267.3087959189584,152.9484327639044,307.9727511657126,0.5197115072362806,115.43968711569687,2.857796423824979e-12,-0.7342255054273945,0.6210646567855427,1.1425197990981127e-06,-116.37262849403254
118,297.5007698840264,-561.9640572916559,635.8540003564402,5.199274850329605,128.3691448079835,1.4557457108745127e-13,6.183932291505719,1.245361146000514,2.3315324112583585e-07,-119.77010899870814
119,-516.2216442589308,-373.34229145757854,637.0786863427387,3.767733726440386,131.01559664227972,7.914807119817647e-14,11.34618613647383,1.144864761006697,8.722983460797821e-08,-119.96707943038226
120,-804.2439311652627,-498.46641974409545,946.1908224183178,3.696440335839917,137.33430780379695,1.8474352231826705e-14,-6.248923881101506,0.15407363333958574,4.299907647704198e-08,-119.99197765401252
121,654.5143484038489,-198.51004316809093,683.955604922653,5.988709564890302,126.20432414205945,2.3964456604952085e-13,0.18917091565900604,0.482587995304741,2.3115418542555562e-07,-119.7739338712379
122,-158.0144766248192,507.9664073559456,531.975982376199,1.8723803419219514,122.29306219992608,5.897850774909862e-13,-16.782567070922237,1.1714413380794946,6.211489980147211e-06,-104.02495597084652
123,687.873248154242,-505.518309200385,853.650025750063,5.649418202371438,135.59320116928725,2.7585437937748294e-14,-3.875356811608599,1.3791819281487363,3.5787333454814825e-07,-119.47662670750269
124,-871.4281754934638,477.3111538153871,993.5859311606839,2.64049056168143,131.49107758037994,7.094017279122065e-14,8.973855755538068,0.951935443688874,9.023205129539014e-08,-119.96478368040403
125,-58.00008196113633,-950.0557124910542,951.8244934568469,4.651415516912216,137.2862075596931,1.8680102031305512e-14,-13.172001714227184,0.37207604453056026,2.3169753710253345e-07,-119.77289718159666
126,-180.03639908748946,-333.66562639612107,379.13830620857294,4.217587682678796,115.01202145540589,3.1535364451283754e-12,-15.035935511837852,1.6746523575490495,1.679269375855683e-05,-95.48221907201412
127,-688.3449218591533,233.85106187864955,726.9835284179799,2.814096655777358,133.8201928933484,4.1493561272089755e-14,-17.61916851668512,0.6627089775800583,1.0262936341604918e-06,-116.87552114221128
128,265.0253015539664,-554.92764175504,614.9659324284402,5.157944600447107,121.39326274647655,7.255606569413927e-13,-2.1811095252498736,1.1848232873286566,1.2973164364712412e-06,-115.7137448159043
129,-75.93815129237512,932.8525943302393,935.9383342776177,1.6520214603665282,138.15021371878086,1.531012117852425e-14,2.9680426126268133,1.5710359798930433,1.381253256061402e-07,-119.91792315846058
130,-123.62416070236253,-719.9248770667213,730.462019360964,4.542329418415437,132.73036616600473,5.332899304043552e-14,10.206622867689482,1.7545877259069635,1.251196829632893e-07,-119.93253816905947
131,-191.09869149538767,-472.3411166395427,509.5339442662671,4.327942533821618,125.27781361837735,2.966324359179319e-13,1.6845281747763303,0.34269082431029785,1.5373947246344e-07,-119.89854523001371
132,-757.3043747164934,521.0394454446838,919.2344748071857,2.5389532849315226,139.3298877225003,1.1668397828045621e-14,0.8443105706784296,0.9834801820077829,9.639526426249657e-08,-119.95983148890502
133,1.8722395022589802,827.0396053309013,827.0417245016401,1.5685325460860091,132.52260793131398,5.5942156886768076e-14,-1.1473364760775557,1.6112466366976963,4.3490905609580105e-07,-119.2476486189546
134,562.2807222248773,-402.69803020722657,691.6106665736945,5.661678126816182,127.4442486611429,1.8012547284560504e-13,-0.999727856396958,0.6723826918593183,3.201772611562979e-07,-119.57616092445953
135,466.7857914825957,-249.0865976833789,529.0870516989759,5.7930042177473515,126.53985991067016,2.2182679727843666e-13,0.9875709286646125,1.0920760691250344,4.59072574660182e-07,-119.16946372826834
136,424.97628755812394,726.1921844403357,841.4035498670729,1.0413214204566463,134.3614887777542,3.6631198000282447e-14,-6.60838518216797,1.3018135421440586,5.332042534749911e-07,-118.91331226128919
137,60.592106894769564,-150.6656253460077,162.39314664988402,5.094758432288837,87.56519833099179,1.7517824330353674e-09,8.403001923043313,1.3826609807641934,2.199407462957473e-05,-93.14491751784931
138,-231.58367485254294,269.3096728999018,355.1882576545295,2.2810189987159974,119.19710172979366,1.2030670352222059e-12,-2.0010165418555697,0.9473479845358548,1.30829377839085e-06,-115.66769151828483
139,100.73929190950281,-824.7056312697988,830.8355933531889,4.833938634757057,127.52029951927396,1.7699868836676043e-13,-7.3779226935815005,0.5727910321609199,5.634785243417788e-07,-118.8024672341841
140,-675.8663130109501,-468.9978778199135,822.650765794695,3.7482271399174847,137.18395361132693,1.9125140700374776e-14,-6.320073712794073,0.7938542368433387,2.272724386848165e-07,-119.78127633478684
141,310.3887478202995,459.8183733939504,554.7739280861276,0.9770297091538054,122.75307858136625,5.305082497627959e-13,-2.1816988281259984,2.226893918634487,2.085117540134974e-06,-112.7183173330878
142,533.6386178279378,154.82311067275646,555.6441037532032,0.2823748068069879,124.03789584037573,3.946484632029572e-13,5.222098258187805,2.154745119481293,7.419868368324719e-07,-118.09515774685791
143,390.74264252129586,303.1166138229419,494.5295686407555,0.6597752838970428,118.3343735139304,1.4674477564798927e-12,2.2961626576070535,1.2400207641124863,1.153193401971072e-06,-116.3267110255874
144,304.62750221655324,-47.36303579792677,308.2874831495626,6.128941739318953,93.64057131464246,4.3245693755773925e-10,5.727164447325081,0.6781073648625471,7.293091681857793e-06,-102.6608737042637
145,-29.081579918208863,-465.170197201799,466.0783739407995,4.649952091558474,97.59576489436161,1.7394963049923528e-10,19.90423309102651,0.825249694861851,1.100488410232614e-06,-116.55396576697767
146,499.0741924259275,4.27367577603606,499.09249027633183,0.008562998016559466,123.49157408346058,4.475510616342215e-13,3.31640894393011,0.45716291623745325,2.0877180355158736e-07,-119.81471894728982
147,-721.4410627538794,453.9773549328167,852.3923074613259,2.579932502811114,133.62446016921257,4.340642147479857e-14,-4.533199955240908,1.825046271574175,6.407828344584969e-07,-118.50595307402557
148,254.29085086133577,-438.3253091078618,506.74738621554303,5.238078902465604,98.38697907513162,1.449779960632183e-10,-15.681153492017279,0.810572246098731,5.936089636919467e-05,-84.52875867861377
149,-440.76753098152295,530.5057940745858,689.7190833333921,2.264063660642845,132.59530681288683,5.501350541438999e-14,0.045561766596165294,0.9832227021462993,2.2940795244220533e-07,-119.77725078326358
150,895.4218712749513,89.16187490049204,899.8500805652608,0.09924811041522381,132.071920133297,6.205945919212067e-14,-7.236690278088948,1.4199326129873355,8.137785558133895e-07,-117.79307436891716
151,-294.40899039907976,548.354205131251,622.3897395627048,2.063522983858797,121.24615681843532,7.505581033641322e-13,0.652373569669765,1.7854344049968107,1.4348859393154096e-06,-115.14435052908217
152,-148.2188818794151,333.1584287969588,364.641434321502,1.9893927280889063,120.26604737794996,9.405789654294258e-13,8.447881944777706,1.6751201727690161,6.142561346837374e-07,-118.60968110418892
153,845.3247852365075,-533.4655432171307,999.5796508208318,5.720227510198928,132.46357649356116,5.6707741456356193e-14,-2.132736940040974,1.6808542274025948,5.11667783537618e-07,-118.99008127476712
154,-91.34228184535533,-549.9847075959565,557.5182427886339,4.547809714253456,131.4191022993027,7.212565498301163e-14,-9.328015363902951,1.603668316880408,1.2605503644701346e-06,-115.86870093135627
155,567.2823816122019,-421.88291114178907,706.9614495862434,5.643734076752527,134.8288799712271,3.289364513843258e-14,-7.20895811034879,1.8535742556898311,7.709281355944692e-07,-117.97421730020345
156,533.0869352549134,-427.6649490651046,683.4317736236258,5.607078535075829,131.1028630379112,7.757355530186371e-14,-15.19403324601715,1.4742720797694029,2.3612183585355313e-06,-111.82080983990424
157,314.34574259214315,846.5631780338117,903.0406747696989,1.2152559551302782,137.29996096183638,1.8621038747961105e-14,15.657670551888925,1.2984466001254833,2.9210737222533457e-08,-119.99629588784279
158,-145.26640405500987,945.8424562626121,956.9327459210311,1.7231896933543982,133.94033118761615,4.036146126413644e-14,2.3617480499788623,0.991428721366468,1.517600756050682e-07,-119.90111154873814
159,180.0510830366225,885.7558897362286,903.8705043893615,1.3702547459509768,127.41170315207862,1.8148038201925981e-13,4.773704521710795,0.07529855358543365,1.8514681701685202e-08,-119.99851152211787
160,-97.81970230482966,770.0307827141478,776.2191059786976,1.6971530290682189,130.9856434446769,7.969584055915694e-14,-12.158659811007936,2.4117609653589853,2.760483019951188e-06,-110.64479307355826
161,-603.6716562295994,150.55158407196322,622.1617538884603,2.8971852121830937,124.33707042275753,3.683773825295965e-13,5.359811685041878,0.280015240190668,9.169329167338564e-08,-119.96363864136738
162,908.1187952238457,170.64523482569558,924.0127393101925,0.18574466825912447,136.3096436195633,2.3390291706481653e-14,6.788826080604932,1.4049639764527984,9.834260405711215e-08,-119.95820002287675
163,-366.5038113378309,643.6653492891703,740.6957037817257,2.0884127673401456,127.49261735980375,1.7813049059892806e-13,-19.160487741748486,1.3718741343168885,5.256634571529967e-06,-105.43145174540085
164,3.9268997562405823,635.7459646668768,635.7580924627805,1.5646195674693186,127.70831629911997,1.6949947996089257e-13,19.208002870257744,1.6515364200573524,7.448557879436865e-08,-119.97597149638176
165,-599.2445088285677,740.5562640362766,952.6371615492222,2.2511107898709057,135.91544063066357,2.5612733867712877e-14,-7.102829478668658,1.8840905780132173,6.830794501320686e-07,-118.3368904922797
166,-817.2310843477618,-291.63414142305123,867.7079679637492,3.4843625170573387,137.77838042871733,1.66786907844296e-14,4.058587907147789,0.2781608474932656,2.2513736772993722e-08,-119.99779925645026
167,-239.36815760618177,-698.3484074180984,738.2327634419731,4.3821756601660224,128.5032699265268,1.4114744052627755e-13,-3.268662081256665,1.6623764358161126,9.099111394958296e-07,-117.38038471805405
168,-203.45348559679496,-548.9093623345319,585.4014083173936,4.35743708298048,127.8592861481581,1.6370855878266446e-13,-2.3305144279300665,0.5641121349684967,2.984879863603473e-07,-119.6293420468046
169,169.28293443326098,-382.77683586575876,418.53890854463907,5.128779079251618,114.37493497345176,3.65179595017327e-12,10.813707492365143,1.1833898877444182,6.511720189915594e-07,-118.46482386727202
170,-152.3087767145378,-380.41215622713617,409.7699013710719,4.331556515377392,114.77490465499577,3.3305007400932573e-12,-2.541820876265932,1.4771222027481552,3.6121205604162177e-06,-108.52403588875745
171,-553.3228668718566,84.4433735636674,559.7292902306466,2.990149759824591,129.25217256525914,1.1879078259386195e-13,2.43311256867475,0.38704519128475134,1.0080856192062744e-07,-119.95608815268346
172,360.4525558923934,485.08140371182776,604.3426290411725,0.93174105093651,124.54666313026732,3.510214751368057e-13,-9.344220957637628,0.3077241838995066,5.346130059322315e-07,-118.90822840877645
173,213.9681697248059,160.0540465096857,267.20717703592464,0.642237427477724,114.43805186823766,3.5991074552315043e-12,-5.312458931169482,0.5500419440757556,1.92360617050307e-06,-113.27878053323224
174,-782.9728887679718,-338.5398187953456,853.0274048678906,3.549695433390659,132.09197711849487,6.177351132200067e-14,-0.4224664504108482,0.384212210620845,1.0025259653250174e-07,-119.95656876300407
175,348.29002012215176,478.397895167208,591.7520462297565,0.941502188407765,124.05915127848641,3.9272167567198764e-13,0.4664146069208413,0.8861102802488752,5.262710506391798e-07,-118.93822292041669
176,-29.598935794731972,854.6387776139353,855.1511779806084,1.6054157599392094,127.4467236693363,1.8002285007890015e-13,0.5137789293772446,1.7753163237777876,7.099873590940824e-07,-118.22728471641882
177,-772.3210757107671,-532.4472578682182,938.0724526380792,3.74517703529257,135.90576971950696,2.566983209887555e-14,-3.305630890875897,0.5245007112279144,1.229530028889593e-07,-119.93483710467258
178,288.497540410879,-801.1562700868928,851.5175863848434,5.05803437510742,138.12307075845322,1.540610750779216e-14,-16.570935923513765,0.8254468282137665,6.903707160909234e-07,-118.30733687207913
179,-11.487582105929802,82.07624736688258,82.87626273228167,1.7098553137022872,90.56763898854837,8.774777261024002e-10,9.313623875329771,0.9799449392466041,9.934328830296173e-06,-100.0134452979126
180,20.41178174070804,391.48292051569666,392.0146909100851,1.5187038496626886,121.23231199612117,7.529546165242877e-13,2.923609336667383,2.126054612507916,1.3175841127346627e-06,-115.62879479245296
181,-468.95949631831587,227.78748356310865,521.3541472503523,2.6894264434940554,130.26056480410816,9.417671108490057e-14,-4.470991777638746,0.7397045086525447,3.7982156116081574e-07,-119.41473606531417
182,469.33149514156054,62.14349088146314,473.42778307863085,0.13164276770604172,128.10542930843678,1.5468815841741754e-13,-7.158704270671743,0.20276526232650152,1.8182655147301818e-07,-119.8587407779782
183,-71.29943852812332,426.62594277742494,432.5428360118247,1.7363899543423413,126.98982064242256,1.999944462850463e-13,-2.2329647761506695,1.6417220536362496,9.49416639470131e-07,-117.20928347901081
184,79.82598892455592,-362.40928660986975,371.0965905648528,4.929191793755608,121.21161684025212,7.565511852167344e-13,5.7417569505788935,0.50935004362046,2.2874291862283322e-07,-119.7785080415276
185,-481.9952545413957,830.3394944172526,960.0953605707734,2.096739025591646,135.56914750787178,2.7738645429797262e-14,2.436243679621217,1.6385511080408472,2.0615336715293938e-07,-119.81924265131502
186,611.8769841962028,536.6154975612657,813.8486566997361,0.7199610503765005,135.04756962849032,3.1278292536148745e-14,6.733430555720458,0.5535586702943852,4.509346918175776e-08,-119.99117793141738
187,-258.87310757902935,925.3745719164776,960.902380149632,1.8435727600482419,129.93394458663147,1.0153260790143131e-13,-11.389083391311425,1.2472634445491408,1.4747388939184512e-06,-114.98276131388307
188,-859.0809321445705,-301.6714394736759,910.5084872578091,3.4792969618754293,137.92969507754466,1.6107587241728797e-14,12.478515857823618,2.451437924732677,7.396229077569838e-08,-119.97630701219751
189,-249.0676158061272,-879.9159979551971,914.487200949712,4.4365464804219386,130.9883811061391,7.964561853520512e-14,-5.13012026306439,0.9302286547906304,4.73889047308714e-07,-119.12016090226189
190,-943.0760126975964,159.1026100106829,956.4026381382521,2.9744603894415795,137.70283766958852,1.697134386622354e-14,9.662579091853619,0.1666068094214934,7.135458908871432e-09,-119.99977888557568
191,202.68789863148314,-738.6089090675398,765.9148156326444,4.980214431728899,128.92066173032327,1.2821352100637504e-13,-7.572043486129791,1.4194567960646622,1.2153217386162735e-06,-116.06072778661886
192,-150.6705873220083,-583.1975986926476,602.3462999013353,4.4595646732371295,130.52398640977157,8.863420609234408e-14,-11.060276389870936,0.6206923418916122,6.602233594455633e-07,-118.42877351747188
193,365.04959063862356,-558.7291475694478,667.4125140938762,5.2911205005098045,125.67197051406626,2.7089622219906363e-13,1.73319034998682,0.6188766026568246,2.638432699626355e-07,-119.70773217253429
194,-536.2451964983655,434.12308861962447,689.9433069754449,2.461049084888419,128.79341792680117,1.3202561747144276e-13,-5.714571860329143,1.3547846481184975,9.504471295871389e-07,-117.20481401485641
195,929.7350277882218,-292.56039281975546,974.678821634704,5.978324065160254,129.47137522837403,1.1294382123557553e-13,4.255368287749007,1.3337488948422507,2.7462299346597306e-07,-119.68422784112423
196,270.7584122487126,464.4306771657905,537.5927563650002,1.0429781278195411,119.89608997322613,1.0242146951425636e-12,4.414703297803849,1.273163380275673,7.750763315254025e-07,-117.95678301921377
197,324.91298095142287,727.7870583434824,797.0209830882742,1.1509071534512048,136.73734089991467,2.1196585634521746e-14,-0.11917562781438137,0.8566608562908701,1.2644470844627785e-07,-119.93111308569584
198,-193.85500458019789,-599.0597762168018,629.6446444477339,4.399424970732008,132.2328867803153,5.980139596128616e-14,-5.511857253955152,0.6378448040500606,2.942141430923087e-07,-119.63945502674831
199,-771.6980121190388,525.3313713787143,933.5367543182844,2.543905134338715,130.7613925310489,8.391908634351547e-14,10.920610509283893,1.0670180684302362,8.791674926895297e-08,-119.96656090408752
200,198.3501300098683,795.238076266397,819.6013494491158,1.326361431525783,130.91301038049045,8.103991222246716e-14,-0.35160851657599707,2.1865189900833313,6.48161394753501e-07,-118.47677037717068
201,661.6897069181693,232.21130655964834,701.2527070433254,0.33750919261962137,130.90922134677564,8.111064693383773e-14,-14.799940673708416,0.6341505209676036,9.924949825617445e-07,-117.02229361225639
202,150.22291428278595,-752.2528507976641,767.1057785656591,4.909493530881188,129.50889768279802,1.1197220529196142e-13,-0.3736636518990708,0.6929491840129469,2.420692842974159e-07,-119.75269120226127
203,-461.81631709681454,545.0507103952499,714.3910607218095,2.2737153120535933,130.36307780129994,9.19797489491451e-14,5.421110784958503,0.34833349575185474,5.659600925254024e-08,-119.98611130919744
204,522.7856511512439,-850.7495904006614,998.5387837317703,5.26340210241501,139.87632198235633,1.0288872886117783e-14,16.789564203728844,1.8630984586640658,2.7349002896984296e-08,-119.99675283066365
205,-454.9558938270501,-646.5535032607835,790.5797226761903,4.099208734906063,126.36030893294345,2.31190032859325e-13,-11.130568330098427,0.9073420701529817,1.571390118680234e-06,-114.5976228679762
206,-97.87430850903043,-284.71829933939534,301.0712378239383,4.381285386744942,112.09923501855462,6.167036206212968e-12,3.7623987043960603,2.151088376730635,3.4639895042057623e-06,-108.86082596386117
207,364.65996165237567,350.124136990175,505.5331828232712,0.7650650006756986,129.60723596220654,1.0946528289925155e-13,3.4590102288923212,2.113661078954943,4.6959454227155985e-07,-119.13455443322823
208,-98.82794528142936,-118.60311717073098,154.38154737909366,4.017690441969522,87.0385086145159,1.9776486563681476e-09,-8.511907561232345,1.2406378077099929,0.00014699919593888863,-76.65349983920834
209,-61.83898944951192,-340.44581297551747,346.0164912091588,4.532706794529294,121.57382044234129,6.960139686439127e-13,-0.7561221173655837,0.6243447757970901,5.682501589304276e-07,-118.78470277419963
210,-881.9542361591017,-426.84960492649293,979.8182790216192,3.5923436036269063,131.96163231015595,6.36556224180955e-14,-6.597060400444813,2.3635524161859496,1.2744906172287126e-06,-115.80982161680308
211,-598.316513929303,83.76438618091022,604.1515730615774,3.002496590426556,121.82654060184959,6.566681308783439e-13,5.736306800762786,0.9141726853497314,3.827241530845238e-07,-119.40634358959294
212,-81.84184512564507,509.698559898281,516.2273816603994,1.7300064460099838,129.96746115404727,1.0075204840178647e-13,2.252250509809486,0.8758127067383011,2.1449919106226264e-07,-119.80464203821242
213,-359.94867683800965,80.26221389486753,368.7886561931364,2.9221994354610943,124.59072467610683,3.4747817541026695e-13,8.558645092732084,2.587585694157494,5.694115248275806e-07,-118.78036746571499
214,353.96132793435015,119.66141229386895,373.64083725579553,0.3260016637538663,95.47671350681144,2.83353544285295e-10,-3.7469042326356465,0.6696280537660794,1.735174578057979e-05,-95.19873597000145
215,-238.1601652387538,322.009967319696,400.51302520615,2.207611340544867,117.74054884632709,1.6824614239860003e-12,2.354831659506657,1.5513328799669244,1.5343907510898485e-06,-114.7439097977174
216,763.3203534014385,381.8738071503738,853.5136592371665,0.46387147991666633,130.82811739442306,8.263961030472216e-14,2.884189766283632,0.876178929239254,1.8070802807634414e-07,-119.8604458320217
217,866.7088717514321,133.5161744308038,876.9326297996199,0.15284808640104716,127.24913092482154,1.8840260679094328e-13,8.555287146017882,1.340137079717798,2.172342606330411e-07,-119.79974213417375
218,182.2935966369742,533.2197655537997,563.5195415884821,1.2413796007575064,128.07960163457432,1.556108362255831e-13,-11.446288914369129,1.3579151623842933,2.0008153087677863e-06,-113.00746763024897
219,-408.9388846623504,822.728535754361,918.7563632070268,2.0320827758641804,138.35891279112855,1.459179504231151e-14,-3.485009496630322,0.3404083456374675,6.141932429204857e-08,-119.98364778786282
220,851.417447013682,281.56587649169165,896.766977471757,0.31938093672524104,132.00687092730854,6.299599027325319e-14,-6.202393167562708,0.5612272060517709,2.876834165116556e-07,-119.65467095408899
221,-339.755831091715,587.1688859413086,678.3814011147265,2.095357301442747,132.051957339769,6.234537851873932e-14,-3.5978243179266527,0.809973679673647,3.060301784252711e-07,-119.61119867608315
222,615.4020949168245,-696.6307637717975,929.5236196360447,5.4359555170354215,137.4930406919346,1.7811312802855887e-14,8.703457897466834,0.6880080879186973,3.371076547124447e-08,-119.9950674114908
223,-223.73271975371802,-833.1337232466258,862.6518015394049,4.450035095943593,134.95399772904673,3.195951845997727e-14,-7.409115513593122,0.45224845897678856,1.8972867987271177e-07,-119.84641513953986
224,-904.8037867529536,-28.615117268497187,905.2561612376766,3.1732078868918228,127.97561973911854,1.593815426694674e-13,-0.8569651235581311,0.42734857077674515,1.882996553283569e-07,-119.84868032164084
225,943.8372405628428,-150.06702781855296,955.6928635872384,6.125508432512284,137.3102510496219,1.8576970653722202e-14,-8.565898411190027,0.6353504056469582,2.321644286845747e-07,-119.77200462819616
226,130.6691457018234,-444.68985661543223,463.4905546126027,4.998187921481519,123.54755960088836,4.4181864552190443e-13,-16.019791715495142,0.9408255534619157,3.9547652585916125e-06,-107.78842286824036
227,-236.01710396628778,924.6105677556449,954.258233063802,1.8207204443348135,131.3330861289242,7.35684129084387e-14,11.576682447852992,2.1026721988308674,1.504122277879863e-07,-119.90284087702142
228,-418.0146540910104,-788.8212434777083,892.7346779399494,4.225090383867392,128.8489536982723,1.30348077505359e-13,-1.676847514327148,0.461659836297555,2.0217003395812847e-07,-119.82602372543836
229,-380.0263363333443,-391.6825119805178,545.7428025162701,3.9420940380698557,127.56636160496485,1.7513132744106266e-13,-4.859350423346593,1.8731713333440063,1.371598317542667e-06,-115.40414242229785
230,193.49811016584357,519.4020970893561,554.2743518318106,1.214184021728119,129.03836180277096,1.2478541271003124e-13,-0.07021356428573294,2.7048038947579167,9.63226386740231e-07,-117.149368814216
231,341.32766995798306,-96.88567578833667,354.8117986368386,6.006610577631284,119.7175375653561,1.0672010490100544e-12,-5.977731185449774,1.281399768590639,2.634476459289972e-06,-111.00153997766401
232,-331.86830681341627,-214.7011630823857,395.263409002317,3.7158185677156714,118.11356489158618,1.5439865430963452e-12,-7.729816568190214,1.53301739857748,4.638308893706358e-06,-106.47549086048804
233,687.5558578686397,-206.58349842905454,717.9204687934927,5.991305926993135,124.78214952375716,3.324949454728523e-13,4.398016376428661,1.012259062451681,3.5178990971151614e-07,-119.49327922123693
234,-830.8997621661251,-300.42822829721086,883.5448687675823,3.488537199218995,127.68550547780985,1.7039209874439594e-13,-13.366436065998666,1.3135030866650954,2.5262575653577244e-06,-111.31827295411169
235,-168.95104511761934,151.68935259590006,227.05531338706686,2.4099776240818196,112.58261477118276,5.517451482287424e-12,12.78042427876976,1.1264546483053337,6.075216495169818e-07,-118.63570363451046
236,-910.9777202323717,278.975519748692,952.7369770187479,2.844423271299235,128.51617792315633,1.4072854830142873e-13,-6.885238792452016,1.9622969825393253,1.6263641010424488e-06,-114.38295295986865
237,-925.7174761170966,-238.73931266010055,956.0069586556494,3.393989413380654,129.9141675544812,1.0199602449064324e-13,1.3847573397163369,1.3565175799172375,3.693849371355553e-07,-119.44451489202291
238,-323.334688399649,921.250371367658,976.3439800948976,1.908338357134084,130.64978397388515,8.610365806728599e-14,-8.727061389263733,0.6818713368256234,5.464699753948608e-07,-118.86514757876006
239,173.84166591930628,453.3268729427787,485.5164039882462,1.204612178368678,122.22603085385143,5.989587511681438e-13,13.280714345372827,1.2637428682908594,2.1199296924811922e-07,-119.80908222319549
240,58.98556397753772,208.76427095380902,216.93735866517684,1.2954280419258928,106.41041444867945,2.2853806983227803e-11,-8.65936556824171,1.3324502491163175,1.726229596294782e-05,-95.24347895034452
241,-775.3985560044113,581.2266223235608,969.0548524987537,2.4983576140971016,131.4623396629803,7.141115110561716e-14,8.745381344258037,1.055111263675502,1.03017785266769e-07,-119.95415263879153
242,146.85511560844083,-694.1128595182552,709.4780382287937,4.920886672391889,124.52414214856958,3.528464766505215e-13,-11.946683095296708,2.453626679380764,5.766808535864809e-06,-104.65262327078872
243,-169.3353512613776,-4.682246662037119,169.40007267005024,3.1692363433647333,106.40657709479339,2.2874009151208307e-11,6.503073864510822,0.8774252840687978,1.984849567502636e-06,-113.06305773355103
244,177.4811133059301,-309.55793987381674,356.8272182993247,5.2329727988925105,118.48889063401037,1.4161554778723004e-12,-3.6886428451325988,0.7810124145055328,1.42116841794683e-06,-115.20033371771548
245,-280.8460433271276,-99.74544422618614,298.0329741763183,3.482857455521736,114.49488954884006,3.5523115271958773e-12,7.496345951513628,0.921907548789546,7.330364934541765e-07,-118.13229366326611
246,536.1151829523552,-167.9733163554609,561.8136028964492,5.979557461371367,123.29117186852314,4.686868980304676e-13,-5.691935438887207,1.571353580673551,2.071629553849838e-06,-112.76408969998009
247,371.10152194540234,-410.2354175238596,553.1811976027108,5.447743149758487,125.66160048463601,2.715438376935015e-13,-17.24454363241871,0.4262855753629716,1.6175130553095518e-06,-114.41729726031852
248,578.1589516338432,699.6095483952816,907.5909285356452,0.8801624542959242,135.70256722001676,2.6899442425795588e-14,8.773850102233581,2.7941161857182726,1.6688741779763481e-07,-119.88069663926468
249,-549.8955396366663,417.44004647581846,690.3921327144697,2.492276391588015,132.88346250327928,5.148180315123437e-14,-5.384932777391492,0.849386758858397,3.582440616691893e-07,-119.47560474616645
250,205.48972357129222,-562.7920549368914,599.133477276554,5.062474566325423,130.28145062923358,9.37248895017967e-14,-8.17056753950418,2.064170544982913,1.6188306632700866e-06,-114.4121792758571
251,588.9273097193754,-315.7693100804676,668.2407001388016,5.7910166261109435,128.86826603917527,1.2976972851910368e-13,4.562817944270209,1.1341063441347046,2.4160147462824354e-07,-119.7536195675099
252,-348.65679528616687,39.84126891305471,350.9257579714296,3.0278154307827774,111.82149808361648,6.574310197082334e-12,1.6472325305322082,0.4056619239296813,8.604541139355048e-07,-117.59355596194044
253,679.8282641833395,-346.4251757495406,763.0051580268855,5.811905100977002,134.4555134053524,3.584665693052368e-14,1.5528198698143443,0.7762163722094306,1.229040332457538e-07,-119.93488861332389
254,-61.75749500826333,734.6124160131448,737.2037641998074,1.6546672472305843,136.28651381214465,2.351519685703539e-14,1.5560904969942437,0.9810556336800893,1.2576604987413838e-07,-119.9318448094477
255,-711.7053837960301,529.552849143568,887.1024593361947,2.501902783410739,135.002251166438,3.1606389175796e-14,-1.4670810144622697,1.2147592755133811,2.557005818573624e-07,-119.72494324002423
256,-223.9394535690581,-85.3909585106942,239.6674668372481,3.5058862304783465,106.04679458938048,2.4849665154842738e-11,-11.498790757287717,0.6824183732939725,1.2783521893597375e-05,-97.84049497812062
257,438.97946561581506,575.4315053559692,723.757133704797,0.9191091357175452,135.6010806886689,2.7535434324959827e-14,-4.491151703090573,0.41843164594578847,1.1644693808824225e-07,-119.9415058455044
258,-780.4412246048568,522.3007387999099,939.0881571043584,2.551812172334275,128.7610874372552,1.3301213249630271e-13,-9.610287322711034,1.140468687075316,1.2576024071716967e-06,-115.88117135016093
259,177.56501174467772,213.86765200217164,277.97249138864356,0.8778766267693764,115.08721626031587,3.0994053186956055e-12,8.317465925906967,0.2969783104224885,2.0067377605055643e-07,-119.82853940670205
260,8.541688414241916,256.7562649580708,256.89830679898427,1.5375408992570931,118.17139047607779,1.523564877534643e-12,7.549229193565402,1.478548004495452,7.652519518617788e-07,-117.99803473279488
261,-101.2890626102942,-301.4860882565239,318.0461218387871,4.388270937593252,110.94923975025141,8.036667949386652e-12,-2.836575942666162,1.3746557383969584,5.402076859813784e-06,-105.20245734621385
262,487.94332526992406,-794.8388165491177,932.6614782270536,5.262958910354428,139.12304261863835,1.2237585472980931e-14,-7.858195180156494,0.9521783599696085,2.60301059115144e-07,-119.71527718609467
263,407.4070828806573,417.539357507882,583.3692194908998,0.7976798882134005,125.70903159974343,2.685943296970611e-13,-24.97647559968073,0.42219812318685446,3.88050724299911e-06,-107.94299446751808
264,-172.80516052426555,367.7310977356362,406.3099601851685,2.0100938318728567,117.61694948638583,1.7310318206698478e-12,-2.1931613177762066,1.625058593387255,2.7521976276563714e-06,-110.66786546642042
265,252.2249997359248,190.55982306210223,316.11785248107543,0.6470215075877335,117.75472793176876,1.6769773884259842e-12,-1.5342176757287431,0.9240071839871362,1.4277423274672261e-06,-115.17348169808517
266,-591.6377559000392,691.9799186837239,910.4237705969498,2.278181759618041,129.2401168372971,1.1912099607345686e-13,6.009251386053431,2.506369978873645,4.3308861660336336e-07,-119.25342336230688
267,-97.1266266533742,-54.54972483459051,111.39683157340464,3.6533248719849007,94.63015501819744,3.443376396670661e-10,15.82594717089057,1.5141736963129249,4.543291351202756e-06,-106.64712715229102
268,-405.7014446173776,454.86270412886864,609.5028644494247,2.299129731795116,122.0103729064987,6.294521326957594e-13,-1.8290941137642167,0.579467097530787,5.674986619386461e-07,-118.78750565266043
269,-535.9175944336184,10.412446077133565,536.0187375986268,3.1221659053888686,118.90214824071849,1.2876124757216143e-12,12.019181029066045,1.6389179691277964,4.661125038390008e-07,-119.14616339908079
270,45.72999537021177,-659.1699573207326,660.7543152418878,4.781653122738506,130.1679319866641,9.620702857136219e-14,2.7241061220345397,2.5544666137487764,5.790263469284061e-07,-118.74430417074267
271,409.36507214862706,89.14898227637201,418.95978725429427,0.21442587773809335,125.30137288648532,2.950276441403486e-13,-0.21626628214151583,1.4789020555595218,8.235388324867927e-07,-117.75152088704547
272,-627.1082213724673,-661.1018375036936,911.2191618176713,3.9533729499477706,129.60810677361846,1.0944333602554852e-13,14.917168458713654,0.5881974429364668,3.493488923037331e-08,-119.99470290001514
273,-97.11589482169698,-198.94995121642756,221.38784997383624,4.258272418132417,106.7443446166995,2.1162430182618245e-11,-1.8148369632642594,0.7202633333651344,4.083343581236542e-06,-107.5267264887671
274,-118.7433074273266,-542.8651750863884,555.7000732232773,4.497046134808948,99.26838268398247,1.1834822033613556e-10,-13.539456794058067,0.897417153492209,4.640321508100726e-05,-86.66702211032063
275,709.5788875803473,448.48333758721657,839.4280801790779,0.5636468822218529,135.5286534008189,2.799849322914638e-14,-5.98505235736704,1.2969776487389664,4.3226735594303273e-07,-119.25602311743893
276,121.93135723515569,-201.45543994125023,235.48152827584977,5.256661478152288,114.95730840013358,3.193516467715977e-12,10.915091304991842,1.4054697080627878,7.148279158761617e-07,-118.20741586130629
277,576.1884677394237,-139.7456606113784,592.8929077123587,6.045245115913629,127.56219790636209,1.7529931109145013e-13,4.38610406719054,0.6359353144121128,1.6069332754995937e-07,-119.88927844917436
278,-406.33426911449817,680.4076285132398,792.5036777175387,2.1091488628320363,131.95591964682973,6.37394094395553e-14,-3.091408631900522,0.21816200591719453,7.862371623706363e-08,-119.97323590553357
279,-236.5280242291076,897.3130767719555,927.9635035881953,1.8285296098101003,137.38766803218422,1.8248753160071267e-14,-9.888676630837924,1.8682870994043772,7.879416270678257e-07,-117.90256636717187
280,-496.84046227273365,-542.2512778468925,735.4501297015125,3.9706654386346796,130.20690883689664,9.534745739237232e-14,-7.33897190688463,1.4836483203562554,1.066434343700299e-06,-116.7013812926158
281,702.4963253572763,163.52109947904006,721.2768103268746,0.22869901075187035,131.07221829645633,7.812286654053296e-14,-3.3080665558343667,0.45230457407743463,1.8502200916764408e-07,-119.85381548586773
282,-77.29291412071167,63.02350031543443,99.7304174526572,2.4575406261695303,82.87048900257265,5.163582256098358e-09,-18.406216933524256,0.8816565090815939,0.0005273340500562656,-65.55826808826302
283,-830.9744346279364,284.4305763600933,878.3047670221046,2.811806819894268,127.98714100462279,1.5895928459417926e-13,1.5413636386591454,0.6059104229893034,2.0229408819519517e-07,-119.82581437791748
284,-636.5052479373674,261.5367248870193,688.1427098476289,2.751729594803316,125.12754823262581,3.070755064136954e-13,-3.470193752240883,0.23574677861902366,1.9479510664656484e-07,-119.83825602957764
285,147.721005747257,887.0899145494604,899.3052941211623,1.4057872917358623,128.5044664604575,1.4110855805235925e-13,-13.493036799104054,1.5086218774664464,2.6792233426964172e-06,-110.87340269789851
286,801.561188602622,9.603729213980166,801.6187190234916,0.011980706960639947,126.25431422884068,2.369019181383794e-13,4.016948413659413,1.1023979344746448,3.378899376678238e-07,-119.53048691505025
287,517.6445576459196,301.69911503479375,599.1479317107065,0.5276993087912158,130.4321140207234,9.05291823586046e-14,6.710517654450558,0.9052292979359596,1.2578446814723552e-07,-119.93182500138845
288,-363.309416604143,-129.70591869289092,385.7685284431709,3.484500772324855,119.063460498931,1.2406633415159857e-12,12.556640673856757,0.3902484235510231,1.0240852210486322e-07,-119.95469052133348
289,-733.8251124510975,-66.3725240953603,736.820607487776,3.2317945484567465,136.41371566355824,2.2836441655363426e-14,-2.4703045740629217,0.8787297925063603,1.7647565257850988e-07,-119.86680825849794
290,12.639235832463918,-711.5732371770523,711.6854797936081,4.730149494957305,124.32278692526573,3.6959093226498845e-13,-6.773054901503183,2.4254891739150657,3.2159755576183984e-06,-109.45291258499047
291,609.784728657249,-330.82558768860554,693.7456196424638,5.786096472283823,128.7823602446576,1.3236219955869037e-13,-2.582912946905648,1.781509543867425,8.726011648524138e-07,-117.54133922581357
292,-148.9672748540209,-826.2832457486878,839.6042229422264,4.53401906249605,129.82522360373255,1.0410645053070056e-13,10.481229771522743,0.7969426242205512,7.693153302787042e-08,-119.9743722153765
293,351.2101257768426,-473.49610095543306,589.5312630117111,5.350581507857136,124.29172246229352,3.722440406689899e-13,9.8175280853365,1.3513356460284922,2.6625679838687243e-07,-119.7025404891791
294,791.570497937871,286.11953826110323,841.6936755021721,0.3468457577691291,129.71658005029002,1.0674363671597724e-13,3.434736020912715,0.7003932098544858,1.540905919321171e-07,-119.89808668513149
295,-723.5193813415367,373.9072736189404,814.4243024627821,2.6646037791325248,127.77855831326363,1.6678007648744754e-13,8.501334276293846,0.8713236922698275,1.3371646710613228e-07,-119.92303378939982
296,-98.5079775428929,605.4064447515602,613.3683925556606,1.7320965148129683,122.82210941521586,5.221425171371938e-13,-7.16977185052793,1.9016173503258278,3.136940295699355e-06,-109.64954916064744
297,751.0116378242044,-70.90628884577626,754.351497609221,6.189049987469757,128.613240619899,1.376182205618917e-13,0.7170266401965378,1.0349541060426668,3.5351490460051284e-07,-119.4885798267459
298,151.84843467484964,-212.6943435309232,261.3366236929919,5.332401522143573,111.60103961278699,6.916653804554717e-12,-13.115679867170213,1.1182449154499492,1.3312785815961671e-05,-97.49018544297107
299,127.60744274197252,-277.65502127909286,305.57481945448205,5.1431891882142144,118.28316751369,1.4848522747366199e-12,-2.255286920773162,0.8889265222145859,1.4043386042656531e-06,-115.26926804462275
300,-230.34969032536517,310.0303686863971,386.23802161467086,2.209796390314722,121.46877923626613,7.13053435031673e-13,-5.383204120401316,1.0147467171644038,1.5924980132660415e-06,-114.51481612208912
301,-52.062645438156935,-293.5816139035017,298.16217579063243,4.536877444585968,93.3342709182574,4.640586883513966e-10,-2.3224578976593095,0.9380918241072378,2.6403086582504724e-05,-91.56068065483987
302,-749.5614845363157,344.80243538829245,825.0643238863156,2.7104493404904857,138.20437248091648,1.512038160403802e-14,-15.499975224626567,0.5975220790715599,4.376572173334752e-07,-119.23889974241163
303,633.4374498381969,77.3688992164191,638.1449282282815,0.12153933116673131,127.14033137941894,1.9318209077956555e-13,0.6463950741901707,0.7230788687877246,2.950185656907511e-07,-119.63756091231124
304,177.682758267676,-716.0081628621482,737.7254583317821,4.955632726273743,125.60138205273249,2.7533523662305627e-13,2.4561980227238163,1.1686644264989898,4.6217965151319723e-07,-119.15920842839196
305,-363.3308084009264,718.034764358299,804.7255427537693,2.0392381920652727,132.06282509941386,6.218956084909593e-14,1.3123983018085923,0.48884499649259155,1.0481175773085202e-07,-119.95255071249089
306,-432.35049398345797,-340.3785706493708,550.2585946671336,3.8085259089046186,126.21535954991013,2.39036403028574e-13,-7.810300607135845,0.9830759928525328,1.181229116337306e-06,-116.20639682044043
307,-658.9517319361986,714.4473952943159,971.9323359496525,2.315808932956892,133.96141642714278,4.016597903919901e-14,5.243688974805601,1.6651259791107944,1.8247014895727574e-07,-119.85775522792395
308,287.3162600660973,60.844560019489194,293.6880892755688,0.20868548221407462,109.78181246828532,1.0515229436014766e-11,4.874588611621993,0.6443847181697103,1.1921342856400445e-06,-116.15972176911822
309,373.22148145410085,40.41945610179293,375.40379147040926,0.10787840235743887,122.78723357618557,5.263524422502263e-13,0.5168267320112678,1.4170899114138198,9.687113557447772e-07,-117.1255622006195
310,806.3632669457307,-391.6678259071041,896.4515626235416,5.831025757892635,135.43974764431465,2.857756594338485e-14,7.585026005100192,1.7278257604393792,1.2197231374534505e-07,-119.93586484749797
311,-478.26864545270945,-860.1008397808398,984.1312675730181,4.204904223218069,130.27006693723027,9.39708826845985e-14,-8.405906965541373,1.560078396301956,1.258746929785966e-06,-115.8763290175381
312,-83.00560070767872,603.963213224737,609.6404618113793,1.707375559136335,126.2999537976339,2.3442537545025716e-13,13.234028850656177,0.7934943121347415,8.372298146067284e-08,-119.96966416121509
313,171.12064152833014,-915.5069387297262,931.3620288691943,4.897170326406735,137.3230970578635,1.8522102968557478e-14,-5.775966318889832,1.489500018851958,3.941703709801134e-07,-119.37278807651418
314,241.48221125651173,-217.00692903844916,324.66238711010715,5.551118991294445,94.13402541900666,3.8600902445005206e-10,-3.5153830650161404,0.8432818953700525,2.483365587679035e-05,-92.09215041516772
315,388.11056322171794,-294.54914875569045,487.22583092133056,5.633992800545717,123.5969425010977,4.3682325419682106e-13,-4.366141582263348,3.520036324634712,3.8459806884383145e-06,-108.01574760198397
316,223.78922562003552,728.8806208113635,762.4621806345373,1.2729012702420481,133.83059525969844,4.139429344180362e-14,-11.549507208940998,1.2829863900790017,9.866602838881418e-07,-117.04763195885717
317,767.4711613685413,-272.4689287699643,814.402419371056,5.942043822230087,132.6100743479041,5.4826757891758024e-14,-5.877955343337707,1.259577355656682,5.802550036877687e-07,-118.7396739401518
318,875.5684611575272,-462.1460691904685,990.0500590586122,5.797527043062901,136.50601588337048,2.235622190223026e-14,-4.527335029727871,0.4442433580382035,1.1186311290665281e-07,-119.94599239311802
319,-537.8615176538038,-782.5898980067848,949.6009481014238,4.11024832087808,131.83219105611107,6.55814318394938e-14,3.281711642574129,0.4247087629575078,7.454114969859943e-08,-119.97593572865793
320,873.587141937824,205.49194796991478,897.430462620679,0.23102779120181532,128.60096904530343,1.3800762925426168e-13,-8.960662527574756,0.9907517210831622,1.0326413454001759e-06,-116.84796504637767
321,-825.9875407614921,-76.24751152577748,829.4993071167036,3.2336425128800808,130.66253935582105,8.585113959944184e-14,-19.223189834253546,1.8424182177694308,4.9365182076661895e-06,-105.9569302205762
322,972.280158443596,106.95128219738797,978.1448171241155,0.10955999907824661,138.5965912624828,1.3814681408458949e-14,-6.4154827251776245,1.0422514813380312,2.563994529185956e-07,-119.72348456830596
323,-157.0724604420945,-261.28225772617566,304.8609126008466,4.171116923733591,120.87072822934174,8.18327558644188e-13,-10.116009358537186,0.5964817868539798,1.7292637746858214e-06,-113.98988661435554
324,60.65010274741347,-865.2712136876665,867.3942057679421,4.782368272679642,138.5310724566119,1.4024673333429604e-14,15.818591947573125,1.622028031139871,3.1086736715260774e-08,-119.99580506903747
325,462.8481400220037,-375.6860659106745,596.1278561191953,5.60136094243406,123.39696907643062,4.574073009482476e-13,23.314793360350503,0.8613035017152008,3.9771144694784385e-08,-119.9931360004208
326,272.3775497729114,648.5829312536408,703.4552923490304,1.173204091517878,130.87821864173947,8.169173800170199e-14,-5.904339524314418,0.5631482769018981,3.176353311091801e-07,-119.58255203904876
327,540.0568726274605,220.08182675347854,583.1787342996153,0.3869688645877131,121.48834046422384,7.098489652171942e-13,-4.7346999675172805,0.2497589696317764,3.6294353865233593e-07,-119.46257934430662
328,-76.36319016964202,33.20816338251936,83.27135718916206,2.7313906848694702,81.26834429502895,7.467333889058537e-09,-9.162638626007483,0.8434856105472556,0.00020931116487981407,-73.58405297869757
329,-124.80882049671926,-654.3264273585578,666.1233483474335,4.523909083394986,127.35054401507723,1.8405414332608238e-13,4.869528072465994,0.9444797274205698,2.313071385943353e-07,-119.77364226486227
330,-545.725692756994,-392.3550480856338,672.1302072466176,3.7649305628835124,127.92682481737889,1.6118236294168143e-13,-9.571395189230975,1.728877299453656,2.0892609669650582e-06,-112.70429351838442
331,656.4123591915196,347.7210422002316,742.8237398523231,0.4871474373426401,126.98698498992131,2.0012507192266874e-13,-7.693521951635839,1.5549083434921103,1.6866759095502504e-06,-114.15117704431125
332,-125.03352784886452,440.5931100381915,457.99090787859393,1.8473110043323406,120.5892497012313,8.731221982863085e-13,-0.6592150662780415,0.2313739608082615,2.332452184498795e-07,-119.76993230371072
333,-120.63953358409552,613.3754386129353,625.1266477738722,1.7649988881519145,123.9283892009081,4.0472597680722836e-13,0.23929493416289965,2.4779112107808743,1.5335626890840844e-06,-114.7472002183847
334,-102.4730930984589,-268.41202631696746,287.30776300118634,4.347691555853128,92.96550316416045,5.051841120147474e-10,-2.467246206405718,0.943433856099137,2.8170762965994616e-05,-90.99855874022612
335,216.91854501831617,-975.9731405743516,999.7885908007885,4.931092710169582,130.92366959948365,8.084125370800051e-14,-6.005870965505783,1.3460832887587346,7.641559533556922e-07,-118.00262830699425
336,-376.6243443893018,527.5003712239795,648.1531751276913,2.1908428856588498,123.72573656154039,4.240590575807699e-13,1.2085161157119457,0.35509019344511394,2.011991050719829e-07,-119.82765812595702
337,-741.8752349662608,360.4748449518404,824.8157237221524,2.689291080755589,125.8536789616358,2.5979578688928217e-13,10.224382655861033,0.8493534166097623,1.334090701687774e-07,-119.92338415394627
338,530.0828619128775,-488.62887057549085,720.9341257380084,5.538457268325184,129.2042817410008,1.2010796974512046e-13,-3.6688115513819173,0.5572858744679522,2.9464869751250993e-07,-119.6384323532523
339,-139.9098488053475,-218.93257182802284,259.8196235852242,4.143746823297658,111.43760708905225,7.181898963664817e-12,11.999158707391862,1.1674623114917342,7.85967484375317e-07,-117.91089964258282
340,-426.888032563125,67.73162103265258,432.22790843873855,2.984240638269971,96.87645876190155,2.0528353789591072e-10,4.68306671131503,1.249822455566234,1.0444124728190846e-05,-99.58292599599189
341,373.60045836958614,641.8612316947832,742.6729719376551,1.0436739580672905,102.04111240410353,6.250125812293373e-11,2.7519300768261314,1.100150049882827,6.335775770608721e-06,-103.85714023631482
342,466.32843591690283,-85.3715689355436,474.0785957277772,6.102118608993707,116.95782693359104,2.0147321032157016e-12,-9.904553017978833,1.4441539874122868,6.411354752957297e-06,-103.75661482884668
343,-780.4711383503479,-283.02584153571104,830.2040862190967,3.4894786061046963,134.39807519053085,3.6323900799370686e-14,-2.822941943858934,1.5369399017984708,4.05415383040386e-07,-119.33912113552068
344,-403.0974887853816,-413.0215440863949,577.1259666178526,3.939150276328164,130.59908465659763,8.711471784724697e-14,8.978295949944151,0.5595801550459373,5.874802539663072e-08,-119.98503686866661
345,224.11071043610247,433.33136932864875,487.854164865297,1.0934986543900205,128.559943304697,1.393174990135319e-13,-7.196113000256468,1.3267004845768378,1.1339172771117522e-06,-116.40967777204997
346,-799.5042071647921,-30.295017870914894,800.0779745637308,3.179466789397545,135.77025348873073,2.648345555628158e-14,-2.0471873050198592,1.3712095346740625,2.824558118454234e-07,-119.66664203824794
347,604.0051203301406,237.82186020626762,649.1389855624119,0.375099471109572,129.73776611072708,1.0622418041556835e-13,-4.552546560620921,1.5460381707538298,8.51058149352334e-07,-117.63387178454808
348,-518.3228012236011,-745.1209874956489,907.6694399806418,4.104607092518243,129.58731983608823,1.0996842788286744e-13,16.51774713299996,2.293951689250952,1.1358759883284376e-07,-119.94432510195452
349,-739.338499068354,-165.31345095411245,757.5948477062158,3.361570759493291,130.02959879280274,9.932077980811235e-14,9.089945914131782,0.07651619838362875,8.46790835447505e-09,-119.99968859825678
350,-328.97016316376966,-769.7498037405438,837.0998319260392,4.308510230284086,134.3769385723278,3.6501115984134294e-14,2.489558029295308,2.856287729395871,4.0971052824629557e-07,-119.32608205830341
351,-154.59929482318398,731.6863561007974,747.8408023529398,1.7790253944413967,136.50322317709183,2.237060256839391e-14,-17.077032541808464,1.2475924669169707,1.3327945618061645e-06,-115.56527139552372
352,-862.8125479453179,406.88166108511405,953.9382469632262,2.700941726213494,130.92282968612415,8.08568896918875e-14,1.1573133069513533,0.15217722954703625,3.7874117628561994e-08,-119.99377473192348
353,-640.5928049978661,174.13096269618057,663.8378823060136,2.876177953637114,122.76506009467822,5.290466765755238e-13,8.541853580809413,1.3865698612824302,3.772211826260282e-07,-119.42221412178736
354,-267.29631278428025,-758.8813437967752,804.5795254608901,4.373734138891634,135.14143074639958,3.06095486190447e-14,10.764861337220484,1.062414191670667,5.382440766890931e-08,-119.98743638852277
355,151.64284963217753,-372.3459955273222,402.04115987023005,5.099141077294872,123.4633099521584,4.504732479004783e-13,-5.35384869192623,1.4802462324447,1.8401825215702742e-06,-113.57904468949397
356,-402.6649824435641,481.6499798801791,627.7943860889907,2.2671131536721663,128.04838303855146,1.567334510113984e-13,1.4182124365889504,0.786143682359405,2.6434564193600113e-07,-119.70665491795876
357,-427.4064792428831,-722.40722353515,839.3738708790984,4.178137709618536,129.85301335953838,1.0344241806695307e-13,7.924014375563602,1.818921873622096,2.3494308055120954e-07,-119.76665937267158
358,96.63807706228981,-571.5133170309966,579.6260772964494,4.8798960795378035,130.64534403247666,8.619172980113669e-14,2.710299545866196,0.4817921104607559,1.0353269166938888e-07,-119.95369562298771
359,-452.2858444862466,-194.3140870038353,492.2605504514569,3.5473756442836675,122.62677097807766,5.461637882821292e-13,18.767026485172043,1.4147898427551129,1.2050416563945727e-07,-119.93738850187427
360,17.239781167625278,197.16009238193556,197.9123848645177,1.4835776413785249,103.74628060633451,4.220578083013388e-11,-5.984816105152199,2.8768281040007584,3.72255126790898e-05,-88.5800533482545
361,839.1257351549564,390.18351058970075,925.4054091777555,0.43524791718778244,135.9287361078916,2.5534443027865544e-14,2.0681436265991033,1.0665426551004396,1.3431800803520417e-07,-119.92234591501762
362,-312.2523499746836,56.58480613783802,317.3379434457358,2.962323106459452,113.25341924268929,4.7277888897859635e-12,-16.07288712351839,0.18402328549521085,2.545928332920778e-06,-111.25996745209963
363,636.1845985032678,-753.9390600971848,986.4861629607333,5.4132809770205315,129.3556177440949,1.1599472125538123e-13,16.68132500571214,2.8647727858625527,1.4296938365284027e-07,-119.91212421789015
364,491.90064536317163,-656.989958881753,820.732630629581,5.355069530705024,127.16360623263263,1.9214955222134256e-13,-7.046844858542748,1.4711091354375034,1.451465854935038e-06,-115.07693255721102
365,-689.4250586179182,116.38566163295738,699.179900800975,2.9743539145780424,125.02881637633998,3.1413647229382046e-13,0.042271515267292434,1.5097136012692858,8.42054445749599e-07,-117.67243785556136
366,729.8715671005577,442.9855887140735,853.7849473199784,0.5455041576589741,103.37107497508104,4.601426639784071e-11,6.954038970684663,0.8915631133631087,2.7157913131254156e-06,-110.76988092604535
367,776.5399242228254,-132.24078790726193,787.719416986991,6.114508548273453,130.34680493956716,9.23250403319134e-14,-3.9422404951817085,1.7975235086169,8.598968474077764e-07,-117.59594894466585
368,330.529264309083,800.4156640317068,865.9762293458301,1.1791787893581471,129.99395290335667,1.0013933652913186e-13,17.97729285600141,0.8538733968795204,3.410603198448283e-08,-119.9949511294787
369,369.7123237345552,-161.91509693496056,403.61330619376537,5.870398165489252,113.80917735298087,4.159894003578827e-12,12.497331777339669,0.9056466010099203,4.3816058220396283e-07,-119.23729320580215
370,678.1820204251857,391.9584931534007,783.3021851004065,0.5240519877892346,128.41277595149276,1.441193865461152e-13,-8.22988058679677,0.79107696634157,7.745937191953665e-07,-117.95881257849157
371,521.0768039010704,519.6309558966893,735.8922243711111,0.7840088712925871,133.05779264416498,4.945619904132577e-14,9.166498392028304,1.606455293829735,1.2435237728389378e-07,-119.93335676461757
372,807.5695001118012,534.4349516820855,968.3951750655605,0.5846132768608983,131.89008610023393,6.471297860718079e-14,15.502291861046201,1.432235131296433,6.114985397250758e-08,-119.98379069319941
373,-405.4681454601793,326.91512567003116,520.8434662878756,2.463042721743824,123.86072433970187,4.1108115306029105e-13,-10.625236151343294,0.9639416822744781,2.1002759086613962e-06,-112.66709713318517
374,890.9152875874657,384.77317379607393,970.4537314731498,0.40768803369732587,132.80746107863314,5.2390662721230597e-14,2.3158371001571347,1.020620958653626,1.789367617074055e-07,-119.86312574401919
375,-337.4262556932802,-348.60020752456126,485.1583068621562,3.943277308033969,127.95501118507676,1.6013965240077893e-13,-1.7401519218233368,1.0977676775113128,5.367443433427146e-07,-118.90052277482141
376,-570.863378652337,379.6258685694541,685.5660414383678,2.554742692679096,131.08358873180626,7.791859749738495e-14,-3.477124457874066,1.943291406305717,8.094960173902463e-07,-117.8112753472814
377,253.4092498861966,-109.73925065037336,276.15023277410126,5.8745147974896,110.11853968250328,9.730743655441308e-12,10.957153853811498,2.1168381018850853,1.8702642272992964e-06,-113.4699133592102
378,-619.9178514538783,-139.81902928538784,635.4899712045036,3.3634252484193627,125.14330001346296,3.0596376655872005e-13,12.55480311133655,0.9399444789117578,1.225171949484536e-07,-119.93529480878898
379,419.8786883923003,-446.89927654600723,613.2023127348617,5.466623637627039,124.03754691515236,3.9468017171890383e-13,3.8699450520917362,1.336708978291925,5.378513545762113e-07,-118.89651380072448
380,-84.1105020875414,-79.95274339475758,116.04748053174727,3.9016538261624003,84.41472238359192,3.618493206827736e-09,12.526144797616636,0.569286265976835,8.096314082565542e-06,-101.76849971194935
381,290.7883794717889,-845.6146074447378,894.2158273927761,5.0435996523123,136.64010333680457,2.1676525266947577e-14,-2.871132266568795,1.4328665043973596,2.9360076101427816e-07,-119.64089639036777
382,198.3180162220962,-167.28472978518664,259.4498340287974,5.582466690816712,110.71821653905793,8.475754055055359e-12,-6.6654111977662085,0.42459192893983805,2.662756584871073e-06,-110.92036843056616
383,-783.6743724585705,612.4619770958496,994.6130883094648,2.47821822971776,139.2181895327969,1.1972395270921779e-14,1.0172841794755865,1.2271427309824539,1.1943218934595568e-07,-119.93848968477131
384,716.426777867501,-101.91027384211192,723.638744098313,6.141885266777696,130.57625397687707,8.757388213073575e-14,-3.396754597748809,1.92803273404399,8.43605561352875e-07,-117.66579873968787
385,97.0173601047828,-477.48162844332404,487.2382103885015,4.912845669786927,121.18158555737972,7.618008348461626e-13,0.3357825212687756,0.5068839739316342,4.2563776737200236e-07,-119.27688507905955
386,873.5308963067681,135.04228221193503,883.907599688742,0.15337940621193985,130.29840300874122,9.335975409443256e-14,0.15270842719130853,1.7437260011302587,5.235072151841803e-07,-118.94810185745122
387,-12.628616844174756,85.89212883130908,86.81555021176315,1.7167791988264096,81.54093489522464,7.01304314086458e-09,-2.0641869177363987,0.8813102137961963,9.360335265969763e-05,-80.57367625897203
388,-584.4329110728862,-599.8212659192336,837.4648521544532,3.9399842175072894,134.81185282823685,3.3022862571679505e-14,8.540276406877217,2.4150488757922237,1.6417970185970703e-07,-119.88448597058677
389,-709.5058877478817,16.74584338569927,709.7034789400487,3.1179949143273253,130.0114325280555,9.973710249560008e-14,-3.7116064162065125,3.707905348716782,1.7953012523428672e-06,-113.74367957311583
390,300.0169450483578,796.5841088472638,851.2087932958275,1.210597962140464,138.67725763752452,1.3560454200519594e-14,16.444060847328572,0.4463726152919373,7.827653967021108e-09,-119.99973390651337
391,-739.3752345901801,-96.3168063525011,745.6223338334421,3.2711310261632884,136.24749597077871,2.3727413724120472e-14,8.426286229990744,1.9101519692450006,1.1152668936530985e-07,-119.94631475923694
392,-837.0690630868119,-538.0253494028556,995.0657731914498,3.712853648837813,139.15958717812498,1.2135041955336728e-14,15.977859115900774,1.3365304690166744,2.339411115881154e-08,-119.99762382405294
393,-582.8276001326825,-718.2547456298179,924.974535377151,4.0307054001841935,137.1312716679979,1.9358550386328865e-14,7.61916483804521,0.6070788031864618,3.513364784935385e-08,-119.99464249116052
394,41.94781082029658,-370.22019652779454,372.58906686817073,4.825212841153101,119.25705249011739,1.186573789803491e-12,8.101360442839844,0.9881390373265364,4.2354290417052287e-07,-119.2834307750559
395,-236.32833543971785,798.2015517202965,832.4522804944419,1.8586492594296595,135.0501058538855,3.1260031737509107e-14,-5.924507491634305,0.20318049293736473,7.105621853617875e-08,-119.97812770169169
396,586.1572560147832,768.2519129971779,966.3287901136981,0.9190425946544839,132.3561396369256,5.812808777389928e-14,4.44527392615853,1.0018206125762494,1.447835713044864e-07,-119.90990301787862
397,-421.21229095689034,-52.70808968542864,424.4972753404187,3.2660798435770526,125.8265222275782,2.6142539762131855e-13,-8.456577662976946,1.5409774521895776,2.0859267611647197e-06,-112.7155770780316
398,426.4128318831732,-503.0826263806204,659.4846716646645,5.415488067181825,124.92184592130828,3.2197000020547263e-13,-10.603223679167304,1.3902350370929502,2.6739736137613065e-06,-110.88835203501148
399,-708.5969295802182,184.8784985988324,732.3180100575646,2.8863744216247893,133.7760785191743,4.1917188735872034e-14,7.850150980132972,1.617580836773836,1.3413883133491125e-07,-119.92255111870953
400,375.14947672954236,15.8266660042922,375.48317305474666,0.04216262473511352,116.23044807222668,2.382073692318022e-12,4.822599927309682,1.0876715728957531,9.634859325665668e-07,-117.14824240603804
401,-358.5060749640852,13.196225443774745,358.7488622311118,3.104800333009218,112.29143953844647,5.90005481013343e-12,4.888719302993424,1.189654194706423,1.6459354464136685e-06,-114.30731048541915
402,-382.5681739345467,716.980515600439,812.6619638313861,2.060947531811236,137.3007117924121,1.8617819725541642e-14,-2.8835546010514883,1.2680724746300194,2.411494168730322e-07,-119.75451515507565
403,-46.93781294705721,-180.38578970781322,186.39257338414626,4.45782616770946,105.64590141083956,2.7252720295285713e-11,-8.737394731560338,1.2204945441692907,1.7422501413194087e-05,-95.16350586257948
404,-85.1364176724875,811.7943831360054,816.2464885714803,1.6752887144536122,125.90746148818776,2.5659834513724014e-13,-7.605670550769467,1.0964191137295827,1.333174662280574e-06,-115.56368655433494
405,656.9870831361557,370.6384462383958,754.324124788387,0.5136410460333555,127.58347525095522,1.7444256941784806e-13,-18.090497393342215,0.38693434094576373,1.297144572352973e-06,-115.7144666331363
406,149.62520415799358,-816.5010587657923,830.0973922889898,4.893629771422292,135.495497126039,2.82130661668953e-14,14.301806635470381,2.131075538764893,6.898166236181783e-08,-119.97938324178678
407,977.6046477441718,-115.016051665388,984.3472656698455,6.166072788997123,136.8743509287334,2.0538319572962373e-14,-16.842231372373007,1.7368535086858092,1.7304426577328229e-06,-113.98544990387364
408,600.5647997274999,-647.6424735777915,883.2433709084335,5.460088781494537,133.06229088010738,4.940500095087223e-14,-4.272313216530081,2.1159144147593776,7.691290483718428e-07,-117.98177122660232
409,-556.4576908194839,-646.1355359880856,852.7228697172153,4.0014234434415155,129.87481890213596,1.0292434450557066e-13,-11.214504035566565,0.5752417882345353,6.711733199363323e-07,-118.38490163758821
410,355.5156952811179,540.7027706114511,647.1096473845188,0.9891620750857155,130.51073102919173,8.890514550609107e-14,-1.0982514522289974,1.217136129125483,4.1182734045122503e-07,-119.31961987480825
411,221.7563232954314,191.66266732224426,293.104836136467,0.7127341769429022,112.64764025542968,5.435455874549827e-12,5.553462711023535,0.9565397745995954,1.1766515876638484e-06,-116.22601041555052
412,-419.55228640320115,-256.8197150938991,491.91512183207504,3.690882130331566,128.64290056485444,1.3668156522030375e-13,-3.060019549600947,0.5668917343747327,2.980959488670068e-07,-119.63027479477078
413,-355.2866747151308,-640.2954846802079,732.2615167629646,4.205807428197919,130.2768937930525,9.382328198094549e-14,-1.0663799821996731,0.5147704652923272,1.7827396796018976e-07,-119.86412218046661
414,260.06332406003,419.526034557244,493.5939892183434,1.015874325220775,129.24519329421366,1.1898183719767646e-13,2.997479719261506,2.3736149484700255,5.797978728990839e-07,-118.74139722125105
415,797.6832596977209,589.79028322366,992.043930976359,0.6366689698557138,134.68350587466338,3.401335035318772e-14,14.440353269032697,1.74857985777004,6.116352602591154e-08,-119.98378345766301
416,-726.0689455818797,-575.6644847910514,926.588211012923,3.8119592184048585,133.70081806492513,4.2649917311643573e-14,4.720387546309038,1.7692457723403583,2.1219145264624264e-07,-119.8087323151408
417,-252.8156794013805,539.607368460991,595.8958632584869,2.00894253296567,127.71710871811808,1.691566704298522e-13,-6.51565036209269,0.5275209868806043,4.59374437323614e-07,-119.16846936638024
418,32.51279011938825,-652.8215744734964,653.6306981923371,4.762151350208893,131.5960230971814,6.924647815617767e-14,6.544540298661042,1.6334049554243015,2.0233252393051684e-07,-119.82574949174725
419,-227.00056981066018,-711.9026539739533,747.217938375092,4.403716290836119,126.61111700574807,2.1821685857281397e-13,12.926508243461603,1.6366455619264941,1.7261294995060373e-07,-119.87249123944393
420,-256.45641746149556,-450.00704122453277,517.9538890758937,4.194400285974142,126.70910221046651,2.1334859096205115e-13,-9.396275339934316,1.622730147398162,2.2110825703785322e-06,-112.29966843077867
421,342.503312991827,653.3122533241223,737.6485746978838,1.087932213843804,131.98699273651764,6.328499153527638e-14,1.5398054324084616,1.5771208839637916,3.322959699111116e-07,-119.54512485443446
422,-588.7442083077626,-773.3305296013493,971.9361351598353,4.06168872642868,138.14417218270185,1.53314341401015e-14,-2.7264436335895317,1.89488398890686,3.2114132781903086e-07,-119.57372614542892
423,-196.22551799677828,-673.4301193791969,701.4360837597274,4.428857099133598,126.914571818028,2.0348988118084768e-13,-6.848623815616034,0.6208470523146602,6.161510932248489e-07,-118.60233539601559
424,40.259446393035624,-162.73447898217862,167.640489361833,4.954912932173441,101.35580516716121,7.318456289373548e-11,-5.06825725752707,0.5803481408001486,8.898385202226604e-06,-100.9592712765089
425,-770.687856663064,570.6363197706503,958.9502499344267,2.5042479595581164,138.06975378911773,1.5596409197187566e-14,-9.75453737002712,0.43121698382259527,1.655522305676337e-07,-119.88257250931508
426,154.7950458010365,66.15266663928607,168.3379978140215,0.40386491692607246,111.45660720800484,7.150547224297703e-12,-29.248843108054587,1.6405318759111636,0.00012723203345716943,-77.90780236142379
427,405.54921989253705,-306.534973807428,508.36390501545833,5.635949764245088,126.92150401938348,2.0316533006109918e-13,4.673867920314117,0.8439831162311042,2.2210849109561512e-07,-119.79087007618624
428,167.08542828029903,-117.61122704858786,204.32802321631127,5.669847510123483,112.12267815604612,6.133836343188992e-12,-6.7183422095446845,1.5948486558272534,8.560569931353526e-06,-101.29108474718109
429,468.05802635568887,-794.3202970887409,921.9669464807988,5.244871046726835,136.6601577873832,2.1576660156493258e-14,0.06394050300482682,1.3659883115020712,1.9917832171567782e-07,-119.83103650498315
430,241.09421381495176,138.75676022304745,278.17235384316314,0.5222318973998091,117.41308784875599,1.8142252836570198e-12,4.11385117654725,1.3521873632029753,1.1342007279222665e-06,-116.40845643826823
431,-760.3803692347321,553.3193825766223,940.3938776132702,2.5125250572565605,136.70564392830568,2.1351854786857113e-14,6.186092806877924,0.8917802965400164,6.392504403018938e-08,-119.98228910382198
432,226.90002244296508,879.0143926358678,907.8270334406337,1.318180617114592,139.87217989162593,1.0298690596559945e-14,6.085027909977404,1.7815515382500924,8.973006873550058e-08,-119.96517286161755
433,-62.814781479883436,136.99053062214847,150.70534911708776,2.0007242159693344,109.11166121344368,1.2269698149645668e-11,-5.542166229671464,0.9529982016547727,6.318548623914892e-06,-103.88021322158103
434,170.30228871764163,609.3775458058773,632.7273211067,1.2982798512148912,129.6775137384357,1.0770816479694138e-13,1.755142685240166,1.5122562882541415,4.0550160534105477e-07,-119.33886035245203
435,-554.1349303325294,-669.5468645333041,869.1136432141748,4.02102795855687,136.1103692235535,2.448855039016173e-14,-8.288261281060002,1.4954376163196763,6.076631541918723e-07,-118.63515820262774
436,-819.5663930004966,323.2075602651891,880.9950054049231,2.765954235888244,134.7003789814511,3.388145886331676e-14,0.6722396129861327,0.4953586426066082,8.438957794809744e-08,-119.96918089131704
437,-374.649300781385,-631.5311396517645,734.2980858791865,4.176955167759517,136.21803654481405,2.3888910618675067e-14,-10.2832349580659,0.9699662750367861,4.897974898771593e-07,-119.06612786197346
438,-564.5378224771414,580.8374997256697,809.9846628762792,2.3419645895270746,130.58834534118316,8.733040332129434e-14,2.5643635223000554,1.8340136883101952,4.034290147122358e-07,-119.34511795526953
439,-719.724024648493,76.77734939988727,723.8075939343943,3.035318467105043,128.50734810777524,1.4101496021912068e-13,-1.3038663149004288,1.7710783834474404,7.727939131706322e-07,-117.96637861859443
440,-258.56717149977067,546.9895716004593,605.0244405121547,2.0123741694017476,124.02626476590869,3.957068090852901e-13,-2.967846290143324,1.9791717284948736,1.7521147869303882e-06,-113.90415597101062
441,-625.4534127444614,57.894595275931074,628.127181131224,3.049291469399082,133.05406545935253,4.949866136188748e-14,-13.862188475609502,1.4043960635878803,1.5413304359675494e-06,-114.71636218955015
442,783.5239550148356,-300.65074221465494,839.2262250885115,5.9167951223794555,134.40834073660392,3.6238142324296735e-14,7.978441844626532,2.4005440137035934,1.8237720011255464e-07,-119.85789776313139
443,-130.25751207559236,-807.6403614306405,818.0769969042882,4.552484379946308,129.5055482691492,1.1205859503606965e-13,-0.10475075447121439,1.398840873988977,4.7394553713642005e-07,-119.11997101592854
444,-407.04996150575676,143.83015915425008,431.7137776862987,2.801938610663508,125.2389474078741,2.99298995457629e-13,1.1914736373441606,0.16142583503271146,7.699313248447713e-08,-119.97433127945364
445,-177.55064060184262,148.46130600159884,231.44111423389117,2.4451866340290103,115.80847800625034,2.62513836722044e-12,-5.2979688838737,1.1221735494938183,3.3460665292246527e-06,-109.13776843438836
446,-285.0127537265643,595.7800509773178,660.443895368361,2.0170035960535446,133.96813709775049,4.0103870592749716e-14,9.248276699997517,1.25733050364649,8.682179532516803e-08,-119.9673855475104
447,427.10543719650934,-440.0007527953284,613.20446585399,5.482916571754049,131.67675109286833,6.797119271536739e-14,4.035044913421658,1.7972601489046478,2.9445649915819707e-07,-119.63888482627266
448,469.0586304695208,-73.39988008479253,474.76682825825606,6.127960754977285,122.31810571300068,5.863938795028907e-13,-7.470652739671244,1.044085664266925,1.889572170661556e-06,-113.4003790321246
449,-572.4685015840045,-307.8343376717242,649.98628043646,3.634967891436777,132.8665154034795,5.168308863507614e-14,6.08470216092947,0.7047865679554745,7.952372967449333e-08,-119.97262159443454
450,-455.0104284105896,814.4880491970694,932.9658473101981,2.08025324026548,133.8880564736999,4.085021556504019e-14,-2.516320790602634,1.9509980234426,5.268294512534592e-07,-118.93622341616746
451,-111.09176053217308,219.9016317595275,246.36985795474357,2.038586061164242,91.52883981158472,7.032601660016699e-10,-0.9951178852593788,0.6846582499483169,2.0360467671339123e-05,-93.81378130735469
452,-28.4957150249461,245.9626698133993,247.60783654100737,1.6861359479245235,113.4245865997747,4.545077992568125e-12,8.96505188312638,1.7666063353170616,1.3417075369583702e-06,-115.52814187925168
453,-254.14238952758845,363.951890097839,443.90239069032054,2.180370807442042,123.04312193253135,4.962354735755635e-13,5.81100424480699,1.0078364628328065,3.6365013900305846e-07,-119.46060960288307
454,652.3117689141493,-478.00955172627266,808.7049989986823,5.650787882048501,137.19074956125215,1.9095236599807503e-14,-7.673456489566143,0.6474436111064789,2.1643988578174858e-07,-119.80117109061204
455,100.49269565652364,-413.5912773710098,425.6248660472016,4.950745839246788,123.77607222015511,4.1917249532722557e-13,5.0472271309680545,1.0968464541946261,3.971740524200676e-07,-119.36386250197876
456,-233.67010929589372,-934.9027802582933,963.6622481518312,4.4674662768191045,138.071253932843,1.5591022802482345e-14,6.059562362648527,0.3210647010000662,1.9955000616164885e-08,-119.99827097469966
457,-155.4740203167452,-730.3033608304505,746.6693845563128,4.502630810510919,125.22006299822417,3.0060326971708427e-13,-7.336879575792096,1.704477706268077,2.1748642482120793e-06,-112.41842763318552
458,7.294249972502844,995.310160488669,995.3368885229972,1.5634678379698943,129.5116751278002,1.1190061856216683e-13,3.241667901787709,0.5531093129812958,1.2739248798132843e-07,-119.93008481657324
459,598.5356470004402,-152.57730498916766,617.6769015658535,6.033583642868717,126.84644518019634,2.0670714183622594e-13,6.768838949975389,0.47738107427685256,9.956369160831632e-08,-119.95716068020313
460,361.9064171436733,168.81985009944208,399.3449593488925,0.4364687459854379,125.11834373413662,3.0772701673825837e-13,-1.952247997194627,2.376344200767317,1.6504583121914607e-06,-114.28988853578088
461,-492.62609863080485,145.2431371007308,513.5913180020367,2.8548816217778534,124.24205746492365,3.7652537827546384e-13,-1.7259282829551323,2.1953757664847893,1.643245330567004e-06,-114.31768320456023
462,783.6495718188638,-571.6107472867253,969.9719056888076,5.652985125551737,131.8048207292926,6.599604759496717e-14,-3.9242550761313555,0.8690658874387414,3.507715975278016e-07,-119.49604498960898
463,403.24937563602106,22.074585407973455,403.8531246279701,0.05468718931931631,120.11801196125721,9.731926132397363e-13,-14.286176771214667,0.7991593113561858,4.083585043235961e-06,-107.5262419368849
464,-100.56618720024542,121.65286550889346,157.8384544226144,2.2615863682002786,103.70193707975163,4.263892943504209e-11,6.242578012685236,1.1422331048418326,3.635205680640997e-06,-108.47261680169413
465,-760.451309951391,-302.84724172183985,818.536893869368,3.520586671295071,130.53701337514656,8.836873996086766e-14,6.089065890386311,0.8401709643637605,1.2389783151000734e-07,-119.93383939134117
466,837.1250020191451,241.8236660129936,871.3535186418412,0.28121847988423476,133.8851631122987,4.087743990760742e-14,-1.5807178329909435,0.9707162833459346,2.3543447137254847e-07,-119.76570816287435
467,259.38263302229706,76.86734374727538,270.532694601487,0.2881023365682231,114.0886814066882,3.900603977964539e-12,-17.177510911892725,1.3882671674232434,1.9811370864844145e-05,-94.05065841518066
468,-854.1545956580213,-473.0935438560802,976.4207978745756,3.6474048496443388,131.3873136002475,7.26555241126575e-14,-10.547958677720107,1.3630658330816292,1.237511050433538e-06,-115.96633459766625
469,187.29057683232284,-128.8820136319561,227.35068420396703,5.680463951000825,111.65620506253173,6.8293519362731386e-12,8.969733848353764,0.6920199051491044,6.43904768135581e-07,-118.49362247575685
470,159.23945852749284,-524.2786384838444,547.9281850047529,5.007264807697988,99.1333960564116,1.2208446218558266e-10,0.38110110692619514,1.1578811568749463,1.2244445660272908e-05,-98.21234644404635
471,740.0108870527804,-415.740829117033,848.7971194293492,5.771324970255908,129.08843528503104,1.233549187300657e-13,10.18528596657639,1.4497922007439614,1.5762303900024473e-07,-119.89341803871619
472,-169.7480474434576,-195.23894262014366,258.71344055981723,3.996718152665982,107.94393147735995,1.605487217851546e-11,-0.25605261644204963,2.601377812057622,1.0735183902306518e-05,-99.34628806322294
473,202.4425050003574,-83.30178681527718,218.91129600237082,5.892818573249591,104.19782989140892,3.8037941909944594e-11,-7.348265560661377,1.0887976600628233,1.564836481202166e-05,-96.09292124908313
474,25.363761274230757,-37.797677639428365,45.51905997393082,5.303413308011934,75.66573353521824,2.712855404779417e-08,-5.6773184396828125,0.6717131991105174,0.0002126978634602241,-73.44464145482311
475,311.4023272686277,-599.5319775780223,675.581232396913,5.191442981365647,124.18546129037284,3.814642745053511e-13,-5.019373717976209,1.0942555225409878,1.2045209790912496e-06,-116.10679584330413
476,-1.4158667620815828,-760.7187027839407,760.7200204043334,4.710527760038747,125.06397963827598,3.1160329124675617e-13,11.625144566670693,0.9687266183056771,1.418224628797141e-07,-119.91351457774499
477,-525.2159835471759,722.4662730278274,893.2017381511002,2.1993988200659147,132.23671870376066,5.974865448855515e-14,2.032662080670204,1.8679174122792308,3.613171960460992e-07,-119.46710181050847
478,-392.3451248236085,-600.5500461059933,717.3528105826056,4.133690652262457,132.64308485793435,5.4411602188635796e-14,9.429464210533004,1.5952370086958976,1.2566020476653827e-07,-119.93195858681904
479,424.98362874979455,803.6453812793491,909.0967954827327,1.0843595427172006,130.26015684645697,9.418555805763903e-14,1.327769711297467,1.7319856277154353,4.5619230562330376e-07,-119.17893010471717
480,-85.52464700836717,725.6135461169274,730.6363552098186,1.6881203123374509,127.77827405679741,1.6679099301268189e-13,12.976409169517915,1.3757420156642055,1.261254822132263e-07,-119.93145774778655
481,-655.7689617325806,-142.02177814844273,670.9717703750823,3.354871720680615,129.37566801392225,1.15460437453079e-13,4.358945599247922,1.043581693664019,2.1468206868548555e-07,-119.80431617634585
482,242.63323537542823,-538.6332009573628,590.7593520904453,5.135626185266182,124.34828339566698,3.674275022064841e-13,15.846683629670498,0.7604863913800144,7.436063600954204e-08,-119.97605181837062
483,525.1293392585432,-501.5138288388867,726.1383776297423,5.520785735030754,129.87043770874,1.0302822770122555e-13,4.131431035045687,1.4669773254112104,2.926374905560043e-07,-119.64315483403058
484,346.0724309161598,-649.461185462898,735.9116515337239,5.201978374039999,128.79232151859804,1.3205895251245483e-13,1.4188405306690455,0.7097834996501741,2.1906237741182691e-07,-119.79643555454031
485,-100.35228701422727,-283.0979655145687,300.3581854843876,4.3717295361191555,110.9426862233193,8.0488044789955e-12,-9.51876874427504,0.20847137869924287,1.7694999903631598e-06,-113.83931115564818
486,404.70907749154185,-390.91223531419325,562.6738070342301,5.515126371954415,123.66747027290585,4.297867008332487e-13,-1.5146571927683927,1.0512267913204714,8.20456890401068e-07,-117.76465249691864
487,-557.8697442816004,553.0791476179874,785.5667986331001,2.3605066300265984,136.2815608958233,2.354203008792171e-14,9.387067230662364,1.7344433391447454,9.030851699222548e-08,-119.96472420996268
488,-875.1402073331778,-356.7407165032368,945.0578401888428,3.528666428810966,134.7223336293846,3.3710612004725686e-14,14.640564560067531,3.2443111703749636,1.1040216559480452e-07,-119.94738541961658
489,-352.25574490800324,-69.75150275909849,359.09522686586183,3.337077689624144,119.72073390295569,1.0664158951526958e-12,-5.390033074992423,0.04038637408596491,7.757107718616747e-08,-119.97394562941354
490,978.6450459927863,31.049260816589445,979.1374687159508,0.031716145996200984,138.6616496323172,1.3609276469627138e-14,-7.506896257388852,2.0972581818889293,5.806497302397331e-07,-118.7381853669454
491,423.01124518555855,-816.4189539438893,919.4990059332697,5.190435257953483,130.4246070849274,9.068580061654228e-14,-5.979315324992747,1.676672265509673,1.005040568825041e-06,-116.96780922344504
492,283.7423169668413,-484.9131203955534,561.8277643277021,5.241810737899835,129.46521992653035,1.13104011206304e-13,17.816341096809957,0.4923234526828882,2.128984371990221e-08,-119.99803197390243
493,-225.75595015588223,-161.76138274093228,277.7273734744985,3.763328024603416,119.07577144582744,1.2371514127782286e-12,-1.5453583401936704,3.380656343617884,4.492420186555816e-06,-106.74036334575445
494,-415.70593438316826,41.79211266423702,417.80139368164305,3.0413964301481857,126.45925593167863,2.2598229081366685e-13,5.2397280548589436,1.0194727099339345,2.6511018049781883e-07,-119.70501207223334
495,306.18276123946686,883.4991914022537,935.0501080095444,1.2371921234563277,134.17762193221094,3.8215346946612063e-14,-1.4907877328364076,1.0917033251135686,2.5337451075453817e-07,-119.72977299318674
496,154.9162132335488,-568.6962611322388,589.4187565291843,4.978341875389967,121.04178997605175,7.867214699324422e-13,13.451375187862547,0.8006391344759142,1.5093103701186907e-07,-119.90217697440315
497,312.60418182666456,-747.3172390359325,810.0644605559532,5.108572581052919,126.87473364980671,2.0536509717737688e-13,0.246299345579097,0.43808353341261785,1.9297687955011604e-07,-119.84120711660516
498,-588.7493747822843,8.566956367089409,588.8117008415562,3.1270425713817236,130.60251568602385,8.704592233231803e-14,6.763079167914315,2.2623273909541712,3.0639079325455786e-07,-119.61032176821084
499,-858.0239641375947,428.855864412193,959.2301472926722,2.678090615365666,129.05493680884672,1.2431007232024276e-13,-0.38228488035554464,0.6560798840487967,2.4172642310252506e-07,-119.7533717644307
